2025-12-03 23:25:31 [INFO] pet_follower - Loading YOLO model from yolov8n.pt
2025-12-03 23:25:32 [INFO] pet_follower - Motion controller initialized
2025-12-03 23:25:32 [INFO] pet_follower - Pet follower starting up
2025-12-03 23:25:32 [INFO] pet_follower - Picamera2 started with resolution 640x480 format=RGB888
2025-12-03 23:26:20 [INFO] pet_follower - Pet follower interrupted by user
2025-12-03 23:26:21 [INFO] pet_follower - Camera stopped
2025-12-03 23:26:21 [INFO] pet_follower - Pet follower stopped
2025-12-03 23:33:00 [INFO] pet_follower - Loading YOLO model from yolov8n.pt
2025-12-03 23:33:01 [INFO] pet_follower - Motion controller initialized
2025-12-03 23:33:01 [INFO] pet_follower - Pet follower starting up
2025-12-03 23:33:02 [INFO] pet_follower - Picamera2 started with resolution 640x480 format=RGB888
2025-12-03 23:33:30 [WARNING] pet_follower - Obstacle 5.2 cm ahead - backing up
2025-12-03 23:33:53 [INFO] pet_follower - Pet follower interrupted by user
2025-12-03 23:33:53 [INFO] pet_follower - Camera stopped
2025-12-03 23:33:53 [INFO] pet_follower - Pet follower stopped
2025-12-03 23:36:56 [INFO] pet_follower - Loading YOLO model from yolov8n.pt
2025-12-03 23:36:56 [INFO] pet_follower - Motion controller initialized
2025-12-03 23:36:56 [INFO] pet_follower - Pet follower starting up
2025-12-03 23:36:57 [INFO] pet_follower - Picamera2 started with resolution 640x480 format=RGB888
2025-12-03 23:37:15 [WARNING] pet_follower - Obstacle 3.4 cm ahead - backing up
2025-12-03 23:37:16 [WARNING] pet_follower - Obstacle 3.4 cm ahead - backing up
2025-12-03 23:37:16 [WARNING] pet_follower - Obstacle 2.8 cm ahead - backing up
2025-12-03 23:37:17 [WARNING] pet_follower - Obstacle 3.4 cm ahead - backing up
2025-12-03 23:37:44 [WARNING] pet_follower - Obstacle 3.4 cm ahead - backing up
2025-12-03 23:37:44 [WARNING] pet_follower - Obstacle 3.7 cm ahead - backing up
2025-12-03 23:37:46 [WARNING] pet_follower - Obstacle -2.0 cm ahead - backing up
2025-12-03 23:37:46 [WARNING] pet_follower - Obstacle 6.3 cm ahead - backing up
2025-12-03 23:37:47 [WARNING] pet_follower - Obstacle 2.4 cm ahead - backing up
2025-12-03 23:37:47 [WARNING] pet_follower - Obstacle 2.8 cm ahead - backing up
2025-12-03 23:37:48 [WARNING] pet_follower - Obstacle 2.8 cm ahead - backing up
2025-12-03 23:37:48 [WARNING] pet_follower - Obstacle 2.7 cm ahead - backing up
2025-12-03 23:37:49 [WARNING] pet_follower - Obstacle 2.8 cm ahead - backing up
2025-12-03 23:37:49 [WARNING] pet_follower - Obstacle 2.1 cm ahead - backing up
2025-12-03 23:37:50 [WARNING] pet_follower - Obstacle 4.7 cm ahead - backing up
2025-12-03 23:37:51 [WARNING] pet_follower - Obstacle 3.7 cm ahead - backing up
2025-12-03 23:37:51 [WARNING] pet_follower - Obstacle 4.7 cm ahead - backing up
2025-12-03 23:37:58 [WARNING] pet_follower - Obstacle 7.0 cm ahead - backing up
2025-12-03 23:38:05 [WARNING] pet_follower - Obstacle 4.0 cm ahead - backing up
2025-12-03 23:38:05 [WARNING] pet_follower - Obstacle 5.0 cm ahead - backing up
2025-12-03 23:38:06 [WARNING] pet_follower - Obstacle 4.0 cm ahead - backing up
2025-12-03 23:38:06 [WARNING] pet_follower - Obstacle 3.4 cm ahead - backing up
2025-12-03 23:38:07 [WARNING] pet_follower - Obstacle 3.1 cm ahead - backing up
2025-12-03 23:38:07 [WARNING] pet_follower - Obstacle 3.1 cm ahead - backing up
2025-12-03 23:38:12 [WARNING] pet_follower - Obstacle 4.0 cm ahead - backing up
2025-12-03 23:38:13 [WARNING] pet_follower - Obstacle 4.0 cm ahead - backing up
2025-12-03 23:38:14 [WARNING] pet_follower - Obstacle 8.6 cm ahead - backing up
2025-12-03 23:38:15 [WARNING] pet_follower - Obstacle 3.7 cm ahead - backing up
2025-12-03 23:38:16 [WARNING] pet_follower - Obstacle 4.3 cm ahead - backing up
2025-12-03 23:38:20 [WARNING] pet_follower - Obstacle -2.0 cm ahead - backing up
2025-12-03 23:38:35 [WARNING] pet_follower - Obstacle 7.7 cm ahead - backing up
2025-12-03 23:38:38 [WARNING] pet_follower - Obstacle 4.7 cm ahead - backing up
2025-12-03 23:38:38 [WARNING] pet_follower - Obstacle 7.0 cm ahead - backing up
2025-12-03 23:38:46 [WARNING] pet_follower - Obstacle -2.0 cm ahead - backing up
2025-12-03 23:38:55 [WARNING] pet_follower - Obstacle 6.0 cm ahead - backing up
2025-12-03 23:38:56 [WARNING] pet_follower - Obstacle 7.3 cm ahead - backing up
2025-12-03 23:38:57 [WARNING] pet_follower - Obstacle 2.8 cm ahead - backing up
2025-12-03 23:39:02 [WARNING] pet_follower - Obstacle 10.0 cm ahead - backing up
2025-12-03 23:39:18 [WARNING] pet_follower - Obstacle 9.6 cm ahead - backing up
2025-12-03 23:39:20 [WARNING] pet_follower - Obstacle 7.6 cm ahead - backing up
2025-12-03 23:39:21 [WARNING] pet_follower - Obstacle 3.1 cm ahead - backing up
2025-12-03 23:39:21 [WARNING] pet_follower - Obstacle 2.1 cm ahead - backing up
2025-12-03 23:39:22 [WARNING] pet_follower - Obstacle 2.8 cm ahead - backing up
2025-12-03 23:39:22 [WARNING] pet_follower - Obstacle 6.7 cm ahead - backing up
2025-12-03 23:39:23 [WARNING] pet_follower - Obstacle 5.7 cm ahead - backing up
2025-12-03 23:39:23 [WARNING] pet_follower - Obstacle 7.0 cm ahead - backing up
2025-12-03 23:39:24 [WARNING] pet_follower - Obstacle 6.3 cm ahead - backing up
2025-12-03 23:39:25 [WARNING] pet_follower - Obstacle 9.7 cm ahead - backing up
2025-12-03 23:39:37 [WARNING] pet_follower - Obstacle -2.0 cm ahead - backing up
2025-12-03 23:39:44 [WARNING] pet_follower - Obstacle -2.0 cm ahead - backing up
2025-12-03 23:40:14 [WARNING] pet_follower - Obstacle 9.6 cm ahead - backing up
2025-12-03 23:40:30 [INFO] pet_follower - Pet follower interrupted by user
2025-12-03 23:40:31 [INFO] pet_follower - Camera stopped
2025-12-03 23:40:31 [INFO] pet_follower - Pet follower stopped
2025-12-03 23:50:36 [INFO] pet_follower - Loading YOLO model from yolov8n.pt
2025-12-03 23:50:36 [INFO] pet_follower - Motion controller initialized
2025-12-03 23:50:36 [INFO] pet_follower - Pet follower starting up
2025-12-03 23:50:37 [INFO] pet_follower - Picamera2 started with resolution 640x480 format=RGB888
2025-12-03 23:50:43 [INFO] pet_follower - Search timeout exceeded - request chassis turn
2025-12-03 23:50:50 [INFO] pet_follower - Search timeout exceeded - request chassis turn
2025-12-03 23:50:53 [WARNING] pet_follower - Obstacle 5.7 cm ahead - backing up
2025-12-03 23:50:53 [WARNING] pet_follower - Obstacle 4.7 cm ahead - backing up
2025-12-03 23:50:54 [WARNING] pet_follower - Obstacle 4.7 cm ahead - backing up
2025-12-03 23:50:55 [WARNING] pet_follower - Obstacle 6.0 cm ahead - backing up
2025-12-03 23:50:55 [WARNING] pet_follower - Obstacle 4.0 cm ahead - backing up
2025-12-03 23:50:56 [WARNING] pet_follower - Obstacle 4.0 cm ahead - backing up
2025-12-03 23:50:56 [WARNING] pet_follower - Obstacle 6.7 cm ahead - backing up
2025-12-03 23:50:57 [WARNING] pet_follower - Obstacle -2.0 cm ahead - backing up
2025-12-03 23:50:57 [WARNING] pet_follower - Obstacle 4.4 cm ahead - backing up
2025-12-03 23:50:58 [WARNING] pet_follower - Obstacle 4.1 cm ahead - backing up
2025-12-03 23:50:59 [WARNING] pet_follower - Obstacle 4.4 cm ahead - backing up
2025-12-03 23:50:59 [WARNING] pet_follower - Obstacle 2.4 cm ahead - backing up
2025-12-03 23:51:00 [WARNING] pet_follower - Obstacle 2.8 cm ahead - backing up
2025-12-03 23:51:00 [WARNING] pet_follower - Obstacle 3.8 cm ahead - backing up
2025-12-03 23:51:01 [INFO] pet_follower - Search timeout exceeded - request chassis turn
2025-12-03 23:51:08 [INFO] pet_follower - Search timeout exceeded - request chassis turn
2025-12-03 23:51:15 [INFO] pet_follower - Search timeout exceeded - request chassis turn
2025-12-03 23:51:22 [INFO] pet_follower - Search timeout exceeded - request chassis turn
2025-12-03 23:51:29 [INFO] pet_follower - Target acquired conf=0.37 dist=34.2cm offset=9.1
2025-12-03 23:51:29 [INFO] pet_follower - Target lost - entering search mode
2025-12-03 23:51:31 [INFO] pet_follower - Target acquired conf=0.38 dist=33.5cm offset=13.2
2025-12-03 23:51:33 [INFO] pet_follower - Target lost - entering search mode
2025-12-03 23:51:33 [INFO] pet_follower - Target acquired conf=0.31 dist=32.6cm offset=131.3
2025-12-03 23:51:34 [INFO] pet_follower - Target lost - entering search mode
2025-12-03 23:51:39 [INFO] pet_follower - Target acquired conf=0.43 dist=36.7cm offset=12.8
2025-12-03 23:51:40 [INFO] pet_follower - Target lost - entering search mode
2025-12-03 23:51:45 [INFO] pet_follower - Target acquired conf=0.61 dist=35.5cm offset=34.5
2025-12-03 23:51:45 [INFO] pet_follower - Target lost - entering search mode
2025-12-03 23:51:50 [INFO] pet_follower - Search timeout exceeded - request chassis turn
2025-12-03 23:51:57 [INFO] pet_follower - Search timeout exceeded - request chassis turn
2025-12-03 23:52:05 [INFO] pet_follower - Target acquired conf=0.72 dist=38.1cm offset=126.3
2025-12-03 23:52:05 [INFO] pet_follower - Target lost - entering search mode
2025-12-03 23:52:10 [INFO] pet_follower - Target acquired conf=0.42 dist=36.3cm offset=149.2
2025-12-03 23:52:11 [INFO] pet_follower - Target lost - entering search mode
2025-12-03 23:52:15 [WARNING] pet_follower - Obstacle -2.0 cm ahead - backing up
2025-12-03 23:52:16 [WARNING] pet_follower - Obstacle -2.0 cm ahead - backing up
2025-12-03 23:52:16 [INFO] pet_follower - Target acquired conf=0.74 dist=31.5cm offset=150.6
2025-12-03 23:52:16 [INFO] pet_follower - Target lost - entering search mode
2025-12-03 23:52:17 [WARNING] pet_follower - Obstacle -2.0 cm ahead - backing up
2025-12-03 23:52:18 [WARNING] pet_follower - Obstacle -2.0 cm ahead - backing up
2025-12-03 23:52:22 [INFO] pet_follower - Target acquired conf=0.44 dist=63.9cm offset=214.1
2025-12-03 23:52:22 [INFO] pet_follower - Target lost - entering search mode
2025-12-03 23:52:27 [INFO] pet_follower - Search timeout exceeded - request chassis turn
2025-12-03 23:52:34 [INFO] pet_follower - Search timeout exceeded - request chassis turn
2025-12-03 23:52:37 [INFO] pet_follower - Target acquired conf=0.32 dist=111.9cm offset=29.9
2025-12-03 23:52:38 [INFO] pet_follower - Target lost - entering search mode
2025-12-03 23:52:38 [INFO] pet_follower - Target acquired conf=0.34 dist=99.2cm offset=-286.8
2025-12-03 23:52:39 [INFO] pet_follower - Target lost - entering search mode
2025-12-03 23:52:39 [INFO] pet_follower - Target acquired conf=0.32 dist=105.5cm offset=152.6
2025-12-03 23:52:39 [WARNING] pet_follower - Obstacle -2.0 cm ahead - backing up
2025-12-03 23:52:40 [WARNING] pet_follower - Obstacle -2.0 cm ahead - backing up
2025-12-03 23:52:40 [WARNING] pet_follower - Obstacle -2.0 cm ahead - backing up
2025-12-03 23:52:42 [INFO] pet_follower - Target lost - entering search mode
2025-12-03 23:52:43 [WARNING] pet_follower - Obstacle -2.0 cm ahead - backing up
2025-12-03 23:52:46 [INFO] pet_follower - Target acquired conf=0.55 dist=109.1cm offset=21.3
2025-12-03 23:52:48 [INFO] pet_follower - Target lost - entering search mode
2025-12-03 23:52:48 [INFO] pet_follower - Target acquired conf=0.42 dist=106.1cm offset=139.4
2025-12-03 23:52:48 [WARNING] pet_follower - Obstacle -2.0 cm ahead - backing up
2025-12-03 23:52:49 [INFO] pet_follower - Target lost - entering search mode
2025-12-03 23:52:54 [INFO] pet_follower - Target acquired conf=0.33 dist=110.1cm offset=15.1
2025-12-03 23:52:55 [INFO] pet_follower - Target lost - entering search mode
2025-12-03 23:52:56 [INFO] pet_follower - Target acquired conf=0.69 dist=108.3cm offset=132.6
2025-12-03 23:52:57 [INFO] pet_follower - Target lost - entering search mode
2025-12-03 23:53:00 [WARNING] pet_follower - Obstacle -2.0 cm ahead - backing up
2025-12-03 23:53:01 [INFO] pet_follower - Target acquired conf=0.40 dist=106.8cm offset=9.1
2025-12-03 23:53:03 [INFO] pet_follower - Target lost - entering search mode
2025-12-03 23:53:03 [INFO] pet_follower - Target acquired conf=0.54 dist=105.0cm offset=124.3
2025-12-03 23:53:03 [WARNING] pet_follower - Obstacle -2.0 cm ahead - backing up
2025-12-03 23:53:04 [WARNING] pet_follower - Obstacle -2.0 cm ahead - backing up
2025-12-03 23:53:04 [WARNING] pet_follower - Obstacle -2.0 cm ahead - backing up
2025-12-03 23:53:05 [WARNING] pet_follower - Obstacle -2.0 cm ahead - backing up
2025-12-03 23:53:06 [INFO] pet_follower - Target lost - entering search mode
2025-12-03 23:53:11 [INFO] pet_follower - Search timeout exceeded - request chassis turn
2025-12-03 23:53:17 [INFO] pet_follower - Target acquired conf=0.28 dist=114.6cm offset=-11.4
2025-12-03 23:53:18 [INFO] pet_follower - Target lost - entering search mode
2025-12-03 23:53:18 [INFO] pet_follower - Target acquired conf=0.36 dist=106.1cm offset=-282.0
2025-12-03 23:53:19 [INFO] pet_follower - Target lost - entering search mode
2025-12-03 23:53:24 [INFO] pet_follower - Target acquired conf=0.53 dist=93.4cm offset=5.2
2025-12-03 23:53:25 [INFO] pet_follower - Target lost - entering search mode
2025-12-03 23:53:25 [INFO] pet_follower - Target acquired conf=0.34 dist=102.0cm offset=-282.3
2025-12-03 23:53:25 [INFO] pet_follower - Target lost - entering search mode
2025-12-03 23:53:26 [INFO] pet_follower - Target acquired conf=0.37 dist=112.3cm offset=127.4
2025-12-03 23:53:26 [INFO] pet_follower - Target lost - entering search mode
2025-12-03 23:53:32 [INFO] pet_follower - Search timeout exceeded - request chassis turn
2025-12-03 23:53:32 [INFO] pet_follower - Pet follower interrupted by user
2025-12-03 23:53:33 [INFO] pet_follower - Camera stopped
2025-12-03 23:53:33 [INFO] pet_follower - Pet follower stopped
2025-12-03 23:57:31 [INFO] pet_follower - Loading YOLO model from yolov8n.pt
2025-12-03 23:57:31 [INFO] pet_follower - Motion controller initialized
2025-12-03 23:57:31 [INFO] pet_follower - Interaction behaviors disabled; focusing on pet tracking
2025-12-03 23:57:31 [INFO] pet_follower - Pet follower starting up
2025-12-03 23:57:32 [INFO] pet_follower - Picamera2 started with resolution 640x480 format=RGB888
2025-12-03 23:57:37 [INFO] pet_follower - Search timeout exceeded - request chassis turn
2025-12-03 23:57:44 [INFO] pet_follower - Search timeout exceeded - request chassis turn
2025-12-03 23:57:52 [INFO] pet_follower - Search timeout exceeded - request chassis turn
2025-12-03 23:57:57 [INFO] pet_follower - Target acquired conf=0.53 dist=107.8cm offset=194.6
2025-12-03 23:57:57 [WARNING] pet_follower - Obstacle -2.0 cm ahead - backing up
2025-12-03 23:57:58 [INFO] pet_follower - Target lost - entering search mode
2025-12-03 23:58:00 [INFO] pet_follower - Target acquired conf=0.26 dist=84.5cm offset=-129.1
2025-12-03 23:58:00 [INFO] pet_follower - Target lost - entering search mode
2025-12-03 23:58:01 [INFO] pet_follower - Target acquired conf=0.28 dist=109.9cm offset=-88.8
2025-12-03 23:58:01 [INFO] pet_follower - Target lost - entering search mode
2025-12-03 23:58:02 [INFO] pet_follower - Target acquired conf=0.33 dist=111.9cm offset=-86.9
2025-12-03 23:58:03 [INFO] pet_follower - Target lost - entering search mode
2025-12-03 23:58:09 [INFO] pet_follower - Search timeout exceeded - request chassis turn
2025-12-03 23:58:16 [INFO] pet_follower - Search timeout exceeded - request chassis turn
2025-12-03 23:58:23 [INFO] pet_follower - Search timeout exceeded - request chassis turn
2025-12-03 23:58:25 [WARNING] pet_follower - Obstacle -2.0 cm ahead - backing up
2025-12-03 23:58:26 [INFO] pet_follower - Target acquired conf=0.63 dist=87.5cm offset=41.9
2025-12-03 23:58:27 [INFO] pet_follower - Target lost - entering search mode
2025-12-03 23:58:27 [INFO] pet_follower - Target acquired conf=0.40 dist=49.5cm offset=-213.6
2025-12-03 23:58:29 [INFO] pet_follower - Target lost - entering search mode
2025-12-03 23:58:29 [INFO] pet_follower - Target acquired conf=0.42 dist=85.9cm offset=-242.8
2025-12-03 23:58:30 [INFO] pet_follower - Target lost - entering search mode
2025-12-03 23:58:30 [INFO] pet_follower - Target acquired conf=0.49 dist=87.4cm offset=-239.9
2025-12-03 23:58:33 [INFO] pet_follower - Target lost - entering search mode
2025-12-03 23:58:33 [INFO] pet_follower - Target acquired conf=0.63 dist=95.4cm offset=-233.2
2025-12-03 23:58:34 [INFO] pet_follower - Target lost - entering search mode
2025-12-03 23:58:35 [INFO] pet_follower - Target acquired conf=0.29 dist=104.5cm offset=-235.3
2025-12-03 23:58:36 [INFO] pet_follower - Target lost - entering search mode
2025-12-03 23:58:37 [INFO] pet_follower - Target acquired conf=0.64 dist=108.3cm offset=-237.6
2025-12-03 23:58:41 [INFO] pet_follower - Target lost - entering search mode
2025-12-03 23:58:42 [INFO] pet_follower - Target acquired conf=0.56 dist=57.2cm offset=-182.3
2025-12-03 23:58:45 [INFO] pet_follower - Target lost - entering search mode
2025-12-03 23:58:46 [INFO] pet_follower - Search timeout exceeded - request chassis turn
2025-12-03 23:58:50 [INFO] pet_follower - Target acquired conf=0.32 dist=126.0cm offset=63.8
2025-12-03 23:58:51 [INFO] pet_follower - Target lost - entering search mode
2025-12-03 23:58:55 [INFO] pet_follower - Target acquired conf=0.26 dist=127.4cm offset=43.8
2025-12-03 23:58:56 [INFO] pet_follower - Target lost - entering search mode
2025-12-03 23:58:56 [INFO] pet_follower - Target acquired conf=0.44 dist=115.9cm offset=-234.5
2025-12-03 23:58:59 [INFO] pet_follower - Target lost - entering search mode
2025-12-03 23:59:00 [INFO] pet_follower - Target acquired conf=0.31 dist=93.8cm offset=-179.0
2025-12-03 23:59:00 [INFO] pet_follower - Target lost - entering search mode
2025-12-03 23:59:01 [INFO] pet_follower - Target acquired conf=0.31 dist=123.2cm offset=-224.4
2025-12-03 23:59:02 [INFO] pet_follower - Target lost - entering search mode
2025-12-03 23:59:07 [INFO] pet_follower - Search timeout exceeded - request chassis turn
2025-12-03 23:59:09 [INFO] pet_follower - Pet follower interrupted by user
2025-12-03 23:59:09 [INFO] pet_follower - Camera stopped
2025-12-03 23:59:09 [INFO] pet_follower - Pet follower stopped
2025-12-03 23:59:43 [INFO] pet_follower - Loading YOLO model from yolov8n.pt
2025-12-03 23:59:43 [INFO] pet_follower - Motion controller initialized
2025-12-03 23:59:43 [INFO] pet_follower - Interaction behaviors disabled; focusing on pet tracking
2025-12-03 23:59:43 [INFO] pet_follower - Pet follower starting up
2025-12-03 23:59:44 [INFO] pet_follower - Picamera2 started with resolution 640x480 format=RGB888
2025-12-03 23:59:50 [INFO] pet_follower - Search timeout exceeded - request chassis turn
2025-12-03 23:59:57 [INFO] pet_follower - Search timeout exceeded - request chassis turn
2025-12-04 00:00:04 [INFO] pet_follower - Search timeout exceeded - request chassis turn
2025-12-04 00:00:07 [INFO] pet_follower - Target acquired conf=0.27 dist=112.2cm offset=132.9
2025-12-04 00:00:08 [INFO] pet_follower - Target lost - entering search mode
2025-12-04 00:00:12 [INFO] pet_follower - Target acquired conf=0.77 dist=66.2cm offset=96.8
2025-12-04 00:00:13 [INFO] pet_follower - Target lost - entering search mode
2025-12-04 00:00:14 [INFO] pet_follower - Target acquired conf=0.38 dist=66.7cm offset=120.3
2025-12-04 00:00:15 [INFO] pet_follower - Target lost - entering search mode
2025-12-04 00:00:18 [INFO] pet_follower - Target acquired conf=0.46 dist=66.8cm offset=258.8
2025-12-04 00:00:18 [INFO] pet_follower - Target lost - entering search mode
2025-12-04 00:00:23 [INFO] pet_follower - Target acquired conf=0.68 dist=48.2cm offset=223.5
2025-12-04 00:00:24 [INFO] pet_follower - Target lost - entering search mode
2025-12-04 00:00:25 [INFO] pet_follower - Target acquired conf=0.44 dist=48.0cm offset=-161.1
2025-12-04 00:00:26 [INFO] pet_follower - Target lost - entering search mode
2025-12-04 00:00:27 [INFO] pet_follower - Target acquired conf=0.87 dist=47.4cm offset=-79.7
2025-12-04 00:00:27 [INFO] pet_follower - Target lost - entering search mode
2025-12-04 00:00:28 [INFO] pet_follower - Target acquired conf=0.35 dist=36.3cm offset=-133.5
2025-12-04 00:00:29 [INFO] pet_follower - Target lost - entering search mode
2025-12-04 00:00:29 [INFO] pet_follower - Target acquired conf=0.31 dist=39.5cm offset=-64.0
2025-12-04 00:00:30 [INFO] pet_follower - Target lost - entering search mode
2025-12-04 00:00:30 [INFO] pet_follower - Target acquired conf=0.46 dist=46.0cm offset=-221.6
2025-12-04 00:00:31 [INFO] pet_follower - Target lost - entering search mode
2025-12-04 00:00:36 [INFO] pet_follower - Search timeout exceeded - request chassis turn
2025-12-04 00:00:58 [INFO] pet_follower - Target acquired conf=0.84 dist=53.8cm offset=-277.7
2025-12-04 00:00:58 [INFO] pet_follower - Target lost - entering search mode
2025-12-04 00:01:03 [INFO] pet_follower - Search timeout exceeded - request chassis turn
2025-12-04 00:01:10 [INFO] pet_follower - Search timeout exceeded - request chassis turn
2025-12-04 00:01:14 [INFO] pet_follower - Target acquired conf=0.40 dist=74.2cm offset=200.4
2025-12-04 00:01:14 [INFO] pet_follower - Target lost - entering search mode
2025-12-04 00:01:18 [INFO] pet_follower - Target acquired conf=0.42 dist=77.4cm offset=82.6
2025-12-04 00:01:18 [INFO] pet_follower - Target lost - entering search mode
2025-12-04 00:01:23 [INFO] pet_follower - Target acquired conf=0.33 dist=62.8cm offset=-20.3
2025-12-04 00:01:24 [INFO] pet_follower - Target lost - entering search mode
2025-12-04 00:01:28 [INFO] pet_follower - Target acquired conf=0.29 dist=55.4cm offset=-105.9
2025-12-04 00:01:29 [INFO] pet_follower - Target lost - entering search mode
2025-12-04 00:01:30 [INFO] pet_follower - Target acquired conf=0.67 dist=51.3cm offset=-220.2
2025-12-04 00:01:31 [INFO] pet_follower - Target lost - entering search mode
2025-12-04 00:01:32 [INFO] pet_follower - Target acquired conf=0.57 dist=61.1cm offset=-164.3
2025-12-04 00:01:32 [INFO] pet_follower - Target lost - entering search mode
2025-12-04 00:01:33 [INFO] pet_follower - Target acquired conf=0.78 dist=69.3cm offset=-100.8
2025-12-04 00:01:34 [INFO] pet_follower - Target lost - entering search mode
2025-12-04 00:01:35 [INFO] pet_follower - Target acquired conf=0.35 dist=78.8cm offset=-51.4
2025-12-04 00:01:35 [INFO] pet_follower - Target lost - entering search mode
2025-12-04 00:01:40 [INFO] pet_follower - Target acquired conf=0.46 dist=82.5cm offset=-123.9
2025-12-04 00:01:41 [INFO] pet_follower - Target lost - entering search mode
2025-12-04 00:01:45 [INFO] pet_follower - Target acquired conf=0.40 dist=68.2cm offset=-126.6
2025-12-04 00:01:46 [INFO] pet_follower - Target lost - entering search mode
2025-12-04 00:01:50 [INFO] pet_follower - Target acquired conf=0.63 dist=43.4cm offset=72.3
2025-12-04 00:01:51 [INFO] pet_follower - Target lost - entering search mode
2025-12-04 00:01:56 [INFO] pet_follower - Search timeout exceeded - request chassis turn
2025-12-04 00:01:59 [WARNING] pet_follower - Obstacle -2.0 cm ahead - backing up
2025-12-04 00:02:03 [WARNING] pet_follower - Obstacle -2.0 cm ahead - backing up
2025-12-04 00:02:04 [INFO] pet_follower - Search timeout exceeded - request chassis turn
2025-12-04 00:02:11 [INFO] pet_follower - Search timeout exceeded - request chassis turn
2025-12-04 00:02:12 [INFO] pet_follower - Pet follower interrupted by user
2025-12-04 00:02:12 [INFO] pet_follower - Camera stopped
2025-12-04 00:02:12 [INFO] pet_follower - Pet follower stopped
2025-12-04 00:10:36 [INFO] pet_follower - Loading YOLO model from yolov8n.pt
2025-12-04 00:10:37 [INFO] pet_follower - Motion controller initialized
2025-12-04 00:10:37 [INFO] pet_follower - Interaction behaviors disabled; focusing on pet tracking
2025-12-04 00:10:37 [INFO] pet_follower - Pet follower starting up
2025-12-04 00:10:38 [INFO] pet_follower - Picamera2 started with resolution 640x480 format=RGB888
2025-12-04 00:10:43 [INFO] pet_follower - Search timeout exceeded - request chassis turn
2025-12-04 00:10:50 [INFO] pet_follower - Search timeout exceeded - request chassis turn
2025-12-04 00:10:57 [INFO] pet_follower - Search timeout exceeded - request chassis turn
2025-12-04 00:11:01 [INFO] pet_follower - Target acquired conf=0.56 dist=76.8cm offset=90.6
2025-12-04 00:11:07 [INFO] pet_follower - Target lost - entering search mode
2025-12-04 00:11:08 [INFO] pet_follower - Target acquired conf=0.62 dist=84.0cm offset=-162.3
2025-12-04 00:11:13 [INFO] pet_follower - Target lost - entering search mode
2025-12-04 00:11:14 [INFO] pet_follower - Target acquired conf=0.38 dist=85.0cm offset=-223.3
2025-12-04 00:11:35 [INFO] pet_follower - Target within 50.0 cm - triggering celebration
2025-12-04 00:11:35 [INFO] pet_follower - Celebration spin: steering left and driving for 3.0s
2025-12-04 00:11:41 [INFO] pet_follower - Target lost - entering search mode
2025-12-04 00:11:46 [INFO] pet_follower - Search timeout exceeded - request chassis turn
2025-12-04 00:11:53 [INFO] pet_follower - Search timeout exceeded - request chassis turn
2025-12-04 00:11:58 [INFO] pet_follower - Pet follower interrupted by user
2025-12-04 00:11:58 [INFO] pet_follower - Camera stopped
2025-12-04 00:11:58 [INFO] pet_follower - Pet follower stopped
2025-12-04 00:22:20 [INFO] pet_follower - Loading YOLO model from yolov8n.pt
2025-12-04 00:22:21 [INFO] pet_follower - Motion controller initialized
2025-12-04 00:22:21 [INFO] pet_follower - Interaction behaviors disabled; focusing on pet tracking
2025-12-04 00:22:21 [INFO] pet_follower - Pet follower starting up
2025-12-04 00:22:22 [INFO] pet_follower - Picamera2 started with resolution 640x480 format=RGB888
2025-12-04 00:22:27 [INFO] pet_follower - Search timeout exceeded - request chassis turn
2025-12-04 00:22:29 [INFO] pet_follower - Target acquired conf=0.64 dist=65.4cm offset=-255.3
2025-12-04 00:22:29 [INFO] pet_follower - Ultrasonic distance 31.5 cm <= interaction threshold 50.0 cm
2025-12-04 00:22:29 [INFO] pet_follower - Celebration spin: steering left and driving for 3.0s
2025-12-04 00:22:33 [INFO] pet_follower - Ultrasonic distance 30.2 cm <= interaction threshold 50.0 cm
2025-12-04 00:22:33 [INFO] pet_follower - Ultrasonic distance 30.8 cm <= interaction threshold 50.0 cm
2025-12-04 00:22:33 [INFO] pet_follower - Ultrasonic distance 30.2 cm <= interaction threshold 50.0 cm
2025-12-04 00:22:34 [INFO] pet_follower - Ultrasonic distance 30.0 cm <= interaction threshold 50.0 cm
2025-12-04 00:22:34 [INFO] pet_follower - Ultrasonic distance 30.5 cm <= interaction threshold 50.0 cm
2025-12-04 00:22:35 [INFO] pet_follower - Ultrasonic distance 30.0 cm <= interaction threshold 50.0 cm
2025-12-04 00:22:35 [INFO] pet_follower - Celebration spin: steering left and driving for 3.0s
2025-12-04 00:22:38 [INFO] pet_follower - Ultrasonic distance 38.1 cm <= interaction threshold 50.0 cm
2025-12-04 00:22:38 [INFO] pet_follower - Ultrasonic distance 42.5 cm <= interaction threshold 50.0 cm
2025-12-04 00:22:39 [INFO] pet_follower - Ultrasonic distance 36.0 cm <= interaction threshold 50.0 cm
2025-12-04 00:22:39 [INFO] pet_follower - Ultrasonic distance 35.2 cm <= interaction threshold 50.0 cm
2025-12-04 00:22:40 [INFO] pet_follower - Ultrasonic distance 35.2 cm <= interaction threshold 50.0 cm
2025-12-04 00:22:40 [INFO] pet_follower - Celebration spin: steering left and driving for 3.0s
2025-12-04 00:22:45 [INFO] pet_follower - Target lost - entering search mode
2025-12-04 00:22:50 [INFO] pet_follower - Search timeout exceeded - request chassis turn
2025-12-04 00:22:55 [INFO] pet_follower - Target acquired conf=0.30 dist=95.6cm offset=56.4
2025-12-04 00:23:02 [INFO] pet_follower - Target lost - entering search mode
2025-12-04 00:23:07 [INFO] pet_follower - Target acquired conf=0.42 dist=90.6cm offset=94.0
2025-12-04 00:23:12 [INFO] pet_follower - Ultrasonic distance 47.0 cm <= interaction threshold 50.0 cm
2025-12-04 00:23:12 [INFO] pet_follower - Celebration spin: steering left and driving for 3.0s
2025-12-04 00:23:16 [INFO] pet_follower - Ultrasonic distance 27.9 cm <= interaction threshold 50.0 cm
2025-12-04 00:23:16 [INFO] pet_follower - Ultrasonic distance 30.5 cm <= interaction threshold 50.0 cm
2025-12-04 00:23:17 [INFO] pet_follower - Ultrasonic distance 32.6 cm <= interaction threshold 50.0 cm
2025-12-04 00:23:17 [INFO] pet_follower - Ultrasonic distance 30.0 cm <= interaction threshold 50.0 cm
2025-12-04 00:23:17 [INFO] pet_follower - Ultrasonic distance 28.2 cm <= interaction threshold 50.0 cm
2025-12-04 00:23:18 [INFO] pet_follower - Ultrasonic distance 30.8 cm <= interaction threshold 50.0 cm
2025-12-04 00:23:18 [INFO] pet_follower - Celebration spin: steering left and driving for 3.0s
2025-12-04 00:23:21 [INFO] pet_follower - Ultrasonic distance 31.5 cm <= interaction threshold 50.0 cm
2025-12-04 00:23:21 [INFO] pet_follower - Ultrasonic distance 40.9 cm <= interaction threshold 50.0 cm
2025-12-04 00:23:22 [INFO] pet_follower - Ultrasonic distance 43.0 cm <= interaction threshold 50.0 cm
2025-12-04 00:23:22 [INFO] pet_follower - Ultrasonic distance 42.5 cm <= interaction threshold 50.0 cm
2025-12-04 00:23:23 [INFO] pet_follower - Ultrasonic distance 43.0 cm <= interaction threshold 50.0 cm
2025-12-04 00:23:23 [INFO] pet_follower - Ultrasonic distance 45.0 cm <= interaction threshold 50.0 cm
2025-12-04 00:23:23 [INFO] pet_follower - Celebration spin: steering left and driving for 3.0s
2025-12-04 00:23:26 [INFO] pet_follower - Ultrasonic distance 43.0 cm <= interaction threshold 50.0 cm
2025-12-04 00:23:27 [INFO] pet_follower - Ultrasonic distance 46.0 cm <= interaction threshold 50.0 cm
2025-12-04 00:23:28 [INFO] pet_follower - Ultrasonic distance 47.8 cm <= interaction threshold 50.0 cm
2025-12-04 00:23:28 [INFO] pet_follower - Ultrasonic distance 43.4 cm <= interaction threshold 50.0 cm
2025-12-04 00:23:28 [INFO] pet_follower - Celebration spin: steering left and driving for 3.0s
2025-12-04 00:23:32 [INFO] pet_follower - Target lost - entering search mode
2025-12-04 00:23:37 [INFO] pet_follower - Search timeout exceeded - request chassis turn
2025-12-04 00:23:40 [INFO] pet_follower - Target acquired conf=0.41 dist=89.2cm offset=71.6
2025-12-04 00:23:42 [INFO] pet_follower - Target lost - entering search mode
2025-12-04 00:23:42 [INFO] pet_follower - Target acquired conf=0.41 dist=88.8cm offset=-183.5
2025-12-04 00:23:46 [INFO] pet_follower - Ultrasonic distance 45.2 cm <= interaction threshold 50.0 cm
2025-12-04 00:23:46 [INFO] pet_follower - Celebration spin: steering left and driving for 3.0s
2025-12-04 00:23:47 [INFO] pet_follower - Pet follower interrupted by user
2025-12-04 00:23:48 [INFO] pet_follower - Camera stopped
2025-12-04 00:23:48 [INFO] pet_follower - Pet follower stopped
2025-12-04 00:27:32 [INFO] pet_follower - Loading YOLO model from yolov8n.pt
2025-12-04 00:27:32 [INFO] pet_follower - Motion controller initialized
2025-12-04 00:27:32 [INFO] pet_follower - Interaction behaviors disabled; focusing on pet tracking
2025-12-04 00:27:32 [INFO] pet_follower - Pet follower starting up
2025-12-04 00:27:33 [INFO] pet_follower - Picamera2 started with resolution 640x480 format=RGB888
2025-12-04 00:27:38 [INFO] pet_follower - Search timeout exceeded - request chassis turn
2025-12-04 00:27:46 [INFO] pet_follower - Search timeout exceeded - request chassis turn
2025-12-04 00:27:53 [INFO] pet_follower - Search timeout exceeded - request chassis turn
2025-12-04 00:27:55 [INFO] pet_follower - Target acquired conf=0.39 dist=101.4cm offset=202.7
2025-12-04 00:27:56 [INFO] pet_follower - Target lost - entering search mode
2025-12-04 00:27:56 [WARNING] pet_follower - Obstacle -2.0 cm ahead - backing up
2025-12-04 00:28:01 [INFO] pet_follower - Target acquired conf=0.81 dist=69.4cm offset=270.2
2025-12-04 00:28:02 [INFO] pet_follower - Target lost - entering search mode
2025-12-04 00:28:03 [INFO] pet_follower - Target acquired conf=0.48 dist=55.4cm offset=151.2
2025-12-04 00:28:04 [INFO] pet_follower - Target lost - entering search mode
2025-12-04 00:28:05 [INFO] pet_follower - Target acquired conf=0.51 dist=64.2cm offset=-150.3
2025-12-04 00:28:06 [INFO] pet_follower - Target lost - entering search mode
2025-12-04 00:28:07 [INFO] pet_follower - Target acquired conf=0.74 dist=66.2cm offset=-1.9
2025-12-04 00:28:10 [INFO] pet_follower - Target lost - entering search mode
2025-12-04 00:28:12 [INFO] pet_follower - Target acquired conf=0.90 dist=25.0cm offset=-142.9
2025-12-04 00:28:12 [WARNING] pet_follower - Obstacle -2.0 cm ahead - backing up
2025-12-04 00:28:17 [INFO] pet_follower - Target lost - entering search mode
2025-12-04 00:28:18 [INFO] pet_follower - Target acquired conf=0.85 dist=31.1cm offset=-183.6
2025-12-04 00:28:20 [INFO] pet_follower - Target lost - entering search mode
2025-12-04 00:28:20 [WARNING] pet_follower - Obstacle 3.7 cm ahead - backing up
2025-12-04 00:28:21 [INFO] pet_follower - Target acquired conf=0.65 dist=25.0cm offset=-158.3
2025-12-04 00:28:22 [WARNING] pet_follower - Obstacle 7.0 cm ahead - backing up
2025-12-04 00:28:22 [INFO] pet_follower - Target lost - entering search mode
2025-12-04 00:28:22 [WARNING] pet_follower - Obstacle 8.0 cm ahead - backing up
2025-12-04 00:28:23 [WARNING] pet_follower - Obstacle 6.0 cm ahead - backing up
2025-12-04 00:28:24 [WARNING] pet_follower - Obstacle 2.4 cm ahead - backing up
2025-12-04 00:28:24 [WARNING] pet_follower - Obstacle 2.7 cm ahead - backing up
2025-12-04 00:28:25 [WARNING] pet_follower - Obstacle 7.6 cm ahead - backing up
2025-12-04 00:28:25 [INFO] pet_follower - Search timeout exceeded - request chassis turn
2025-12-04 00:28:32 [INFO] pet_follower - Search timeout exceeded - request chassis turn
2025-12-04 00:28:35 [INFO] pet_follower - Target acquired conf=0.36 dist=35.9cm offset=282.6
2025-12-04 00:28:38 [INFO] pet_follower - Target lost - entering search mode
2025-12-04 00:28:39 [WARNING] pet_follower - Obstacle 7.9 cm ahead - backing up
2025-12-04 00:28:40 [INFO] pet_follower - Target acquired conf=0.27 dist=25.0cm offset=-59.0
2025-12-04 00:28:44 [INFO] pet_follower - Target lost - entering search mode
2025-12-04 00:28:45 [WARNING] pet_follower - Obstacle 8.3 cm ahead - backing up
2025-12-04 00:28:45 [WARNING] pet_follower - Obstacle 8.0 cm ahead - backing up
2025-12-04 00:28:46 [WARNING] pet_follower - Obstacle 8.9 cm ahead - backing up
2025-12-04 00:28:47 [INFO] pet_follower - Target acquired conf=0.43 dist=25.0cm offset=-50.4
2025-12-04 00:28:49 [INFO] pet_follower - Target lost - entering search mode
2025-12-04 00:28:54 [INFO] pet_follower - Search timeout exceeded - request chassis turn
2025-12-04 00:29:01 [INFO] pet_follower - Search timeout exceeded - request chassis turn
2025-12-04 00:29:05 [INFO] pet_follower - Target acquired conf=0.89 dist=52.3cm offset=-94.5
2025-12-04 00:29:08 [INFO] pet_follower - Target lost - entering search mode
2025-12-04 00:29:13 [INFO] pet_follower - Search timeout exceeded - request chassis turn
2025-12-04 00:29:20 [INFO] pet_follower - Search timeout exceeded - request chassis turn
2025-12-04 00:29:21 [INFO] pet_follower - Pet follower interrupted by user
2025-12-04 00:29:21 [INFO] pet_follower - Camera stopped
2025-12-04 00:29:21 [INFO] pet_follower - Pet follower stopped
2025-12-04 00:30:23 [INFO] pet_follower - Loading YOLO model from yolov8n.pt
2025-12-04 00:30:24 [INFO] pet_follower - Motion controller initialized
2025-12-04 00:30:24 [INFO] pet_follower - Interaction behaviors disabled; focusing on pet tracking
2025-12-04 00:30:24 [INFO] pet_follower - Pet follower starting up
2025-12-04 00:30:25 [INFO] pet_follower - Picamera2 started with resolution 640x480 format=RGB888
2025-12-04 00:30:29 [INFO] pet_follower - Search timeout exceeded - request chassis turn
2025-12-04 00:30:37 [INFO] pet_follower - Search timeout exceeded - request chassis turn
2025-12-04 00:30:44 [INFO] pet_follower - Search timeout exceeded - request chassis turn
2025-12-04 00:30:51 [INFO] pet_follower - Search timeout exceeded - request chassis turn
2025-12-04 00:30:55 [INFO] pet_follower - Target acquired conf=0.46 dist=93.7cm offset=73.2
2025-12-04 00:30:56 [INFO] pet_follower - Target lost - entering search mode
2025-12-04 00:31:01 [INFO] pet_follower - Target acquired conf=0.31 dist=60.9cm offset=-299.6
2025-12-04 00:31:03 [INFO] pet_follower - Target lost - entering search mode
2025-12-04 00:31:04 [INFO] pet_follower - Target acquired conf=0.94 dist=40.1cm offset=11.0
2025-12-04 00:31:04 [INFO] pet_follower - Ultrasonic distance 33.4 cm <= interaction threshold 40.0 cm
2025-12-04 00:31:04 [INFO] pet_follower - Celebration spin: steering left and driving for 3.0s
2025-12-04 00:31:08 [INFO] pet_follower - Target lost - entering search mode
2025-12-04 00:31:08 [WARNING] pet_follower - Obstacle 6.0 cm ahead - backing up
2025-12-04 00:31:08 [WARNING] pet_follower - Obstacle 9.3 cm ahead - backing up
2025-12-04 00:31:14 [INFO] pet_follower - Search timeout exceeded - request chassis turn
2025-12-04 00:31:21 [INFO] pet_follower - Search timeout exceeded - request chassis turn
2025-12-04 00:31:25 [INFO] pet_follower - Target acquired conf=0.70 dist=63.5cm offset=-15.0
2025-12-04 00:31:28 [INFO] pet_follower - Ultrasonic distance 37.0 cm <= interaction threshold 40.0 cm
2025-12-04 00:31:28 [INFO] pet_follower - Celebration spin: steering left and driving for 3.0s
2025-12-04 00:31:31 [INFO] pet_follower - Target lost - entering search mode
2025-12-04 00:31:36 [INFO] pet_follower - Search timeout exceeded - request chassis turn
2025-12-04 00:31:43 [INFO] pet_follower - Search timeout exceeded - request chassis turn
2025-12-04 00:31:46 [WARNING] pet_follower - Obstacle -2.0 cm ahead - backing up
2025-12-04 00:31:46 [WARNING] pet_follower - Obstacle -2.0 cm ahead - backing up
2025-12-04 00:31:49 [WARNING] pet_follower - Obstacle -2.0 cm ahead - backing up
2025-12-04 00:31:51 [WARNING] pet_follower - Obstacle 3.4 cm ahead - backing up
2025-12-04 00:31:52 [INFO] pet_follower - Search timeout exceeded - request chassis turn
2025-12-04 00:31:59 [INFO] pet_follower - Search timeout exceeded - request chassis turn
2025-12-04 00:32:01 [INFO] pet_follower - Target acquired conf=0.91 dist=32.1cm offset=187.3
2025-12-04 00:32:01 [INFO] pet_follower - Ultrasonic distance 29.4 cm <= interaction threshold 40.0 cm
2025-12-04 00:32:01 [INFO] pet_follower - Celebration spin: steering left and driving for 3.0s
2025-12-04 00:32:04 [INFO] pet_follower - Target lost - entering search mode
2025-12-04 00:32:06 [WARNING] pet_follower - Obstacle -2.0 cm ahead - backing up
2025-12-04 00:32:09 [INFO] pet_follower - Search timeout exceeded - request chassis turn
2025-12-04 00:32:10 [INFO] pet_follower - Pet follower interrupted by user
2025-12-04 00:32:10 [INFO] pet_follower - Camera stopped
2025-12-04 00:32:10 [INFO] pet_follower - Pet follower stopped
2025-12-04 00:34:36 [INFO] pet_follower - Loading YOLO model from yolov8n.pt
2025-12-04 00:34:36 [INFO] pet_follower - Motion controller initialized
2025-12-04 00:34:36 [INFO] pet_follower - Interaction behaviors disabled; focusing on pet tracking
2025-12-04 00:34:36 [INFO] pet_follower - Pet follower starting up
2025-12-04 00:34:37 [INFO] pet_follower - Picamera2 started with resolution 640x480 format=RGB888
2025-12-04 00:34:42 [INFO] pet_follower - Search timeout exceeded - request chassis turn
2025-12-04 00:34:47 [INFO] pet_follower - Target acquired conf=0.89 dist=66.3cm offset=93.4
2025-12-04 00:34:49 [INFO] pet_follower - Ultrasonic distance 36.2 cm <= interaction threshold 40.0 cm
2025-12-04 00:34:49 [INFO] pet_follower - Celebration spin: steering left and driving for 3.0s
2025-12-04 00:34:52 [INFO] pet_follower - Target lost - entering search mode
2025-12-04 00:34:58 [INFO] pet_follower - Search timeout exceeded - request chassis turn
2025-12-04 00:34:59 [WARNING] pet_follower - Obstacle 9.7 cm ahead - backing up
2025-12-04 00:35:05 [INFO] pet_follower - Search timeout exceeded - request chassis turn
2025-12-04 00:35:07 [INFO] pet_follower - Target acquired conf=0.75 dist=25.0cm offset=-56.9
2025-12-04 00:35:07 [INFO] pet_follower - Ultrasonic distance 22.7 cm <= interaction threshold 40.0 cm
2025-12-04 00:35:07 [INFO] pet_follower - Celebration spin: steering left and driving for 3.0s
2025-12-04 00:35:10 [INFO] pet_follower - Target lost - entering search mode
2025-12-04 00:35:12 [WARNING] pet_follower - Obstacle -2.0 cm ahead - backing up
2025-12-04 00:35:12 [WARNING] pet_follower - Obstacle -2.0 cm ahead - backing up
2025-12-04 00:35:13 [WARNING] pet_follower - Obstacle -2.0 cm ahead - backing up
2025-12-04 00:35:14 [WARNING] pet_follower - Obstacle -2.0 cm ahead - backing up
2025-12-04 00:35:14 [INFO] pet_follower - Pet follower interrupted by user
2025-12-04 00:35:15 [INFO] pet_follower - Camera stopped
2025-12-04 00:35:15 [INFO] pet_follower - Pet follower stopped
2025-12-04 00:37:58 [INFO] pet_follower - Loading YOLO model from yolov8n.pt
2025-12-04 00:37:58 [INFO] pet_follower - Motion controller initialized
2025-12-04 00:37:58 [INFO] pet_follower - Interaction behaviors disabled; focusing on pet tracking
2025-12-04 00:37:58 [INFO] pet_follower - Pet follower starting up
2025-12-04 00:37:59 [INFO] pet_follower - Picamera2 started with resolution 640x480 format=RGB888
2025-12-04 00:38:05 [INFO] pet_follower - Search timeout exceeded - request chassis turn
2025-12-04 00:38:07 [WARNING] pet_follower - Obstacle -2.0 cm ahead - backing up
2025-12-04 00:38:08 [WARNING] pet_follower - Obstacle -2.0 cm ahead - backing up
2025-12-04 00:38:08 [WARNING] pet_follower - Obstacle -2.0 cm ahead - backing up
2025-12-04 00:38:09 [WARNING] pet_follower - Obstacle -2.0 cm ahead - backing up
2025-12-04 00:38:10 [WARNING] pet_follower - Obstacle -2.0 cm ahead - backing up
2025-12-04 00:38:10 [WARNING] pet_follower - Obstacle -2.0 cm ahead - backing up
2025-12-04 00:38:11 [WARNING] pet_follower - Obstacle -2.0 cm ahead - backing up
2025-12-04 00:38:12 [INFO] pet_follower - Search timeout exceeded - request chassis turn
2025-12-04 00:38:14 [WARNING] pet_follower - Obstacle -2.0 cm ahead - backing up
2025-12-04 00:38:18 [INFO] pet_follower - Target acquired conf=0.88 dist=67.5cm offset=-7.6
2025-12-04 00:38:30 [INFO] pet_follower - Target lost - entering search mode
2025-12-04 00:38:30 [INFO] pet_follower - Target acquired conf=0.90 dist=51.1cm offset=-136.6
2025-12-04 00:38:37 [INFO] pet_follower - Target lost - entering search mode
2025-12-04 00:38:41 [INFO] pet_follower - Target acquired conf=0.91 dist=58.7cm offset=-225.3
2025-12-04 00:38:43 [INFO] pet_follower - Target lost - entering search mode
2025-12-04 00:38:45 [INFO] pet_follower - Target acquired conf=0.89 dist=35.3cm offset=-260.5
2025-12-04 00:38:47 [INFO] pet_follower - Ultrasonic distance 32.6 cm <= interaction threshold 40.0 cm
2025-12-04 00:38:47 [INFO] pet_follower - Celebration spin: steering left and driving for 6.0s
2025-12-04 00:38:53 [INFO] pet_follower - Ultrasonic distance 26.5 cm <= interaction threshold 40.0 cm
2025-12-04 00:38:54 [INFO] pet_follower - Ultrasonic distance 26.8 cm <= interaction threshold 40.0 cm
2025-12-04 00:38:54 [INFO] pet_follower - Ultrasonic distance 27.1 cm <= interaction threshold 40.0 cm
2025-12-04 00:38:54 [INFO] pet_follower - Ultrasonic distance 26.5 cm <= interaction threshold 40.0 cm
2025-12-04 00:38:55 [INFO] pet_follower - Ultrasonic distance 25.9 cm <= interaction threshold 40.0 cm
2025-12-04 00:38:55 [INFO] pet_follower - Ultrasonic distance 26.5 cm <= interaction threshold 40.0 cm
2025-12-04 00:38:55 [INFO] pet_follower - Ultrasonic distance 25.6 cm <= interaction threshold 40.0 cm
2025-12-04 00:38:56 [INFO] pet_follower - Ultrasonic distance 25.0 cm <= interaction threshold 40.0 cm
2025-12-04 00:38:56 [INFO] pet_follower - Ultrasonic distance 25.4 cm <= interaction threshold 40.0 cm
2025-12-04 00:38:57 [INFO] pet_follower - Ultrasonic distance 25.6 cm <= interaction threshold 40.0 cm
2025-12-04 00:38:57 [INFO] pet_follower - Ultrasonic distance 25.3 cm <= interaction threshold 40.0 cm
2025-12-04 00:38:57 [INFO] pet_follower - Celebration spin: steering left and driving for 6.0s
2025-12-04 00:39:03 [INFO] pet_follower - Target lost - entering search mode
2025-12-04 00:39:07 [INFO] pet_follower - Pet follower interrupted by user
2025-12-04 00:39:08 [INFO] pet_follower - Camera stopped
2025-12-04 00:39:08 [INFO] pet_follower - Pet follower stopped
2025-12-04 01:28:10 [INFO] pet_follower - Loading YOLO model from yolov8n.pt
2025-12-04 01:28:10 [INFO] pet_follower - Motion controller initialized
2025-12-04 01:28:10 [INFO] pet_follower - Interaction ready with 2 celebration behaviors
2025-12-04 01:28:10 [INFO] pet_follower - Pet follower starting up
2025-12-04 01:28:11 [INFO] pet_follower - Picamera2 started with resolution 640x480 format=RGB888
2025-12-04 01:28:16 [INFO] pet_follower - Search timeout exceeded - request chassis turn
2025-12-04 01:28:18 [INFO] pet_follower - Target acquired conf=0.89 dist=57.2cm offset=-274.4
2025-12-04 01:28:22 [INFO] pet_follower - Ultrasonic distance 36.8 cm <= interaction threshold 40.0 cm
2025-12-04 01:28:22 [INFO] pet_follower - Starting celebration: _celebration_spin
2025-12-04 01:28:29 [INFO] pet_follower - Ultrasonic distance 36.7 cm <= interaction threshold 40.0 cm
2025-12-04 01:28:35 [INFO] pet_follower - Ultrasonic distance 32.6 cm <= interaction threshold 40.0 cm
2025-12-04 01:28:35 [INFO] pet_follower - Starting celebration: _celebration_bounce
2025-12-04 01:28:44 [INFO] pet_follower - Ultrasonic distance 37.7 cm <= interaction threshold 40.0 cm
2025-12-04 01:28:44 [INFO] pet_follower - Ultrasonic distance 30.0 cm <= interaction threshold 40.0 cm
2025-12-04 01:28:45 [INFO] pet_follower - Ultrasonic distance 25.1 cm <= interaction threshold 40.0 cm
2025-12-04 01:28:45 [INFO] pet_follower - Ultrasonic distance 24.6 cm <= interaction threshold 40.0 cm
2025-12-04 01:28:45 [INFO] pet_follower - Starting celebration: _celebration_bounce
2025-12-04 01:29:09 [INFO] pet_follower - Target lost - entering search mode
2025-12-04 01:29:10 [INFO] pet_follower - Target acquired conf=0.69 dist=84.6cm offset=-67.2
2025-12-04 01:29:12 [INFO] pet_follower - Target lost - entering search mode
                                                                                                                                                                                                                                                                                            2025-12-04 20:08:07 [INFO] pet_follower - Loading YOLO model from yolov8n.pt
2025-12-04 20:08:08 [INFO] pet_follower - Motion controller initialized
2025-12-04 20:08:08 [INFO] pet_follower - Interaction ready with 2 celebration behaviors
2025-12-04 20:08:08 [INFO] pet_follower - Pet follower starting up
2025-12-04 20:08:09 [INFO] pet_follower - Picamera2 started with resolution 640x480 format=RGB888
2025-12-04 20:08:18 [INFO] pet_follower - Search timeout exceeded - request chassis turn
2025-12-04 20:08:21 [WARNING] pet_follower - Obstacle 7.0 cm ahead - backing up
2025-12-04 20:08:24 [WARNING] pet_follower - Obstacle -2.0 cm ahead - backing up
2025-12-04 20:08:28 [INFO] pet_follower - Search timeout exceeded - request chassis turn
2025-12-04 20:08:33 [INFO] pet_follower - Target acquired conf=0.37 dist=29.9cm offset=-226.6
2025-12-04 20:08:33 [INFO] pet_follower - Ultrasonic distance 26.8 cm <= interaction threshold 40.0 cm
2025-12-04 20:08:33 [INFO] pet_follower - Starting celebration: _celebration_bounce
2025-12-04 20:08:40 [INFO] pet_follower - Target lost - entering search mode
2025-12-04 20:08:45 [INFO] pet_follower - Search timeout exceeded - request chassis turn
2025-12-04 20:08:52 [INFO] pet_follower - Search timeout exceeded - request chassis turn
2025-12-04 20:08:59 [INFO] pet_follower - Search timeout exceeded - request chassis turn
2025-12-04 20:09:06 [INFO] pet_follower - Search timeout exceeded - request chassis turn
2025-12-04 20:09:10 [INFO] pet_follower - Target acquired conf=0.26 dist=136.8cm offset=-3.4
2025-12-04 20:09:12 [INFO] pet_follower - Target lost - entering search mode
2025-12-04 20:09:12 [INFO] pet_follower - Target acquired conf=0.41 dist=93.2cm offset=207.0
2025-12-04 20:09:14 [INFO] pet_follower - Target lost - entering search mode
2025-12-04 20:09:18 [INFO] pet_follower - Target acquired conf=0.30 dist=70.4cm offset=39.8
2025-12-04 20:09:19 [INFO] pet_follower - Ultrasonic distance 36.8 cm <= interaction threshold 40.0 cm
2025-12-04 20:09:19 [INFO] pet_follower - Starting celebration: _celebration_spin
2025-12-04 20:09:25 [INFO] pet_follower - Target lost - entering search mode
2025-12-04 20:09:28 [INFO] pet_follower - Target acquired conf=0.54 dist=31.2cm offset=-218.7
2025-12-04 20:09:29 [INFO] pet_follower - Target lost - entering search mode
2025-12-04 20:09:31 [WARNING] pet_follower - Obstacle -2.0 cm ahead - backing up
2025-12-04 20:09:32 [WARNING] pet_follower - Obstacle -2.0 cm ahead - backing up
2025-12-04 20:09:33 [WARNING] pet_follower - Obstacle 8.6 cm ahead - backing up
2025-12-04 20:09:33 [WARNING] pet_follower - Obstacle 3.8 cm ahead - backing up
2025-12-04 20:09:34 [WARNING] pet_follower - Obstacle 3.1 cm ahead - backing up
2025-12-04 20:09:34 [WARNING] pet_follower - Obstacle 5.0 cm ahead - backing up
2025-12-04 20:09:35 [WARNING] pet_follower - Obstacle 5.0 cm ahead - backing up
2025-12-04 20:09:35 [WARNING] pet_follower - Obstacle 5.4 cm ahead - backing up
2025-12-04 20:09:36 [WARNING] pet_follower - Obstacle 8.3 cm ahead - backing up
2025-12-04 20:09:36 [WARNING] pet_follower - Obstacle -2.0 cm ahead - backing up
2025-12-04 20:09:37 [WARNING] pet_follower - Obstacle -2.0 cm ahead - backing up
2025-12-04 20:09:38 [WARNING] pet_follower - Obstacle -2.0 cm ahead - backing up
2025-12-04 20:09:38 [INFO] pet_follower - Search timeout exceeded - request chassis turn
2025-12-04 20:09:45 [INFO] pet_follower - Search timeout exceeded - request chassis turn
2025-12-04 20:09:47 [WARNING] pet_follower - Obstacle -2.0 cm ahead - backing up
2025-12-04 20:09:48 [WARNING] pet_follower - Obstacle -2.0 cm ahead - backing up
2025-12-04 20:09:48 [WARNING] pet_follower - Obstacle -2.0 cm ahead - backing up
2025-12-04 20:09:49 [WARNING] pet_follower - Obstacle -2.0 cm ahead - backing up
2025-12-04 20:09:50 [WARNING] pet_follower - Obstacle -2.0 cm ahead - backing up
2025-12-04 20:09:52 [INFO] pet_follower - Search timeout exceeded - request chassis turn
2025-12-04 20:09:56 [INFO] pet_follower - Target acquired conf=0.71 dist=92.9cm offset=289.1
2025-12-04 20:09:58 [INFO] pet_follower - Ultrasonic distance 38.9 cm <= interaction threshold 40.0 cm
2025-12-04 20:09:58 [INFO] pet_follower - Starting celebration: _celebration_bounce
2025-12-04 20:10:04 [INFO] pet_follower - Ultrasonic distance 36.5 cm <= interaction threshold 40.0 cm
2025-12-04 20:10:05 [INFO] pet_follower - Ultrasonic distance 36.6 cm <= interaction threshold 40.0 cm
2025-12-04 20:10:05 [INFO] pet_follower - Ultrasonic distance 36.6 cm <= interaction threshold 40.0 cm
2025-12-04 20:10:06 [INFO] pet_follower - Ultrasonic distance 37.0 cm <= interaction threshold 40.0 cm
2025-12-04 20:10:06 [INFO] pet_follower - Ultrasonic distance 37.0 cm <= interaction threshold 40.0 cm
2025-12-04 20:10:06 [INFO] pet_follower - Ultrasonic distance 37.0 cm <= interaction threshold 40.0 cm
2025-12-04 20:10:07 [INFO] pet_follower - Ultrasonic distance 36.6 cm <= interaction threshold 40.0 cm
2025-12-04 20:10:07 [INFO] pet_follower - Ultrasonic distance 36.5 cm <= interaction threshold 40.0 cm
2025-12-04 20:10:07 [INFO] pet_follower - Ultrasonic distance 36.6 cm <= interaction threshold 40.0 cm
2025-12-04 20:10:08 [INFO] pet_follower - Ultrasonic distance 37.0 cm <= interaction threshold 40.0 cm
2025-12-04 20:10:08 [INFO] pet_follower - Ultrasonic distance 37.0 cm <= interaction threshold 40.0 cm
2025-12-04 20:10:08 [INFO] pet_follower - Starting celebration: _celebration_spin
2025-12-04 20:10:14 [INFO] pet_follower - Pet follower interrupted by user
2025-12-04 20:10:14 [INFO] pet_follower - Camera stopped
2025-12-04 20:10:14 [INFO] pet_follower - Pet follower stopped
2025-12-07 00:34:23 [INFO] pet_follower - Motion controller initialized
2025-12-07 00:34:24 [INFO] pet_follower - Interaction ready with 2 celebration behaviors
2025-12-07 00:34:24 [INFO] pet_follower - Loading YOLO model from yolov8n.pt
2025-12-07 00:34:28 [INFO] pet_follower - Camera manager starting up
2025-12-07 00:34:28 [INFO] pet_follower - Web API server started
2025-12-07 00:34:29 [INFO] pet_follower - Picamera2 started with resolution 640x480 format=RGB888
2025-12-07 00:40:53 [INFO] pet_follower - Motion controller initialized
2025-12-07 00:40:54 [INFO] pet_follower - Interaction ready with 2 celebration behaviors
2025-12-07 00:40:54 [INFO] pet_follower - Loading YOLO model from yolov8n.pt
2025-12-07 00:40:54 [INFO] pet_follower - Camera manager starting up
2025-12-07 00:40:54 [INFO] pet_follower - Web API server started
2025-12-07 00:40:55 [INFO] pet_follower - Picamera2 started with resolution 640x480 format=RGB888
2025-12-07 00:41:57 [INFO] pet_follower - Pet follower loop starting
2025-12-07 00:42:03 [INFO] pet_follower - Search timeout exceeded - request chassis turn
2025-12-07 00:42:05 [INFO] pet_follower - Pet follower loop stopped
2025-12-07 00:42:31 [INFO] pet_follower - Pet follower loop starting
2025-12-07 00:42:33 [INFO] pet_follower - Pet follower loop stopped
2025-12-07 00:42:36 [INFO] pet_follower - Pet follower loop starting
2025-12-07 00:42:40 [INFO] pet_follower - Executing forced search
2025-12-07 00:42:40 [WARNING] pet_follower - Obstacle 5.0 cm ahead - backing up
2025-12-07 00:42:40 [WARNING] pet_follower - Movement blocked by safety check
2025-12-07 00:42:40 [INFO] pet_follower - Pet follower loop stopped
2025-12-07 00:43:48 [INFO] pet_follower - Pet follower loop starting
2025-12-07 00:43:51 [INFO] pet_follower - Ultrasonic distance 30.8 cm <= interaction threshold 40.0 cm
2025-12-07 00:43:51 [INFO] pet_follower - Starting celebration: _celebration_spin
2025-12-07 00:43:51 [WARNING] pet_follower - Celebration sound missing: /home/pi/cl4750/test/picar-x/sounds/dog_sound.wav
2025-12-07 00:43:51 [INFO] pet_follower - Target acquired; following
2025-12-07 00:43:51 [INFO] pet_follower - Ultrasonic distance 30.8 cm <= interaction threshold 40.0 cm
2025-12-07 00:43:51 [INFO] pet_follower - Target acquired; following
2025-12-07 00:43:52 [INFO] pet_follower - Ultrasonic distance 28.6 cm <= interaction threshold 40.0 cm
2025-12-07 00:43:52 [INFO] pet_follower - Target acquired; following
2025-12-07 00:43:52 [INFO] pet_follower - Ultrasonic distance 27.4 cm <= interaction threshold 40.0 cm
2025-12-07 00:43:52 [INFO] pet_follower - Target acquired; following
2025-12-07 00:43:53 [INFO] pet_follower - Ultrasonic distance 29.8 cm <= interaction threshold 40.0 cm
2025-12-07 00:43:53 [INFO] pet_follower - Target acquired; following
2025-12-07 00:43:53 [INFO] pet_follower - Ultrasonic distance 30.8 cm <= interaction threshold 40.0 cm
2025-12-07 00:43:53 [INFO] pet_follower - Target acquired; following
2025-12-07 00:43:53 [INFO] pet_follower - Ultrasonic distance 28.9 cm <= interaction threshold 40.0 cm
2025-12-07 00:43:53 [INFO] pet_follower - Target acquired; following
2025-12-07 00:43:54 [INFO] pet_follower - Ultrasonic distance 27.4 cm <= interaction threshold 40.0 cm
2025-12-07 00:43:54 [INFO] pet_follower - Target acquired; following
2025-12-07 00:43:54 [INFO] pet_follower - Ultrasonic distance 28.0 cm <= interaction threshold 40.0 cm
2025-12-07 00:43:54 [INFO] pet_follower - Target acquired; following
2025-12-07 00:43:55 [INFO] pet_follower - Ultrasonic distance 30.5 cm <= interaction threshold 40.0 cm
2025-12-07 00:43:55 [INFO] pet_follower - Target acquired; following
2025-12-07 00:43:55 [INFO] pet_follower - Ultrasonic distance 28.9 cm <= interaction threshold 40.0 cm
2025-12-07 00:43:55 [INFO] pet_follower - Target acquired; following
2025-12-07 00:43:55 [INFO] pet_follower - Ultrasonic distance 28.6 cm <= interaction threshold 40.0 cm
2025-12-07 00:43:55 [INFO] pet_follower - Target acquired; following
2025-12-07 00:43:56 [INFO] pet_follower - Ultrasonic distance 29.2 cm <= interaction threshold 40.0 cm
2025-12-07 00:43:56 [INFO] pet_follower - Target acquired; following
2025-12-07 00:43:56 [INFO] pet_follower - Ultrasonic distance 28.0 cm <= interaction threshold 40.0 cm
2025-12-07 00:43:56 [INFO] pet_follower - Target acquired; following
2025-12-07 00:43:56 [INFO] pet_follower - Ultrasonic distance 28.3 cm <= interaction threshold 40.0 cm
2025-12-07 00:43:56 [INFO] pet_follower - Target acquired; following
2025-12-07 00:43:57 [INFO] pet_follower - Ultrasonic distance 30.5 cm <= interaction threshold 40.0 cm
2025-12-07 00:43:57 [INFO] pet_follower - Target acquired; following
2025-12-07 00:43:57 [INFO] pet_follower - Ultrasonic distance 29.2 cm <= interaction threshold 40.0 cm
2025-12-07 00:43:57 [INFO] pet_follower - Target acquired; following
2025-12-07 00:43:58 [INFO] pet_follower - Ultrasonic distance 28.0 cm <= interaction threshold 40.0 cm
2025-12-07 00:43:58 [INFO] pet_follower - Target acquired; following
2025-12-07 00:43:58 [INFO] pet_follower - Ultrasonic distance 28.9 cm <= interaction threshold 40.0 cm
2025-12-07 00:43:58 [INFO] pet_follower - Target acquired; following
2025-12-07 00:43:58 [INFO] pet_follower - Ultrasonic distance 30.8 cm <= interaction threshold 40.0 cm
2025-12-07 00:43:58 [INFO] pet_follower - Target acquired; following
2025-12-07 00:43:59 [INFO] pet_follower - Ultrasonic distance 30.3 cm <= interaction threshold 40.0 cm
2025-12-07 00:43:59 [INFO] pet_follower - Target acquired; following
2025-12-07 00:43:59 [INFO] pet_follower - Ultrasonic distance 29.7 cm <= interaction threshold 40.0 cm
2025-12-07 00:43:59 [INFO] pet_follower - Target acquired; following
2025-12-07 00:44:00 [INFO] pet_follower - Ultrasonic distance 30.5 cm <= interaction threshold 40.0 cm
2025-12-07 00:44:00 [INFO] pet_follower - Target acquired; following
2025-12-07 00:44:00 [INFO] pet_follower - Ultrasonic distance 30.0 cm <= interaction threshold 40.0 cm
2025-12-07 00:44:00 [INFO] pet_follower - Target acquired; following
2025-12-07 00:44:00 [INFO] pet_follower - Ultrasonic distance 30.3 cm <= interaction threshold 40.0 cm
2025-12-07 00:44:00 [INFO] pet_follower - Target acquired; following
2025-12-07 00:44:01 [INFO] pet_follower - Target acquired; following
2025-12-07 00:44:01 [INFO] pet_follower - Target acquired; following
2025-12-07 00:44:01 [WARNING] pet_follower - Movement blocked by safety check
2025-12-07 00:44:02 [WARNING] pet_follower - Movement blocked by safety check
2025-12-07 00:44:02 [WARNING] pet_follower - Movement blocked by safety check
2025-12-07 00:44:02 [WARNING] pet_follower - Movement blocked by safety check
2025-12-07 00:44:03 [INFO] pet_follower - Target acquired; following
2025-12-07 00:44:03 [WARNING] pet_follower - Obstacle -2.0 cm ahead - backing up
2025-12-07 00:44:03 [WARNING] pet_follower - Movement blocked by safety check
2025-12-07 00:44:04 [WARNING] pet_follower - Obstacle -2.0 cm ahead - backing up
2025-12-07 00:44:04 [WARNING] pet_follower - Movement blocked by safety check
2025-12-07 00:44:05 [WARNING] pet_follower - Obstacle -2.0 cm ahead - backing up
2025-12-07 00:44:05 [WARNING] pet_follower - Movement blocked by safety check
2025-12-07 00:44:05 [INFO] pet_follower - Target acquired; following
2025-12-07 00:44:06 [WARNING] pet_follower - Movement blocked by safety check
2025-12-07 00:44:06 [WARNING] pet_follower - Movement blocked by safety check
2025-12-07 00:44:07 [WARNING] pet_follower - Obstacle -2.0 cm ahead - backing up
2025-12-07 00:44:07 [WARNING] pet_follower - Movement blocked by safety check
2025-12-07 00:44:07 [WARNING] pet_follower - Obstacle -2.0 cm ahead - backing up
2025-12-07 00:44:07 [WARNING] pet_follower - Movement blocked by safety check
2025-12-07 00:44:08 [INFO] pet_follower - Target acquired; following
2025-12-07 00:44:08 [WARNING] pet_follower - Movement blocked by safety check
2025-12-07 00:44:09 [WARNING] pet_follower - Movement blocked by safety check
2025-12-07 00:44:09 [INFO] pet_follower - Ultrasonic distance 31.3 cm <= interaction threshold 40.0 cm
2025-12-07 00:44:09 [INFO] pet_follower - Starting celebration: _celebration_bounce
2025-12-07 00:44:09 [WARNING] pet_follower - Celebration sound missing: /home/pi/cl4750/test/picar-x/sounds/dog_sound.wav
2025-12-07 00:44:09 [INFO] pet_follower - Holding last heading, continuing search
2025-12-07 00:44:09 [WARNING] pet_follower - Movement blocked by safety check
2025-12-07 00:44:10 [WARNING] pet_follower - Movement blocked by safety check
2025-12-07 00:44:10 [WARNING] pet_follower - Movement blocked by safety check
2025-12-07 00:44:11 [WARNING] pet_follower - Movement blocked by safety check
2025-12-07 00:44:12 [WARNING] pet_follower - Movement blocked by safety check
2025-12-07 00:44:12 [INFO] pet_follower - Holding last heading, continuing search
2025-12-07 00:44:12 [INFO] pet_follower - Ultrasonic distance 38.6 cm <= interaction threshold 40.0 cm
2025-12-07 00:44:12 [INFO] pet_follower - Target acquired; following
2025-12-07 00:44:13 [WARNING] pet_follower - Obstacle -2.0 cm ahead - backing up
2025-12-07 00:44:13 [WARNING] pet_follower - Movement blocked by safety check
2025-12-07 00:44:13 [WARNING] pet_follower - Obstacle 3.1 cm ahead - backing up
2025-12-07 00:44:14 [WARNING] pet_follower - Movement blocked by safety check
2025-12-07 00:44:18 [INFO] pet_follower - Search timeout exceeded - request chassis turn
2025-12-07 00:44:20 [INFO] pet_follower - Pet follower loop stopped
2025-12-07 00:46:42 [INFO] pet_follower - Pet follower loop starting
2025-12-07 00:46:42 [WARNING] pet_follower - Movement blocked by safety check
2025-12-07 00:46:43 [WARNING] pet_follower - Movement blocked by safety check
2025-12-07 00:46:43 [WARNING] pet_follower - Movement blocked by safety check
2025-12-07 00:46:43 [WARNING] pet_follower - Movement blocked by safety check
2025-12-07 00:46:44 [WARNING] pet_follower - Movement blocked by safety check
2025-12-07 00:46:44 [WARNING] pet_follower - Movement blocked by safety check
2025-12-07 00:46:45 [WARNING] pet_follower - Movement blocked by safety check
2025-12-07 00:46:45 [WARNING] pet_follower - Movement blocked by safety check
2025-12-07 00:46:45 [WARNING] pet_follower - Movement blocked by safety check
2025-12-07 00:46:46 [WARNING] pet_follower - Obstacle 7.2 cm ahead - backing up
2025-12-07 00:46:46 [WARNING] pet_follower - Movement blocked by safety check
2025-12-07 00:46:46 [WARNING] pet_follower - Movement blocked by safety check
2025-12-07 00:46:47 [WARNING] pet_follower - Movement blocked by safety check
2025-12-07 00:46:47 [WARNING] pet_follower - Movement blocked by safety check
2025-12-07 00:46:48 [WARNING] pet_follower - Movement blocked by safety check
2025-12-07 00:46:48 [WARNING] pet_follower - Movement blocked by safety check
2025-12-07 00:46:48 [WARNING] pet_follower - Movement blocked by safety check
2025-12-07 00:46:49 [WARNING] pet_follower - Movement blocked by safety check
2025-12-07 00:46:49 [WARNING] pet_follower - Movement blocked by safety check
2025-12-07 00:46:49 [WARNING] pet_follower - Movement blocked by safety check
2025-12-07 00:46:50 [WARNING] pet_follower - Movement blocked by safety check
2025-12-07 00:46:50 [WARNING] pet_follower - Movement blocked by safety check
2025-12-07 00:46:51 [WARNING] pet_follower - Movement blocked by safety check
2025-12-07 00:46:51 [INFO] pet_follower - Pet follower loop stopped
2025-12-07 00:46:52 [INFO] pet_follower - Manual drive direction=stop speed=45 duration=0.8
2025-12-07 00:46:53 [INFO] pet_follower - Manual drive direction=forward speed=45 duration=0.8
2025-12-07 00:46:54 [INFO] pet_follower - Manual drive direction=stop speed=45 duration=0.8
2025-12-07 01:04:11 [INFO] pet_follower - Motion controller initialized
2025-12-07 01:04:12 [INFO] pet_follower - Interaction ready with 2 celebration behaviors
2025-12-07 01:04:12 [INFO] pet_follower - Loading YOLO model from yolov8n.pt
2025-12-07 01:04:12 [INFO] pet_follower - Camera manager starting up
2025-12-07 01:04:12 [INFO] pet_follower - Web API server started
2025-12-07 01:04:13 [INFO] pet_follower - Picamera2 started with resolution 640x480 format=RGB888
2025-12-07 01:05:13 [INFO] pet_follower - Manual drive direction=stop speed=45 duration=0.8
2025-12-07 01:05:15 [INFO] pet_follower - Manual drive direction=forward speed=45 duration=0.8
2025-12-07 01:05:15 [INFO] pet_follower - Manual drive direction=stop speed=45 duration=0.8
2025-12-07 01:06:15 [INFO] pet_follower - Pet follower loop starting
2025-12-07 01:06:15 [INFO] pet_follower - Starting celebration: _celebration_bounce
2025-12-07 01:06:15 [WARNING] pet_follower - Celebration sound missing: /home/pi/cl4750/test/picar-x/sounds/dog_sound.wav
2025-12-07 01:06:16 [INFO] pet_follower - Pet follower loop stopped
2025-12-07 01:06:17 [INFO] pet_follower - Manual drive direction=stop speed=45 duration=0.8
2025-12-07 01:06:17 [INFO] pet_follower - Manual drive direction=left speed=45 duration=0.8
2025-12-07 01:06:22 [INFO] pet_follower - Manual drive direction=forward speed=45 duration=0.8
2025-12-07 01:06:27 [INFO] pet_follower - Manual drive direction=backward speed=45 duration=0.8
2025-12-07 01:06:51 [INFO] pet_follower - Pet follower loop starting
2025-12-07 01:06:53 [INFO] pet_follower - Executing forced search
2025-12-07 01:06:55 [WARNING] pet_follower - Obstacle -2.0 cm ahead - backing up
2025-12-07 01:06:55 [WARNING] pet_follower - Movement blocked by safety check
2025-12-07 01:06:55 [WARNING] pet_follower - Obstacle -2.0 cm ahead - backing up
2025-12-07 01:06:55 [WARNING] pet_follower - Movement blocked by safety check
2025-12-07 01:06:56 [WARNING] pet_follower - Obstacle -2.0 cm ahead - backing up
2025-12-07 01:06:56 [WARNING] pet_follower - Movement blocked by safety check
2025-12-07 01:06:57 [WARNING] pet_follower - Obstacle -2.0 cm ahead - backing up
2025-12-07 01:06:57 [WARNING] pet_follower - Movement blocked by safety check
2025-12-07 01:06:57 [WARNING] pet_follower - Obstacle -2.0 cm ahead - backing up
2025-12-07 01:06:57 [WARNING] pet_follower - Movement blocked by safety check
2025-12-07 01:06:58 [INFO] pet_follower - Target acquired; following
2025-12-07 01:06:58 [INFO] pet_follower - Target acquired; following
2025-12-07 01:06:59 [INFO] pet_follower - Target acquired; following
2025-12-07 01:06:59 [INFO] pet_follower - Ultrasonic distance 38.2 cm <= interaction threshold 40.0 cm
2025-12-07 01:06:59 [INFO] pet_follower - Starting celebration: _celebration_spin
2025-12-07 01:06:59 [WARNING] pet_follower - Celebration sound missing: /home/pi/cl4750/test/picar-x/sounds/dog_sound.wav
2025-12-07 01:06:59 [INFO] pet_follower - Target acquired; following
2025-12-07 01:06:59 [INFO] pet_follower - Holding last heading, continuing search
2025-12-07 01:07:00 [INFO] pet_follower - Target acquired; following
2025-12-07 01:07:00 [INFO] pet_follower - Holding last heading, continuing search
2025-12-07 01:07:00 [INFO] pet_follower - Holding last heading, continuing search
2025-12-07 01:07:05 [INFO] pet_follower - Target acquired; following
2025-12-07 01:07:05 [INFO] pet_follower - Holding last heading, continuing search
2025-12-07 01:07:06 [INFO] pet_follower - Ultrasonic distance 38.9 cm <= interaction threshold 40.0 cm
2025-12-07 01:07:06 [INFO] pet_follower - Holding last heading, continuing search
2025-12-07 01:07:10 [INFO] pet_follower - Ultrasonic distance 39.5 cm <= interaction threshold 40.0 cm
2025-12-07 01:07:10 [INFO] pet_follower - Starting celebration: _celebration_bounce
2025-12-07 01:07:10 [WARNING] pet_follower - Celebration sound missing: /home/pi/cl4750/test/picar-x/sounds/dog_sound.wav
2025-12-07 01:07:10 [INFO] pet_follower - Target acquired; following
2025-12-07 01:07:10 [INFO] pet_follower - Target acquired; following
2025-12-07 01:07:11 [INFO] pet_follower - Target acquired; following
2025-12-07 01:07:11 [INFO] pet_follower - Target acquired; following
2025-12-07 01:07:11 [INFO] pet_follower - Ultrasonic distance 39.3 cm <= interaction threshold 40.0 cm
2025-12-07 01:07:11 [INFO] pet_follower - Holding last heading, continuing search
2025-12-07 01:07:12 [INFO] pet_follower - Target acquired; following
2025-12-07 01:07:12 [INFO] pet_follower - Target acquired; following
2025-12-07 01:07:13 [INFO] pet_follower - Target acquired; following
2025-12-07 01:07:13 [INFO] pet_follower - Ultrasonic distance 39.3 cm <= interaction threshold 40.0 cm
2025-12-07 01:07:13 [INFO] pet_follower - Target acquired; following
2025-12-07 01:07:13 [INFO] pet_follower - Target acquired; following
2025-12-07 01:07:14 [INFO] pet_follower - Ultrasonic distance 39.8 cm <= interaction threshold 40.0 cm
2025-12-07 01:07:14 [INFO] pet_follower - Target acquired; following
2025-12-07 01:07:14 [INFO] pet_follower - Target acquired; following
2025-12-07 01:07:14 [INFO] pet_follower - Target acquired; following
2025-12-07 01:07:15 [INFO] pet_follower - Target acquired; following
2025-12-07 01:07:15 [INFO] pet_follower - Ultrasonic distance 37.9 cm <= interaction threshold 40.0 cm
2025-12-07 01:07:15 [INFO] pet_follower - Target acquired; following
2025-12-07 01:07:16 [INFO] pet_follower - Ultrasonic distance 38.4 cm <= interaction threshold 40.0 cm
2025-12-07 01:07:16 [INFO] pet_follower - Target acquired; following
2025-12-07 01:07:16 [INFO] pet_follower - Ultrasonic distance 29.4 cm <= interaction threshold 40.0 cm
2025-12-07 01:07:16 [INFO] pet_follower - Holding last heading, continuing search
2025-12-07 01:07:16 [INFO] pet_follower - Holding last heading, continuing search
2025-12-07 01:07:17 [WARNING] pet_follower - Obstacle -2.0 cm ahead - backing up
2025-12-07 01:07:17 [WARNING] pet_follower - Movement blocked by safety check
2025-12-07 01:07:22 [INFO] pet_follower - Search timeout exceeded - request chassis turn
2025-12-07 01:07:25 [INFO] pet_follower - Pet follower loop stopped
2025-12-07 01:07:33 [INFO] pet_follower - Pet follower loop starting
2025-12-07 01:07:36 [INFO] pet_follower - Target acquired; following
2025-12-07 01:07:36 [INFO] pet_follower - Ultrasonic distance 38.0 cm <= interaction threshold 40.0 cm
2025-12-07 01:07:36 [INFO] pet_follower - Starting celebration: _celebration_spin
2025-12-07 01:07:36 [WARNING] pet_follower - Celebration sound missing: /home/pi/cl4750/test/picar-x/sounds/dog_sound.wav
2025-12-07 01:07:36 [INFO] pet_follower - Holding last heading, continuing search
2025-12-07 01:07:37 [INFO] pet_follower - Ultrasonic distance 38.9 cm <= interaction threshold 40.0 cm
2025-12-07 01:07:37 [INFO] pet_follower - Holding last heading, continuing search
2025-12-07 01:07:41 [INFO] pet_follower - Pet follower loop stopped
2025-12-07 01:07:47 [INFO] pet_follower - Pet follower loop starting
2025-12-07 01:07:48 [INFO] pet_follower - Target acquired; following
2025-12-07 01:07:48 [INFO] pet_follower - Ultrasonic distance 35.5 cm <= interaction threshold 40.0 cm
2025-12-07 01:07:48 [INFO] pet_follower - Starting celebration: _celebration_bounce
2025-12-07 01:07:48 [WARNING] pet_follower - Celebration sound missing: /home/pi/cl4750/test/picar-x/sounds/dog_sound.wav
2025-12-07 01:07:48 [INFO] pet_follower - Target acquired; following
2025-12-07 01:07:48 [INFO] pet_follower - Ultrasonic distance 36.6 cm <= interaction threshold 40.0 cm
2025-12-07 01:07:48 [INFO] pet_follower - Holding last heading, continuing search
2025-12-07 01:07:49 [INFO] pet_follower - Ultrasonic distance 37.2 cm <= interaction threshold 40.0 cm
2025-12-07 01:07:49 [INFO] pet_follower - Target acquired; following
2025-12-07 01:07:50 [INFO] pet_follower - Ultrasonic distance 36.0 cm <= interaction threshold 40.0 cm
2025-12-07 01:07:50 [INFO] pet_follower - Target acquired; following
2025-12-07 01:07:50 [INFO] pet_follower - Ultrasonic distance 37.7 cm <= interaction threshold 40.0 cm
2025-12-07 01:07:50 [INFO] pet_follower - Target acquired; following
2025-12-07 01:07:50 [INFO] pet_follower - Ultrasonic distance 37.7 cm <= interaction threshold 40.0 cm
2025-12-07 01:07:50 [INFO] pet_follower - Target acquired; following
2025-12-07 01:07:51 [INFO] pet_follower - Ultrasonic distance 37.7 cm <= interaction threshold 40.0 cm
2025-12-07 01:07:51 [INFO] pet_follower - Holding last heading, continuing search
2025-12-07 01:07:51 [INFO] pet_follower - Ultrasonic distance 37.7 cm <= interaction threshold 40.0 cm
2025-12-07 01:07:51 [INFO] pet_follower - Holding last heading, continuing search
2025-12-07 01:07:52 [INFO] pet_follower - Ultrasonic distance 37.7 cm <= interaction threshold 40.0 cm
2025-12-07 01:07:52 [INFO] pet_follower - Target acquired; following
2025-12-07 01:07:52 [INFO] pet_follower - Ultrasonic distance 38.2 cm <= interaction threshold 40.0 cm
2025-12-07 01:07:52 [INFO] pet_follower - Target acquired; following
2025-12-07 01:07:53 [INFO] pet_follower - Ultrasonic distance 37.7 cm <= interaction threshold 40.0 cm
2025-12-07 01:07:53 [INFO] pet_follower - Target acquired; following
2025-12-07 01:07:53 [INFO] pet_follower - Ultrasonic distance 37.7 cm <= interaction threshold 40.0 cm
2025-12-07 01:07:53 [INFO] pet_follower - Target acquired; following
2025-12-07 01:07:53 [INFO] pet_follower - Ultrasonic distance 37.7 cm <= interaction threshold 40.0 cm
2025-12-07 01:07:53 [INFO] pet_follower - Target acquired; following
2025-12-07 01:07:54 [INFO] pet_follower - Ultrasonic distance 37.7 cm <= interaction threshold 40.0 cm
2025-12-07 01:07:54 [INFO] pet_follower - Target acquired; following
2025-12-07 01:07:54 [INFO] pet_follower - Ultrasonic distance 37.7 cm <= interaction threshold 40.0 cm
2025-12-07 01:07:54 [INFO] pet_follower - Target acquired; following
2025-12-07 01:07:54 [INFO] pet_follower - Ultrasonic distance 37.7 cm <= interaction threshold 40.0 cm
2025-12-07 01:07:54 [INFO] pet_follower - Target acquired; following
2025-12-07 01:07:55 [INFO] pet_follower - Ultrasonic distance 37.7 cm <= interaction threshold 40.0 cm
2025-12-07 01:07:55 [INFO] pet_follower - Target acquired; following
2025-12-07 01:07:55 [INFO] pet_follower - Ultrasonic distance 37.7 cm <= interaction threshold 40.0 cm
2025-12-07 01:07:55 [INFO] pet_follower - Target acquired; following
2025-12-07 01:07:56 [INFO] pet_follower - Ultrasonic distance 37.7 cm <= interaction threshold 40.0 cm
2025-12-07 01:07:56 [INFO] pet_follower - Target acquired; following
2025-12-07 01:07:56 [INFO] pet_follower - Ultrasonic distance 37.7 cm <= interaction threshold 40.0 cm
2025-12-07 01:07:56 [INFO] pet_follower - Target acquired; following
2025-12-07 01:07:56 [INFO] pet_follower - Ultrasonic distance 37.2 cm <= interaction threshold 40.0 cm
2025-12-07 01:07:56 [INFO] pet_follower - Target acquired; following
2025-12-07 01:07:57 [INFO] pet_follower - Ultrasonic distance 37.7 cm <= interaction threshold 40.0 cm
2025-12-07 01:07:57 [INFO] pet_follower - Target acquired; following
2025-12-07 01:07:57 [INFO] pet_follower - Ultrasonic distance 37.7 cm <= interaction threshold 40.0 cm
2025-12-07 01:07:57 [INFO] pet_follower - Target acquired; following
2025-12-07 01:07:57 [INFO] pet_follower - Ultrasonic distance 36.0 cm <= interaction threshold 40.0 cm
2025-12-07 01:07:57 [INFO] pet_follower - Target acquired; following
2025-12-07 01:07:58 [INFO] pet_follower - Ultrasonic distance 37.7 cm <= interaction threshold 40.0 cm
2025-12-07 01:07:58 [INFO] pet_follower - Target acquired; following
2025-12-07 01:07:58 [INFO] pet_follower - Ultrasonic distance 37.7 cm <= interaction threshold 40.0 cm
2025-12-07 01:07:58 [INFO] pet_follower - Starting celebration: _celebration_spin
2025-12-07 01:07:58 [WARNING] pet_follower - Celebration sound missing: /home/pi/cl4750/test/picar-x/sounds/dog_sound.wav
2025-12-07 01:07:58 [INFO] pet_follower - Holding last heading, continuing search
2025-12-07 01:07:59 [INFO] pet_follower - Ultrasonic distance 37.7 cm <= interaction threshold 40.0 cm
2025-12-07 01:07:59 [INFO] pet_follower - Target acquired; following
2025-12-07 01:07:59 [INFO] pet_follower - Ultrasonic distance 37.7 cm <= interaction threshold 40.0 cm
2025-12-07 01:07:59 [INFO] pet_follower - Holding last heading, continuing search
2025-12-07 01:07:59 [INFO] pet_follower - Ultrasonic distance 37.7 cm <= interaction threshold 40.0 cm
2025-12-07 01:07:59 [INFO] pet_follower - Holding last heading, continuing search
2025-12-07 01:08:00 [INFO] pet_follower - Ultrasonic distance 37.7 cm <= interaction threshold 40.0 cm
2025-12-07 01:08:00 [INFO] pet_follower - Target acquired; following
2025-12-07 01:08:00 [INFO] pet_follower - Ultrasonic distance 37.7 cm <= interaction threshold 40.0 cm
2025-12-07 01:08:00 [INFO] pet_follower - Target acquired; following
2025-12-07 01:08:01 [INFO] pet_follower - Ultrasonic distance 37.7 cm <= interaction threshold 40.0 cm
2025-12-07 01:08:01 [INFO] pet_follower - Target acquired; following
2025-12-07 01:08:01 [INFO] pet_follower - Ultrasonic distance 37.7 cm <= interaction threshold 40.0 cm
2025-12-07 01:08:01 [INFO] pet_follower - Target acquired; following
2025-12-07 01:08:02 [INFO] pet_follower - Ultrasonic distance 37.7 cm <= interaction threshold 40.0 cm
2025-12-07 01:08:02 [INFO] pet_follower - Target acquired; following
2025-12-07 01:08:02 [INFO] pet_follower - Ultrasonic distance 37.7 cm <= interaction threshold 40.0 cm
2025-12-07 01:08:02 [INFO] pet_follower - Target acquired; following
2025-12-07 01:08:02 [INFO] pet_follower - Ultrasonic distance 36.0 cm <= interaction threshold 40.0 cm
2025-12-07 01:08:02 [INFO] pet_follower - Target acquired; following
2025-12-07 01:08:03 [INFO] pet_follower - Ultrasonic distance 37.7 cm <= interaction threshold 40.0 cm
2025-12-07 01:08:03 [INFO] pet_follower - Target acquired; following
2025-12-07 01:08:03 [INFO] pet_follower - Ultrasonic distance 37.7 cm <= interaction threshold 40.0 cm
2025-12-07 01:08:03 [INFO] pet_follower - Holding last heading, continuing search
2025-12-07 01:08:03 [INFO] pet_follower - Ultrasonic distance 37.7 cm <= interaction threshold 40.0 cm
2025-12-07 01:08:03 [INFO] pet_follower - Target acquired; following
2025-12-07 01:08:04 [INFO] pet_follower - Ultrasonic distance 37.7 cm <= interaction threshold 40.0 cm
2025-12-07 01:08:04 [INFO] pet_follower - Target acquired; following
2025-12-07 01:08:04 [INFO] pet_follower - Ultrasonic distance 36.0 cm <= interaction threshold 40.0 cm
2025-12-07 01:08:04 [INFO] pet_follower - Holding last heading, continuing search
2025-12-07 01:08:05 [INFO] pet_follower - Ultrasonic distance 34.7 cm <= interaction threshold 40.0 cm
2025-12-07 01:08:05 [INFO] pet_follower - Target acquired; following
2025-12-07 01:08:05 [INFO] pet_follower - Ultrasonic distance 37.2 cm <= interaction threshold 40.0 cm
2025-12-07 01:08:05 [INFO] pet_follower - Target acquired; following
2025-12-07 01:08:05 [INFO] pet_follower - Ultrasonic distance 34.7 cm <= interaction threshold 40.0 cm
2025-12-07 01:08:05 [INFO] pet_follower - Target acquired; following
2025-12-07 01:08:06 [INFO] pet_follower - Ultrasonic distance 38.2 cm <= interaction threshold 40.0 cm
2025-12-07 01:08:06 [INFO] pet_follower - Target acquired; following
2025-12-07 01:08:06 [INFO] pet_follower - Ultrasonic distance 37.7 cm <= interaction threshold 40.0 cm
2025-12-07 01:08:06 [INFO] pet_follower - Target acquired; following
2025-12-07 01:08:06 [INFO] pet_follower - Target acquired; following
2025-12-07 01:08:07 [INFO] pet_follower - Ultrasonic distance 31.1 cm <= interaction threshold 40.0 cm
2025-12-07 01:08:07 [INFO] pet_follower - Target acquired; following
2025-12-07 01:08:07 [INFO] pet_follower - Ultrasonic distance 36.6 cm <= interaction threshold 40.0 cm
2025-12-07 01:08:07 [INFO] pet_follower - Holding last heading, continuing search
2025-12-07 01:08:08 [INFO] pet_follower - Holding last heading, continuing search
2025-12-07 01:08:10 [INFO] pet_follower - Pet follower loop stopped
2025-12-07 04:02:53 [INFO] pet_follower - Motion controller initialized
2025-12-07 04:02:54 [INFO] pet_follower - Interaction ready with 2 celebration behaviors
2025-12-07 04:02:54 [INFO] pet_follower - Loading YOLO model from yolov8n.pt
2025-12-07 04:02:55 [INFO] pet_follower - Camera manager starting up
2025-12-07 04:02:55 [INFO] pet_follower - Web API server started
2025-12-07 04:02:55 [INFO] pet_follower - Picamera2 started with resolution 640x480 format=RGB888
2025-12-07 04:03:12 [WARNING] pet_follower - Error fetching GCP log: All connection attempts failed
2025-12-07 04:03:22 [WARNING] pet_follower - Error fetching GCP log: All connection attempts failed
2025-12-07 04:03:27 [INFO] pet_follower - Pet follower loop starting
2025-12-07 04:03:32 [WARNING] pet_follower - Error fetching GCP log: All connection attempts failed
2025-12-07 04:03:33 [INFO] pet_follower - Search timeout exceeded - request chassis turn
2025-12-07 04:03:40 [INFO] pet_follower - Search timeout exceeded - request chassis turn
2025-12-07 04:03:42 [WARNING] pet_follower - Error fetching GCP log: All connection attempts failed
2025-12-07 04:03:47 [INFO] pet_follower - Search timeout exceeded - request chassis turn
2025-12-07 04:03:49 [INFO] pet_follower - Pet follower loop stopped
2025-12-07 04:03:52 [WARNING] pet_follower - Error fetching GCP log: All connection attempts failed
2025-12-07 04:04:02 [WARNING] pet_follower - Error fetching GCP log: All connection attempts failed
2025-12-07 04:04:12 [WARNING] pet_follower - Error fetching GCP log: All connection attempts failed
2025-12-07 04:04:16 [INFO] pet_follower - Manual drive direction=backward speed=45 duration=0.8
2025-12-07 04:04:18 [INFO] pet_follower - Manual drive direction=left speed=45 duration=0.8
2025-12-07 04:04:22 [WARNING] pet_follower - Error fetching GCP log: All connection attempts failed
2025-12-07 04:04:32 [WARNING] pet_follower - Error fetching GCP log: All connection attempts failed
2025-12-07 04:04:42 [WARNING] pet_follower - Error fetching GCP log: All connection attempts failed
2025-12-07 04:04:52 [WARNING] pet_follower - Error fetching GCP log: All connection attempts failed
2025-12-07 04:05:02 [WARNING] pet_follower - Error fetching GCP log: All connection attempts failed
2025-12-07 04:06:12 [WARNING] pet_follower - Error fetching GCP log: All connection attempts failed
2025-12-07 04:16:29 [INFO] pet_follower - Motion controller initialized
2025-12-07 04:16:30 [INFO] pet_follower - Interaction ready with 2 celebration behaviors
2025-12-07 04:16:30 [INFO] pet_follower - Loading YOLO model from yolov8n.pt
2025-12-07 04:16:30 [INFO] pet_follower - Camera manager starting up
2025-12-07 04:16:30 [INFO] pet_follower - Web API server started
2025-12-07 04:16:31 [INFO] pet_follower - Picamera2 started with resolution 640x480 format=RGB888
2025-12-07 04:16:47 [WARNING] pet_follower - Error fetching GCP log: All connection attempts failed
2025-12-07 04:16:56 [WARNING] pet_follower - Error fetching GCP log: All connection attempts failed
2025-12-07 04:17:04 [WARNING] pet_follower - Error fetching GCP log: All connection attempts failed
2025-12-07 04:17:09 [WARNING] pet_follower - Error fetching GCP log: All connection attempts failed
2025-12-07 04:17:20 [WARNING] pet_follower - Error fetching GCP log: All connection attempts failed
2025-12-07 04:17:30 [WARNING] pet_follower - Error fetching GCP log: All connection attempts failed
2025-12-07 04:18:00 [WARNING] pet_follower - Error fetching GCP log: All connection attempts failed
2025-12-07 04:18:10 [WARNING] pet_follower - Error fetching GCP log: All connection attempts failed
2025-12-07 04:18:20 [WARNING] pet_follower - Error fetching GCP log: All connection attempts failed
2025-12-07 04:18:30 [WARNING] pet_follower - Error fetching GCP log: All connection attempts failed
2025-12-07 04:18:40 [WARNING] pet_follower - Error fetching GCP log: All connection attempts failed
2025-12-07 04:18:50 [WARNING] pet_follower - Error fetching GCP log: All connection attempts failed
2025-12-07 04:18:57 [INFO] pet_follower - Manual drive direction=backward speed=45 duration=0.8
2025-12-07 04:19:07 [INFO] pet_follower - Manual drive direction=forward speed=45 duration=1.9
2025-12-07 04:19:23 [WARNING] pet_follower - Error fetching GCP log: All connection attempts failed
2025-12-07 04:19:26 [WARNING] pet_follower - Error fetching GCP log: All connection attempts failed
2025-12-07 04:19:36 [WARNING] pet_follower - Error fetching GCP log: All connection attempts failed
2025-12-07 04:19:41 [WARNING] pet_follower - Error fetching GCP log: All connection attempts failed
2025-12-07 04:19:42 [WARNING] pet_follower - Error fetching GCP log: All connection attempts failed
2025-12-07 04:19:43 [WARNING] pet_follower - Error fetching GCP log: All connection attempts failed
2025-12-07 04:19:44 [WARNING] pet_follower - Error fetching GCP log: All connection attempts failed
2025-12-07 04:19:46 [WARNING] pet_follower - Error fetching GCP log: All connection attempts failed
2025-12-07 04:19:47 [WARNING] pet_follower - Error fetching GCP log: All connection attempts failed
2025-12-07 04:19:49 [WARNING] pet_follower - Error fetching GCP log: All connection attempts failed
2025-12-07 04:19:59 [WARNING] pet_follower - Error fetching GCP log: All connection attempts failed
2025-12-07 04:20:10 [WARNING] pet_follower - Error fetching GCP log: All connection attempts failed
2025-12-07 04:20:20 [WARNING] pet_follower - Error fetching GCP log: All connection attempts failed
2025-12-07 04:20:31 [WARNING] pet_follower - Error fetching GCP log: All connection attempts failed
2025-12-07 04:20:40 [WARNING] pet_follower - Error fetching GCP log: All connection attempts failed
2025-12-07 04:20:50 [WARNING] pet_follower - Error fetching GCP log: All connection attempts failed
2025-12-07 04:21:00 [WARNING] pet_follower - Error fetching GCP log: All connection attempts failed
2025-12-07 04:21:10 [WARNING] pet_follower - Error fetching GCP log: All connection attempts failed
2025-12-07 04:21:20 [WARNING] pet_follower - Error fetching GCP log: All connection attempts failed
2025-12-07 04:21:30 [WARNING] pet_follower - Error fetching GCP log: All connection attempts failed
2025-12-07 04:21:40 [WARNING] pet_follower - Error fetching GCP log: All connection attempts failed
2025-12-07 04:21:51 [WARNING] pet_follower - Error fetching GCP log: All connection attempts failed
2025-12-07 04:22:14 [WARNING] pet_follower - Error fetching GCP log: All connection attempts failed
2025-12-07 04:23:14 [WARNING] pet_follower - Error fetching GCP log: All connection attempts failed
2025-12-07 04:24:14 [WARNING] pet_follower - Error fetching GCP log: All connection attempts failed
2025-12-07 04:26:28 [WARNING] pet_follower - Error fetching GCP log: All connection attempts failed
2025-12-07 04:32:12 [WARNING] pet_follower - Error fetching GCP log: All connection attempts failed
2025-12-07 04:32:22 [WARNING] pet_follower - Error fetching GCP log: All connection attempts failed
2025-12-07 04:32:33 [WARNING] pet_follower - Error fetching GCP log: All connection attempts failed
2025-12-07 04:32:42 [WARNING] pet_follower - Error fetching GCP log: All connection attempts failed
2025-12-07 04:32:52 [WARNING] pet_follower - Error fetching GCP log: All connection attempts failed
2025-12-07 04:33:02 [WARNING] pet_follower - Error fetching GCP log: All connection attempts failed
2025-12-07 04:33:12 [WARNING] pet_follower - Error fetching GCP log: All connection attempts failed
2025-12-07 04:34:14 [WARNING] pet_follower - Error fetching GCP log: All connection attempts failed
2025-12-07 04:35:14 [WARNING] pet_follower - Error fetching GCP log: All connection attempts failed
2025-12-07 04:35:46 [WARNING] pet_follower - Error fetching GCP log: All connection attempts failed
2025-12-07 04:35:52 [WARNING] pet_follower - Error fetching GCP log: All connection attempts failed
2025-12-07 04:36:02 [WARNING] pet_follower - Error fetching GCP log: All connection attempts failed
2025-12-07 04:36:08 [WARNING] pet_follower - Error fetching GCP log: All connection attempts failed
2025-12-07 04:36:48 [WARNING] pet_follower - Error fetching GCP log: All connection attempts failed
2025-12-07 04:36:51 [WARNING] pet_follower - Error fetching GCP log: All connection attempts failed
2025-12-07 04:37:01 [WARNING] pet_follower - Error fetching GCP log: All connection attempts failed
2025-12-07 04:37:12 [WARNING] pet_follower - Error fetching GCP log: All connection attempts failed
2025-12-07 04:37:22 [WARNING] pet_follower - Error fetching GCP log: All connection attempts failed
2025-12-07 04:37:31 [WARNING] pet_follower - Error fetching GCP log: All connection attempts failed
2025-12-07 04:37:41 [WARNING] pet_follower - Error fetching GCP log: All connection attempts failed
2025-12-07 04:37:51 [WARNING] pet_follower - Error fetching GCP log: All connection attempts failed
2025-12-07 04:38:01 [WARNING] pet_follower - Error fetching GCP log: All connection attempts failed
2025-12-07 04:38:14 [WARNING] pet_follower - Error fetching GCP log: All connection attempts failed
2025-12-07 04:39:13 [WARNING] pet_follower - Error fetching GCP log: All connection attempts failed
2025-12-07 04:40:10 [WARNING] pet_follower - Error fetching GCP log: All connection attempts failed
2025-12-07 04:40:11 [WARNING] pet_follower - Error fetching GCP log: All connection attempts failed
2025-12-07 04:40:12 [WARNING] pet_follower - Error fetching GCP log: All connection attempts failed
2025-12-07 04:40:42 [INFO] pet_follower - Motion controller initialized
2025-12-07 04:40:43 [INFO] pet_follower - Interaction ready with 2 celebration behaviors
2025-12-07 04:40:43 [INFO] pet_follower - Loading YOLO model from yolov8n.pt
2025-12-07 04:40:43 [INFO] pet_follower - Camera manager starting up
2025-12-07 04:40:43 [INFO] pet_follower - Web API server started
2025-12-07 04:40:44 [INFO] pet_follower - Picamera2 started with resolution 640x480 format=RGB888
2025-12-07 04:41:02 [WARNING] pet_follower - Error fetching emotion insight: All connection attempts failed
2025-12-07 04:41:02 [WARNING] pet_follower - Error fetching GCP log: All connection attempts failed
2025-12-07 04:41:21 [INFO] pet_follower - Manual drive direction=backward speed=45 duration=0.8
2025-12-07 04:41:24 [WARNING] pet_follower - Emotion insight request failed: HTTP 404
2025-12-07 04:41:45 [WARNING] pet_follower - Emotion insight request failed: HTTP 404
2025-12-07 04:42:05 [WARNING] pet_follower - Emotion insight request failed: HTTP 404
2025-12-07 04:42:25 [WARNING] pet_follower - Emotion insight request failed: HTTP 404
2025-12-07 04:42:45 [WARNING] pet_follower - Emotion insight request failed: HTTP 404
2025-12-07 04:43:05 [WARNING] pet_follower - Emotion insight request failed: HTTP 404
2025-12-07 04:43:25 [WARNING] pet_follower - Error fetching emotion insight: All connection attempts failed
2025-12-07 04:44:06 [WARNING] pet_follower - Error fetching GCP log: All connection attempts failed
2025-12-07 04:44:06 [WARNING] pet_follower - Error fetching emotion insight: All connection attempts failed
2025-12-07 04:44:14 [WARNING] pet_follower - Error fetching GCP log: All connection attempts failed
2025-12-07 04:44:24 [WARNING] pet_follower - Error fetching GCP log: All connection attempts failed
2025-12-07 04:44:24 [WARNING] pet_follower - Error fetching emotion insight: All connection attempts failed
2025-12-07 04:44:34 [WARNING] pet_follower - Error fetching GCP log: All connection attempts failed
2025-12-07 04:44:44 [WARNING] pet_follower - Error fetching emotion insight: All connection attempts failed
2025-12-07 04:44:44 [WARNING] pet_follower - Error fetching GCP log: All connection attempts failed
2025-12-07 04:44:54 [WARNING] pet_follower - Error fetching GCP log: All connection attempts failed
2025-12-07 04:45:04 [WARNING] pet_follower - Error fetching emotion insight: All connection attempts failed
2025-12-07 04:45:04 [WARNING] pet_follower - Error fetching GCP log: All connection attempts failed
2025-12-07 04:45:14 [WARNING] pet_follower - Error fetching GCP log: All connection attempts failed
2025-12-07 04:45:24 [WARNING] pet_follower - Error fetching emotion insight: All connection attempts failed
2025-12-07 04:45:24 [WARNING] pet_follower - Error fetching GCP log: All connection attempts failed
2025-12-07 04:45:35 [WARNING] pet_follower - Error fetching GCP log: All connection attempts failed
2025-12-07 04:45:45 [WARNING] pet_follower - Error fetching GCP log: All connection attempts failed
2025-12-07 04:45:45 [WARNING] pet_follower - Error fetching emotion insight: All connection attempts failed
2025-12-07 04:45:54 [WARNING] pet_follower - Error fetching GCP log: All connection attempts failed
2025-12-07 04:46:04 [WARNING] pet_follower - Error fetching GCP log: All connection attempts failed
2025-12-07 04:46:04 [WARNING] pet_follower - Error fetching emotion insight: All connection attempts failed
2025-12-07 04:46:14 [WARNING] pet_follower - Error fetching GCP log: All connection attempts failed
2025-12-07 04:46:24 [WARNING] pet_follower - Error fetching GCP log: All connection attempts failed
2025-12-07 04:46:24 [WARNING] pet_follower - Error fetching emotion insight: All connection attempts failed
2025-12-07 04:47:14 [WARNING] pet_follower - Error fetching emotion insight: All connection attempts failed
2025-12-07 04:47:14 [WARNING] pet_follower - Error fetching GCP log: All connection attempts failed
2025-12-07 04:48:14 [WARNING] pet_follower - Error fetching GCP log: All connection attempts failed
2025-12-07 04:48:14 [WARNING] pet_follower - Error fetching emotion insight: All connection attempts failed
2025-12-07 04:48:35 [WARNING] pet_follower - Emotion insight request failed: HTTP 404
2025-12-07 04:48:37 [WARNING] pet_follower - Emotion insight request failed: HTTP 404
2025-12-07 04:48:57 [WARNING] pet_follower - Emotion insight request failed: HTTP 404
2025-12-07 04:49:07 [WARNING] pet_follower - Error fetching GCP log: All connection attempts failed
2025-12-07 04:49:17 [WARNING] pet_follower - Error fetching GCP log: All connection attempts failed
2025-12-07 04:49:17 [WARNING] pet_follower - Error fetching emotion insight: All connection attempts failed
2025-12-07 04:49:28 [WARNING] pet_follower - Error fetching GCP log: All connection attempts failed
2025-12-07 04:49:37 [WARNING] pet_follower - Error fetching GCP log: All connection attempts failed
2025-12-07 04:49:37 [WARNING] pet_follower - Error fetching emotion insight: All connection attempts failed
2025-12-07 04:49:47 [WARNING] pet_follower - Error fetching GCP log: All connection attempts failed
2025-12-07 04:51:37 [WARNING] pet_follower - Error fetching GCP log: 
2025-12-07 04:51:40 [WARNING] pet_follower - Error fetching emotion insight: All connection attempts failed
2025-12-07 04:51:40 [WARNING] pet_follower - Error fetching GCP log: All connection attempts failed
2025-12-07 04:59:33 [INFO] pet_follower - Manual drive direction=right speed=45 duration=0.8
2025-12-07 04:59:36 [INFO] pet_follower - Manual drive direction=left speed=45 duration=0.8
2025-12-07 05:12:08 [INFO] pet_follower - Mark event: Untitled event
2025-12-07 05:18:17 [WARNING] pet_follower - Error fetching GCP log: All connection attempts failed
2025-12-07 05:18:18 [WARNING] pet_follower - Error fetching emotion insight: All connection attempts failed
2025-12-07 05:18:27 [INFO] pet_follower - Manual drive direction=backward speed=45 duration=0.8
2025-12-07 05:18:29 [INFO] pet_follower - Manual drive direction=left speed=45 duration=0.8
2025-12-07 05:18:35 [INFO] pet_follower - Pet follower loop starting
2025-12-07 05:18:41 [INFO] pet_follower - Search timeout exceeded - request chassis turn
2025-12-07 05:18:43 [INFO] pet_follower - Pet follower loop stopped
2025-12-07 05:20:13 [INFO] pet_follower - Manual drive direction=right speed=45 duration=0.8
2025-12-07 05:22:48 [INFO] pet_follower - Pet follower loop starting
2025-12-07 05:22:52 [INFO] pet_follower - Pet follower loop stopped
2025-12-07 05:23:06 [INFO] pet_follower - Pet follower loop starting
2025-12-07 05:23:11 [INFO] pet_follower - Pet follower loop stopped
2025-12-07 05:23:27 [INFO] pet_follower - Pet follower loop starting
2025-12-07 05:23:33 [INFO] pet_follower - Search timeout exceeded - request chassis turn
2025-12-07 05:23:34 [INFO] pet_follower - Pet follower loop stopped
2025-12-07 05:23:55 [WARNING] pet_follower - Error fetching GCP log: All connection attempts failed
2025-12-07 05:23:55 [WARNING] pet_follower - Error fetching emotion insight: All connection attempts failed
2025-12-07 05:24:05 [WARNING] pet_follower - Error fetching GCP log: All connection attempts failed
2025-12-07 05:24:15 [WARNING] pet_follower - Error fetching GCP log: All connection attempts failed
2025-12-07 05:24:15 [WARNING] pet_follower - Error fetching emotion insight: All connection attempts failed
2025-12-07 05:27:00 [WARNING] pet_follower - Error fetching emotion insight: All connection attempts failed
2025-12-07 05:27:00 [WARNING] pet_follower - Error fetching GCP log: All connection attempts failed
2025-12-07 05:27:10 [WARNING] pet_follower - Error fetching GCP log: All connection attempts failed
2025-12-07 05:27:20 [WARNING] pet_follower - Error fetching emotion insight: All connection attempts failed
2025-12-07 05:27:20 [WARNING] pet_follower - Error fetching GCP log: All connection attempts failed
2025-12-07 05:27:30 [WARNING] pet_follower - Error fetching GCP log: All connection attempts failed
2025-12-07 05:27:40 [WARNING] pet_follower - Error fetching emotion insight: All connection attempts failed
2025-12-07 05:27:40 [WARNING] pet_follower - Error fetching GCP log: All connection attempts failed
2025-12-07 05:27:49 [WARNING] pet_follower - Error fetching GCP log: All connection attempts failed
2025-12-07 05:28:00 [WARNING] pet_follower - Error fetching GCP log: All connection attempts failed
2025-12-07 05:28:00 [WARNING] pet_follower - Error fetching emotion insight: All connection attempts failed
2025-12-07 05:30:52 [WARNING] pet_follower - Error fetching GCP log: All connection attempts failed
2025-12-07 05:31:02 [WARNING] pet_follower - Error fetching emotion insight: All connection attempts failed
2025-12-07 05:31:02 [WARNING] pet_follower - Error fetching GCP log: All connection attempts failed
2025-12-07 05:31:12 [WARNING] pet_follower - Error fetching GCP log: All connection attempts failed
2025-12-07 05:31:22 [WARNING] pet_follower - Error fetching emotion insight: All connection attempts failed
2025-12-07 05:31:22 [WARNING] pet_follower - Error fetching GCP log: All connection attempts failed
2025-12-07 05:31:32 [WARNING] pet_follower - Error fetching GCP log: All connection attempts failed
2025-12-07 05:31:38 [WARNING] pet_follower - Error fetching GCP log: All connection attempts failed
2025-12-07 05:31:38 [WARNING] pet_follower - Error fetching emotion insight: All connection attempts failed
2025-12-07 05:33:36 [WARNING] pet_follower - Error fetching GCP log: All connection attempts failed
2025-12-07 05:33:36 [WARNING] pet_follower - Error fetching emotion insight: All connection attempts failed
2025-12-07 05:33:45 [INFO] pet_follower - Manual drive direction=forward speed=45 duration=0.8
2025-12-07 05:33:59 [WARNING] pet_follower - Error fetching emotion insight: All connection attempts failed
2025-12-07 05:33:59 [WARNING] pet_follower - Error fetching GCP log: All connection attempts failed
2025-12-07 05:37:15 [WARNING] pet_follower - Error fetching GCP log: All connection attempts failed
2025-12-07 05:37:15 [WARNING] pet_follower - Error fetching emotion insight: All connection attempts failed
2025-12-07 05:37:17 [WARNING] pet_follower - Error fetching GCP log: All connection attempts failed
2025-12-07 05:37:17 [WARNING] pet_follower - Error fetching emotion insight: All connection attempts failed
2025-12-07 05:37:18 [WARNING] pet_follower - Error fetching emotion insight: All connection attempts failed
2025-12-07 05:37:18 [WARNING] pet_follower - Error fetching GCP log: All connection attempts failed
2025-12-07 05:37:24 [WARNING] pet_follower - Error fetching GCP log: All connection attempts failed
2025-12-07 05:37:24 [WARNING] pet_follower - Error fetching emotion insight: All connection attempts failed
2025-12-07 05:37:34 [WARNING] pet_follower - Error fetching GCP log: All connection attempts failed
2025-12-07 05:37:44 [WARNING] pet_follower - Error fetching GCP log: All connection attempts failed
2025-12-07 05:37:44 [WARNING] pet_follower - Error fetching emotion insight: All connection attempts failed
2025-12-07 05:37:54 [WARNING] pet_follower - Error fetching GCP log: All connection attempts failed
2025-12-07 05:38:04 [WARNING] pet_follower - Error fetching emotion insight: All connection attempts failed
2025-12-07 05:38:04 [WARNING] pet_follower - Error fetching GCP log: All connection attempts failed
2025-12-07 05:38:14 [WARNING] pet_follower - Error fetching GCP log: All connection attempts failed
2025-12-07 05:38:38 [WARNING] pet_follower - Error fetching emotion insight: All connection attempts failed
2025-12-07 05:38:38 [WARNING] pet_follower - Error fetching GCP log: All connection attempts failed
2025-12-07 05:38:49 [WARNING] pet_follower - Error fetching GCP log: All connection attempts failed
2025-12-07 05:38:59 [WARNING] pet_follower - Error fetching GCP log: All connection attempts failed
2025-12-07 05:38:59 [WARNING] pet_follower - Error fetching emotion insight: All connection attempts failed
2025-12-07 05:39:09 [WARNING] pet_follower - Error fetching GCP log: All connection attempts failed
2025-12-07 05:39:19 [WARNING] pet_follower - Error fetching emotion insight: All connection attempts failed
2025-12-07 05:39:19 [WARNING] pet_follower - Error fetching GCP log: All connection attempts failed
2025-12-07 05:39:29 [WARNING] pet_follower - Error fetching GCP log: All connection attempts failed
2025-12-07 05:39:39 [WARNING] pet_follower - Error fetching GCP log: All connection attempts failed
2025-12-07 05:39:39 [WARNING] pet_follower - Error fetching emotion insight: All connection attempts failed
2025-12-07 05:39:49 [WARNING] pet_follower - Error fetching GCP log: All connection attempts failed
2025-12-07 05:39:59 [WARNING] pet_follower - Error fetching emotion insight: All connection attempts failed
2025-12-07 05:40:01 [WARNING] pet_follower - Error fetching GCP log: All connection attempts failed
2025-12-07 05:40:08 [WARNING] pet_follower - Error fetching GCP log: All connection attempts failed
2025-12-07 05:40:18 [WARNING] pet_follower - Error fetching emotion insight: All connection attempts failed
2025-12-07 05:40:18 [WARNING] pet_follower - Error fetching GCP log: All connection attempts failed
2025-12-07 05:40:29 [WARNING] pet_follower - Error fetching GCP log: All connection attempts failed
2025-12-07 05:40:39 [WARNING] pet_follower - Error fetching GCP log: All connection attempts failed
2025-12-07 05:40:39 [WARNING] pet_follower - Error fetching emotion insight: All connection attempts failed
2025-12-07 05:40:49 [WARNING] pet_follower - Error fetching GCP log: All connection attempts failed
2025-12-07 05:40:58 [WARNING] pet_follower - Error fetching GCP log: All connection attempts failed
2025-12-07 05:40:58 [WARNING] pet_follower - Error fetching emotion insight: All connection attempts failed
2025-12-07 05:42:04 [INFO] pet_follower - Motion controller initialized
2025-12-07 05:42:05 [INFO] pet_follower - Interaction ready with 2 celebration behaviors
2025-12-07 05:42:05 [INFO] pet_follower - Loading YOLO model from yolov8n.pt
2025-12-07 05:42:05 [INFO] pet_follower - Camera manager starting up
2025-12-07 05:42:05 [INFO] pet_follower - Web API server started
2025-12-07 05:42:05 [INFO] pet_follower - Picamera2 started with resolution 640x480 format=RGB888
2025-12-07 16:55:20 [INFO] pet_follower - Motion controller initialized
2025-12-07 16:55:20 [INFO] pet_follower - Interaction ready with 2 celebration behaviors
2025-12-07 16:55:20 [INFO] pet_follower - Loading YOLO model from yolov8n.pt
2025-12-07 16:55:21 [INFO] pet_follower - Camera manager starting up
2025-12-07 16:55:21 [INFO] pet_follower - Web API server started
2025-12-07 16:55:21 [INFO] pet_follower - Picamera2 started with resolution 640x480 format=RGB888
2025-12-07 16:55:34 [WARNING] pet_follower - Error fetching GCP log: All connection attempts failed
2025-12-07 16:55:34 [WARNING] pet_follower - Error fetching emotion insight: All connection attempts failed
2025-12-07 16:55:44 [WARNING] pet_follower - Error fetching GCP log: All connection attempts failed
2025-12-07 16:55:47 [INFO] pet_follower - Manual drive direction=backward speed=45 duration=0.8
2025-12-07 16:55:52 [WARNING] pet_follower - Error fetching GCP log: All connection attempts failed
2025-12-07 16:55:52 [WARNING] pet_follower - Error fetching emotion insight: All connection attempts failed
2025-12-07 16:56:03 [WARNING] pet_follower - Error fetching GCP log: All connection attempts failed
2025-12-07 16:59:21 [WARNING] pet_follower - Error fetching GCP log: All connection attempts failed
2025-12-07 16:59:21 [WARNING] pet_follower - Error fetching emotion insight: All connection attempts failed
2025-12-07 16:59:31 [WARNING] pet_follower - Error fetching GCP log: All connection attempts failed
2025-12-07 16:59:41 [WARNING] pet_follower - Error fetching GCP log: All connection attempts failed
2025-12-07 16:59:41 [WARNING] pet_follower - Error fetching emotion insight: All connection attempts failed
2025-12-07 17:00:11 [WARNING] pet_follower - Error fetching GCP log: All connection attempts failed
2025-12-07 17:00:14 [WARNING] pet_follower - Error fetching GCP log: All connection attempts failed
2025-12-07 17:00:14 [WARNING] pet_follower - Error fetching emotion insight: All connection attempts failed
2025-12-07 17:00:24 [WARNING] pet_follower - Error fetching GCP log: All connection attempts failed
2025-12-07 17:05:04 [WARNING] pet_follower - Error fetching GCP log: All connection attempts failed
2025-12-07 17:05:04 [WARNING] pet_follower - Error fetching emotion insight: All connection attempts failed
2025-12-07 17:05:14 [WARNING] pet_follower - Error fetching emotion insight: All connection attempts failed
2025-12-07 17:05:14 [WARNING] pet_follower - Error fetching GCP log: All connection attempts failed
2025-12-07 17:05:24 [WARNING] pet_follower - Error fetching GCP log: All connection attempts failed
2025-12-07 17:05:34 [WARNING] pet_follower - Error fetching GCP log: All connection attempts failed
2025-12-07 17:05:34 [WARNING] pet_follower - Error fetching emotion insight: All connection attempts failed
2025-12-07 17:05:44 [WARNING] pet_follower - Error fetching GCP log: All connection attempts failed
2025-12-07 17:05:54 [WARNING] pet_follower - Error fetching emotion insight: All connection attempts failed
2025-12-07 17:05:54 [WARNING] pet_follower - Error fetching GCP log: All connection attempts failed
2025-12-07 17:06:04 [WARNING] pet_follower - Error fetching GCP log: All connection attempts failed
2025-12-07 17:06:14 [WARNING] pet_follower - Error fetching GCP log: All connection attempts failed
2025-12-07 17:06:14 [WARNING] pet_follower - Error fetching emotion insight: All connection attempts failed
2025-12-07 17:06:24 [WARNING] pet_follower - Error fetching GCP log: All connection attempts failed
2025-12-07 17:06:34 [WARNING] pet_follower - Error fetching GCP log: All connection attempts failed
2025-12-07 17:06:34 [WARNING] pet_follower - Error fetching emotion insight: All connection attempts failed
2025-12-07 17:06:44 [WARNING] pet_follower - Error fetching GCP log: All connection attempts failed
2025-12-07 17:06:54 [WARNING] pet_follower - Error fetching GCP log: All connection attempts failed
2025-12-07 17:06:54 [WARNING] pet_follower - Error fetching emotion insight: All connection attempts failed
2025-12-07 17:07:13 [WARNING] pet_follower - Error fetching GCP log: All connection attempts failed
2025-12-07 17:08:13 [WARNING] pet_follower - Error fetching emotion insight: All connection attempts failed
2025-12-07 17:08:13 [WARNING] pet_follower - Error fetching GCP log: All connection attempts failed
2025-12-07 17:08:44 [WARNING] pet_follower - Error fetching GCP log: All connection attempts failed
2025-12-07 17:08:44 [WARNING] pet_follower - Error fetching emotion insight: All connection attempts failed
2025-12-07 17:08:54 [WARNING] pet_follower - Error fetching emotion insight: All connection attempts failed
2025-12-07 17:08:54 [WARNING] pet_follower - Error fetching GCP log: All connection attempts failed
2025-12-07 17:09:04 [WARNING] pet_follower - Error fetching GCP log: All connection attempts failed
2025-12-07 17:09:14 [WARNING] pet_follower - Error fetching emotion insight: All connection attempts failed
2025-12-07 17:09:14 [WARNING] pet_follower - Error fetching GCP log: All connection attempts failed
2025-12-07 17:09:24 [WARNING] pet_follower - Error fetching GCP log: All connection attempts failed
2025-12-07 17:09:34 [WARNING] pet_follower - Error fetching emotion insight: All connection attempts failed
2025-12-07 17:09:34 [WARNING] pet_follower - Error fetching GCP log: All connection attempts failed
2025-12-07 17:09:44 [WARNING] pet_follower - Error fetching GCP log: All connection attempts failed
2025-12-07 17:10:13 [WARNING] pet_follower - Error fetching emotion insight: All connection attempts failed
2025-12-07 17:10:13 [WARNING] pet_follower - Error fetching GCP log: All connection attempts failed
2025-12-07 17:11:13 [WARNING] pet_follower - Error fetching emotion insight: All connection attempts failed
2025-12-07 17:11:13 [WARNING] pet_follower - Error fetching GCP log: All connection attempts failed
2025-12-07 17:12:13 [WARNING] pet_follower - Error fetching GCP log: All connection attempts failed
2025-12-07 17:12:13 [WARNING] pet_follower - Error fetching emotion insight: All connection attempts failed
2025-12-07 17:13:13 [WARNING] pet_follower - Error fetching GCP log: All connection attempts failed
2025-12-07 17:13:13 [WARNING] pet_follower - Error fetching emotion insight: All connection attempts failed
2025-12-07 17:14:13 [WARNING] pet_follower - Error fetching GCP log: All connection attempts failed
2025-12-07 17:14:13 [WARNING] pet_follower - Error fetching emotion insight: All connection attempts failed
2025-12-07 17:15:13 [WARNING] pet_follower - Error fetching emotion insight: All connection attempts failed
2025-12-07 17:15:13 [WARNING] pet_follower - Error fetching GCP log: All connection attempts failed
2025-12-07 17:16:13 [WARNING] pet_follower - Error fetching emotion insight: All connection attempts failed
2025-12-07 17:16:13 [WARNING] pet_follower - Error fetching GCP log: All connection attempts failed
2025-12-07 17:17:13 [WARNING] pet_follower - Error fetching GCP log: All connection attempts failed
2025-12-07 17:17:13 [WARNING] pet_follower - Error fetching emotion insight: All connection attempts failed
2025-12-07 17:18:13 [WARNING] pet_follower - Error fetching GCP log: All connection attempts failed
2025-12-07 17:18:13 [WARNING] pet_follower - Error fetching emotion insight: All connection attempts failed
2025-12-07 17:18:45 [WARNING] pet_follower - Error fetching emotion insight: All connection attempts failed
2025-12-07 17:18:45 [WARNING] pet_follower - Error fetching GCP log: All connection attempts failed
2025-12-07 17:18:54 [WARNING] pet_follower - Error fetching emotion insight: All connection attempts failed
2025-12-07 17:18:54 [WARNING] pet_follower - Error fetching GCP log: All connection attempts failed
2025-12-07 17:19:07 [INFO] pet_follower - Motion controller initialized
2025-12-07 17:19:07 [INFO] pet_follower - Interaction ready with 2 celebration behaviors
2025-12-07 17:19:07 [INFO] pet_follower - Loading YOLO model from yolov8n.pt
2025-12-07 17:19:07 [INFO] pet_follower - Camera manager starting up
2025-12-07 17:19:07 [INFO] pet_follower - Web API server started
2025-12-07 17:19:08 [INFO] pet_follower - Picamera2 started with resolution 640x480 format=RGB888
2025-12-07 17:20:26 [INFO] pet_follower - Manual drive direction=backward speed=45 duration=0.8
2025-12-07 17:29:36 [INFO] pet_follower - Pet follower loop starting
2025-12-07 17:29:41 [INFO] pet_follower - Search timeout exceeded - request chassis turn
2025-12-07 17:29:43 [WARNING] pet_follower - Obstacle -2.0 cm ahead - backing up
2025-12-07 17:29:44 [WARNING] pet_follower - Movement blocked by safety check
2025-12-07 17:29:44 [WARNING] pet_follower - Obstacle 7.3 cm ahead - backing up
2025-12-07 17:29:44 [WARNING] pet_follower - Movement blocked by safety check
2025-12-07 17:29:49 [INFO] pet_follower - Search timeout exceeded - request chassis turn
2025-12-07 17:29:55 [INFO] pet_follower - Search timeout exceeded - request chassis turn
2025-12-07 17:30:03 [INFO] pet_follower - Search timeout exceeded - request chassis turn
2025-12-07 17:30:05 [INFO] pet_follower - Target acquired; following
2025-12-07 17:30:05 [INFO] pet_follower - Ultrasonic distance 22.4 cm <= interaction threshold 40.0 cm
2025-12-07 17:30:05 [INFO] pet_follower - Starting celebration: _celebration_spin
2025-12-07 17:30:05 [WARNING] pet_follower - Celebration sound missing: /home/pi/cl4750/test/picar-x/sounds/dog_sound.wav
2025-12-07 17:30:05 [INFO] pet_follower - Target acquired; following
2025-12-07 17:30:06 [WARNING] pet_follower - Movement blocked by safety check
2025-12-07 17:30:06 [WARNING] pet_follower - Movement blocked by safety check
2025-12-07 17:30:06 [WARNING] pet_follower - Movement blocked by safety check
2025-12-07 17:30:07 [WARNING] pet_follower - Movement blocked by safety check
2025-12-07 17:30:07 [WARNING] pet_follower - Movement blocked by safety check
2025-12-07 17:30:08 [WARNING] pet_follower - Movement blocked by safety check
2025-12-07 17:30:08 [WARNING] pet_follower - Movement blocked by safety check
2025-12-07 17:30:08 [WARNING] pet_follower - Movement blocked by safety check
2025-12-07 17:30:09 [WARNING] pet_follower - Movement blocked by safety check
2025-12-07 17:30:09 [WARNING] pet_follower - Movement blocked by safety check
2025-12-07 17:30:10 [WARNING] pet_follower - Movement blocked by safety check
2025-12-07 17:30:10 [WARNING] pet_follower - Movement blocked by safety check
2025-12-07 17:30:10 [WARNING] pet_follower - Movement blocked by safety check
2025-12-07 17:30:11 [WARNING] pet_follower - Movement blocked by safety check
2025-12-07 17:30:11 [WARNING] pet_follower - Movement blocked by safety check
2025-12-07 17:30:12 [INFO] pet_follower - Search timeout exceeded - request chassis turn
2025-12-07 17:30:13 [INFO] pet_follower - Ultrasonic distance 33.9 cm <= interaction threshold 40.0 cm
2025-12-07 17:30:13 [INFO] pet_follower - Target acquired; following
2025-12-07 17:30:14 [INFO] pet_follower - Ultrasonic distance 33.6 cm <= interaction threshold 40.0 cm
2025-12-07 17:30:14 [INFO] pet_follower - Target acquired; following
2025-12-07 17:30:14 [INFO] pet_follower - Ultrasonic distance 34.2 cm <= interaction threshold 40.0 cm
2025-12-07 17:30:14 [INFO] pet_follower - Target acquired; following
2025-12-07 17:30:15 [INFO] pet_follower - Ultrasonic distance 34.2 cm <= interaction threshold 40.0 cm
2025-12-07 17:30:15 [INFO] pet_follower - Target acquired; following
2025-12-07 17:30:15 [INFO] pet_follower - Ultrasonic distance 34.2 cm <= interaction threshold 40.0 cm
2025-12-07 17:30:15 [INFO] pet_follower - Target acquired; following
2025-12-07 17:30:15 [INFO] pet_follower - Ultrasonic distance 34.2 cm <= interaction threshold 40.0 cm
2025-12-07 17:30:15 [INFO] pet_follower - Starting celebration: _celebration_spin
2025-12-07 17:30:15 [WARNING] pet_follower - Celebration sound missing: /home/pi/cl4750/test/picar-x/sounds/dog_sound.wav
2025-12-07 17:30:15 [INFO] pet_follower - Target acquired; following
2025-12-07 17:30:16 [INFO] pet_follower - Ultrasonic distance 34.2 cm <= interaction threshold 40.0 cm
2025-12-07 17:30:16 [INFO] pet_follower - Target acquired; following
2025-12-07 17:30:16 [INFO] pet_follower - Ultrasonic distance 34.2 cm <= interaction threshold 40.0 cm
2025-12-07 17:30:16 [INFO] pet_follower - Target acquired; following
2025-12-07 17:30:16 [INFO] pet_follower - Ultrasonic distance 34.2 cm <= interaction threshold 40.0 cm
2025-12-07 17:30:16 [INFO] pet_follower - Target acquired; following
2025-12-07 17:30:17 [INFO] pet_follower - Ultrasonic distance 34.2 cm <= interaction threshold 40.0 cm
2025-12-07 17:30:17 [INFO] pet_follower - Target acquired; following
2025-12-07 17:30:17 [INFO] pet_follower - Ultrasonic distance 34.2 cm <= interaction threshold 40.0 cm
2025-12-07 17:30:17 [INFO] pet_follower - Target acquired; following
2025-12-07 17:30:18 [INFO] pet_follower - Ultrasonic distance 34.2 cm <= interaction threshold 40.0 cm
2025-12-07 17:30:18 [INFO] pet_follower - Target acquired; following
2025-12-07 17:30:18 [INFO] pet_follower - Ultrasonic distance 34.2 cm <= interaction threshold 40.0 cm
2025-12-07 17:30:18 [INFO] pet_follower - Target acquired; following
2025-12-07 17:30:18 [INFO] pet_follower - Ultrasonic distance 34.2 cm <= interaction threshold 40.0 cm
2025-12-07 17:30:18 [INFO] pet_follower - Target acquired; following
2025-12-07 17:30:19 [INFO] pet_follower - Ultrasonic distance 34.2 cm <= interaction threshold 40.0 cm
2025-12-07 17:30:19 [INFO] pet_follower - Target acquired; following
2025-12-07 17:30:19 [INFO] pet_follower - Ultrasonic distance 34.2 cm <= interaction threshold 40.0 cm
2025-12-07 17:30:19 [INFO] pet_follower - Target acquired; following
2025-12-07 17:30:19 [INFO] pet_follower - Ultrasonic distance 34.2 cm <= interaction threshold 40.0 cm
2025-12-07 17:30:19 [INFO] pet_follower - Target acquired; following
2025-12-07 17:30:20 [INFO] pet_follower - Ultrasonic distance 34.2 cm <= interaction threshold 40.0 cm
2025-12-07 17:30:20 [INFO] pet_follower - Target acquired; following
2025-12-07 17:30:20 [INFO] pet_follower - Ultrasonic distance 33.4 cm <= interaction threshold 40.0 cm
2025-12-07 17:30:20 [INFO] pet_follower - Target acquired; following
2025-12-07 17:30:21 [INFO] pet_follower - Ultrasonic distance 34.2 cm <= interaction threshold 40.0 cm
2025-12-07 17:30:21 [INFO] pet_follower - Target acquired; following
2025-12-07 17:30:21 [INFO] pet_follower - Ultrasonic distance 34.2 cm <= interaction threshold 40.0 cm
2025-12-07 17:30:21 [INFO] pet_follower - Target acquired; following
2025-12-07 17:30:21 [INFO] pet_follower - Ultrasonic distance 34.2 cm <= interaction threshold 40.0 cm
2025-12-07 17:30:21 [INFO] pet_follower - Target acquired; following
2025-12-07 17:30:22 [INFO] pet_follower - Ultrasonic distance 34.2 cm <= interaction threshold 40.0 cm
2025-12-07 17:30:22 [INFO] pet_follower - Target acquired; following
2025-12-07 17:30:22 [INFO] pet_follower - Ultrasonic distance 34.2 cm <= interaction threshold 40.0 cm
2025-12-07 17:30:22 [INFO] pet_follower - Target acquired; following
2025-12-07 17:30:23 [INFO] pet_follower - Ultrasonic distance 34.2 cm <= interaction threshold 40.0 cm
2025-12-07 17:30:23 [INFO] pet_follower - Target acquired; following
2025-12-07 17:30:23 [INFO] pet_follower - Ultrasonic distance 33.4 cm <= interaction threshold 40.0 cm
2025-12-07 17:30:23 [INFO] pet_follower - Target acquired; following
2025-12-07 17:30:23 [INFO] pet_follower - Ultrasonic distance 33.4 cm <= interaction threshold 40.0 cm
2025-12-07 17:30:23 [INFO] pet_follower - Target acquired; following
2025-12-07 17:30:24 [INFO] pet_follower - Ultrasonic distance 33.5 cm <= interaction threshold 40.0 cm
2025-12-07 17:30:24 [INFO] pet_follower - Target acquired; following
2025-12-07 17:30:24 [INFO] pet_follower - Ultrasonic distance 33.4 cm <= interaction threshold 40.0 cm
2025-12-07 17:30:24 [INFO] pet_follower - Target acquired; following
2025-12-07 17:30:25 [INFO] pet_follower - Ultrasonic distance 34.2 cm <= interaction threshold 40.0 cm
2025-12-07 17:30:25 [INFO] pet_follower - Target acquired; following
2025-12-07 17:30:25 [INFO] pet_follower - Ultrasonic distance 33.4 cm <= interaction threshold 40.0 cm
2025-12-07 17:30:25 [INFO] pet_follower - Target acquired; following
2025-12-07 17:30:25 [INFO] pet_follower - Ultrasonic distance 33.4 cm <= interaction threshold 40.0 cm
2025-12-07 17:30:25 [INFO] pet_follower - Target acquired; following
2025-12-07 17:30:26 [INFO] pet_follower - Ultrasonic distance 34.2 cm <= interaction threshold 40.0 cm
2025-12-07 17:30:26 [INFO] pet_follower - Starting celebration: _celebration_bounce
2025-12-07 17:30:26 [WARNING] pet_follower - Celebration sound missing: /home/pi/cl4750/test/picar-x/sounds/dog_sound.wav
2025-12-07 17:30:26 [INFO] pet_follower - Target acquired; following
2025-12-07 17:30:26 [INFO] pet_follower - Ultrasonic distance 34.2 cm <= interaction threshold 40.0 cm
2025-12-07 17:30:26 [INFO] pet_follower - Target acquired; following
2025-12-07 17:30:26 [INFO] pet_follower - Ultrasonic distance 34.2 cm <= interaction threshold 40.0 cm
2025-12-07 17:30:26 [INFO] pet_follower - Target acquired; following
2025-12-07 17:30:27 [INFO] pet_follower - Ultrasonic distance 34.2 cm <= interaction threshold 40.0 cm
2025-12-07 17:30:27 [INFO] pet_follower - Target acquired; following
2025-12-07 17:30:27 [INFO] pet_follower - Ultrasonic distance 34.2 cm <= interaction threshold 40.0 cm
2025-12-07 17:30:27 [INFO] pet_follower - Target acquired; following
2025-12-07 17:30:28 [INFO] pet_follower - Ultrasonic distance 34.2 cm <= interaction threshold 40.0 cm
2025-12-07 17:30:28 [INFO] pet_follower - Target acquired; following
2025-12-07 17:30:28 [INFO] pet_follower - Ultrasonic distance 33.4 cm <= interaction threshold 40.0 cm
2025-12-07 17:30:28 [INFO] pet_follower - Target acquired; following
2025-12-07 17:30:28 [INFO] pet_follower - Ultrasonic distance 34.2 cm <= interaction threshold 40.0 cm
2025-12-07 17:30:28 [INFO] pet_follower - Target acquired; following
2025-12-07 17:30:29 [INFO] pet_follower - Ultrasonic distance 34.2 cm <= interaction threshold 40.0 cm
2025-12-07 17:30:29 [INFO] pet_follower - Target acquired; following
2025-12-07 17:30:29 [INFO] pet_follower - Ultrasonic distance 34.2 cm <= interaction threshold 40.0 cm
2025-12-07 17:30:29 [INFO] pet_follower - Target acquired; following
2025-12-07 17:30:30 [INFO] pet_follower - Smart snapshot uploaded - pet resting
2025-12-07 17:30:30 [INFO] pet_follower - Ultrasonic distance 34.2 cm <= interaction threshold 40.0 cm
2025-12-07 17:30:30 [INFO] pet_follower - Target acquired; following
2025-12-07 17:30:30 [INFO] pet_follower - Ultrasonic distance 34.2 cm <= interaction threshold 40.0 cm
2025-12-07 17:30:30 [INFO] pet_follower - Target acquired; following
2025-12-07 17:30:31 [INFO] pet_follower - Ultrasonic distance 34.2 cm <= interaction threshold 40.0 cm
2025-12-07 17:30:31 [INFO] pet_follower - Target acquired; following
2025-12-07 17:30:31 [INFO] pet_follower - Ultrasonic distance 34.2 cm <= interaction threshold 40.0 cm
2025-12-07 17:30:31 [INFO] pet_follower - Target acquired; following
2025-12-07 17:30:31 [INFO] pet_follower - Ultrasonic distance 34.2 cm <= interaction threshold 40.0 cm
2025-12-07 17:30:31 [INFO] pet_follower - Target acquired; following
2025-12-07 17:30:32 [INFO] pet_follower - Ultrasonic distance 34.2 cm <= interaction threshold 40.0 cm
2025-12-07 17:30:32 [INFO] pet_follower - Target acquired; following
2025-12-07 17:30:32 [INFO] pet_follower - Ultrasonic distance 33.4 cm <= interaction threshold 40.0 cm
2025-12-07 17:30:32 [INFO] pet_follower - Target acquired; following
2025-12-07 17:30:32 [INFO] pet_follower - Ultrasonic distance 34.2 cm <= interaction threshold 40.0 cm
2025-12-07 17:30:32 [INFO] pet_follower - Target acquired; following
2025-12-07 17:30:33 [INFO] pet_follower - Ultrasonic distance 34.2 cm <= interaction threshold 40.0 cm
2025-12-07 17:30:33 [INFO] pet_follower - Target acquired; following
2025-12-07 17:30:33 [INFO] pet_follower - Ultrasonic distance 34.2 cm <= interaction threshold 40.0 cm
2025-12-07 17:30:33 [INFO] pet_follower - Target acquired; following
2025-12-07 17:30:34 [INFO] pet_follower - Ultrasonic distance 33.4 cm <= interaction threshold 40.0 cm
2025-12-07 17:30:34 [INFO] pet_follower - Target acquired; following
2025-12-07 17:30:34 [INFO] pet_follower - Ultrasonic distance 34.2 cm <= interaction threshold 40.0 cm
2025-12-07 17:30:34 [INFO] pet_follower - Target acquired; following
2025-12-07 17:30:34 [INFO] pet_follower - Ultrasonic distance 34.2 cm <= interaction threshold 40.0 cm
2025-12-07 17:30:34 [INFO] pet_follower - Target acquired; following
2025-12-07 17:30:35 [INFO] pet_follower - Ultrasonic distance 34.2 cm <= interaction threshold 40.0 cm
2025-12-07 17:30:35 [INFO] pet_follower - Target acquired; following
2025-12-07 17:30:35 [INFO] pet_follower - Ultrasonic distance 34.2 cm <= interaction threshold 40.0 cm
2025-12-07 17:30:35 [INFO] pet_follower - Target acquired; following
2025-12-07 17:30:36 [INFO] pet_follower - Ultrasonic distance 34.2 cm <= interaction threshold 40.0 cm
2025-12-07 17:30:36 [INFO] pet_follower - Target acquired; following
2025-12-07 17:30:36 [INFO] pet_follower - Ultrasonic distance 34.2 cm <= interaction threshold 40.0 cm
2025-12-07 17:30:36 [INFO] pet_follower - Starting celebration: _celebration_bounce
2025-12-07 17:30:36 [WARNING] pet_follower - Celebration sound missing: /home/pi/cl4750/test/picar-x/sounds/dog_sound.wav
2025-12-07 17:30:36 [INFO] pet_follower - Target acquired; following
2025-12-07 17:30:36 [INFO] pet_follower - Ultrasonic distance 34.2 cm <= interaction threshold 40.0 cm
2025-12-07 17:30:36 [INFO] pet_follower - Target acquired; following
2025-12-07 17:30:37 [INFO] pet_follower - Ultrasonic distance 34.2 cm <= interaction threshold 40.0 cm
2025-12-07 17:30:37 [INFO] pet_follower - Target acquired; following
2025-12-07 17:30:37 [INFO] pet_follower - Ultrasonic distance 34.2 cm <= interaction threshold 40.0 cm
2025-12-07 17:30:37 [INFO] pet_follower - Target acquired; following
2025-12-07 17:30:37 [INFO] pet_follower - Ultrasonic distance 34.2 cm <= interaction threshold 40.0 cm
2025-12-07 17:30:37 [INFO] pet_follower - Target acquired; following
2025-12-07 17:30:38 [INFO] pet_follower - Ultrasonic distance 34.2 cm <= interaction threshold 40.0 cm
2025-12-07 17:30:38 [INFO] pet_follower - Target acquired; following
2025-12-07 17:30:38 [INFO] pet_follower - Ultrasonic distance 33.4 cm <= interaction threshold 40.0 cm
2025-12-07 17:30:38 [INFO] pet_follower - Target acquired; following
2025-12-07 17:30:39 [INFO] pet_follower - Ultrasonic distance 34.2 cm <= interaction threshold 40.0 cm
2025-12-07 17:30:39 [INFO] pet_follower - Target acquired; following
2025-12-07 17:30:39 [INFO] pet_follower - Ultrasonic distance 34.2 cm <= interaction threshold 40.0 cm
2025-12-07 17:30:39 [INFO] pet_follower - Target acquired; following
2025-12-07 17:30:39 [INFO] pet_follower - Ultrasonic distance 33.4 cm <= interaction threshold 40.0 cm
2025-12-07 17:30:39 [INFO] pet_follower - Target acquired; following
2025-12-07 17:30:40 [INFO] pet_follower - Ultrasonic distance 34.2 cm <= interaction threshold 40.0 cm
2025-12-07 17:30:40 [INFO] pet_follower - Target acquired; following
2025-12-07 17:30:40 [INFO] pet_follower - Ultrasonic distance 34.2 cm <= interaction threshold 40.0 cm
2025-12-07 17:30:40 [INFO] pet_follower - Target acquired; following
2025-12-07 17:30:40 [INFO] pet_follower - Ultrasonic distance 34.2 cm <= interaction threshold 40.0 cm
2025-12-07 17:30:40 [INFO] pet_follower - Target acquired; following
2025-12-07 17:30:41 [INFO] pet_follower - Ultrasonic distance 34.2 cm <= interaction threshold 40.0 cm
2025-12-07 17:30:41 [INFO] pet_follower - Target acquired; following
2025-12-07 17:30:41 [INFO] pet_follower - Ultrasonic distance 34.2 cm <= interaction threshold 40.0 cm
2025-12-07 17:30:41 [INFO] pet_follower - Target acquired; following
2025-12-07 17:30:42 [INFO] pet_follower - Ultrasonic distance 34.2 cm <= interaction threshold 40.0 cm
2025-12-07 17:30:42 [INFO] pet_follower - Target acquired; following
2025-12-07 17:30:42 [INFO] pet_follower - Ultrasonic distance 33.4 cm <= interaction threshold 40.0 cm
2025-12-07 17:30:42 [INFO] pet_follower - Target acquired; following
2025-12-07 17:30:42 [INFO] pet_follower - Ultrasonic distance 34.2 cm <= interaction threshold 40.0 cm
2025-12-07 17:30:42 [INFO] pet_follower - Target acquired; following
2025-12-07 17:30:43 [INFO] pet_follower - Ultrasonic distance 33.4 cm <= interaction threshold 40.0 cm
2025-12-07 17:30:43 [INFO] pet_follower - Target acquired; following
2025-12-07 17:30:43 [INFO] pet_follower - Ultrasonic distance 34.2 cm <= interaction threshold 40.0 cm
2025-12-07 17:30:43 [INFO] pet_follower - Target acquired; following
2025-12-07 17:30:43 [INFO] pet_follower - Ultrasonic distance 34.2 cm <= interaction threshold 40.0 cm
2025-12-07 17:30:43 [INFO] pet_follower - Target acquired; following
2025-12-07 17:30:44 [INFO] pet_follower - Ultrasonic distance 34.2 cm <= interaction threshold 40.0 cm
2025-12-07 17:30:44 [INFO] pet_follower - Target acquired; following
2025-12-07 17:30:44 [INFO] pet_follower - Ultrasonic distance 34.2 cm <= interaction threshold 40.0 cm
2025-12-07 17:30:44 [INFO] pet_follower - Target acquired; following
2025-12-07 17:30:45 [INFO] pet_follower - Ultrasonic distance 34.2 cm <= interaction threshold 40.0 cm
2025-12-07 17:30:45 [INFO] pet_follower - Target acquired; following
2025-12-07 17:30:45 [INFO] pet_follower - Ultrasonic distance 34.2 cm <= interaction threshold 40.0 cm
2025-12-07 17:30:45 [INFO] pet_follower - Target acquired; following
2025-12-07 17:30:45 [INFO] pet_follower - Ultrasonic distance 34.2 cm <= interaction threshold 40.0 cm
2025-12-07 17:30:45 [INFO] pet_follower - Target acquired; following
2025-12-07 17:30:46 [INFO] pet_follower - Ultrasonic distance 34.2 cm <= interaction threshold 40.0 cm
2025-12-07 17:30:46 [INFO] pet_follower - Target acquired; following
2025-12-07 17:30:46 [INFO] pet_follower - Ultrasonic distance 34.2 cm <= interaction threshold 40.0 cm
2025-12-07 17:30:46 [INFO] pet_follower - Starting celebration: _celebration_spin
2025-12-07 17:30:46 [WARNING] pet_follower - Celebration sound missing: /home/pi/cl4750/test/picar-x/sounds/dog_sound.wav
2025-12-07 17:30:46 [INFO] pet_follower - Target acquired; following
2025-12-07 17:30:47 [INFO] pet_follower - Ultrasonic distance 34.2 cm <= interaction threshold 40.0 cm
2025-12-07 17:30:47 [INFO] pet_follower - Target acquired; following
2025-12-07 17:30:47 [INFO] pet_follower - Ultrasonic distance 34.2 cm <= interaction threshold 40.0 cm
2025-12-07 17:30:47 [INFO] pet_follower - Target acquired; following
2025-12-07 17:30:47 [INFO] pet_follower - Ultrasonic distance 34.3 cm <= interaction threshold 40.0 cm
2025-12-07 17:30:47 [INFO] pet_follower - Target acquired; following
2025-12-07 17:30:48 [INFO] pet_follower - Ultrasonic distance 34.5 cm <= interaction threshold 40.0 cm
2025-12-07 17:30:48 [INFO] pet_follower - Target acquired; following
2025-12-07 17:30:48 [INFO] pet_follower - Ultrasonic distance 34.2 cm <= interaction threshold 40.0 cm
2025-12-07 17:30:48 [INFO] pet_follower - Target acquired; following
2025-12-07 17:30:48 [INFO] pet_follower - Ultrasonic distance 34.2 cm <= interaction threshold 40.0 cm
2025-12-07 17:30:48 [INFO] pet_follower - Target acquired; following
2025-12-07 17:30:49 [INFO] pet_follower - Ultrasonic distance 33.4 cm <= interaction threshold 40.0 cm
2025-12-07 17:30:49 [INFO] pet_follower - Target acquired; following
2025-12-07 17:30:49 [INFO] pet_follower - Ultrasonic distance 34.2 cm <= interaction threshold 40.0 cm
2025-12-07 17:30:49 [INFO] pet_follower - Target acquired; following
2025-12-07 17:30:50 [INFO] pet_follower - Ultrasonic distance 34.2 cm <= interaction threshold 40.0 cm
2025-12-07 17:30:50 [INFO] pet_follower - Target acquired; following
2025-12-07 17:30:50 [INFO] pet_follower - Ultrasonic distance 34.2 cm <= interaction threshold 40.0 cm
2025-12-07 17:30:50 [INFO] pet_follower - Target acquired; following
2025-12-07 17:30:50 [INFO] pet_follower - Ultrasonic distance 34.2 cm <= interaction threshold 40.0 cm
2025-12-07 17:30:50 [INFO] pet_follower - Target acquired; following
2025-12-07 17:30:51 [INFO] pet_follower - Ultrasonic distance 34.2 cm <= interaction threshold 40.0 cm
2025-12-07 17:30:51 [INFO] pet_follower - Target acquired; following
2025-12-07 17:30:51 [INFO] pet_follower - Ultrasonic distance 33.4 cm <= interaction threshold 40.0 cm
2025-12-07 17:30:51 [INFO] pet_follower - Target acquired; following
2025-12-07 17:30:52 [INFO] pet_follower - Ultrasonic distance 34.2 cm <= interaction threshold 40.0 cm
2025-12-07 17:30:52 [INFO] pet_follower - Target acquired; following
2025-12-07 17:30:52 [INFO] pet_follower - Ultrasonic distance 34.2 cm <= interaction threshold 40.0 cm
2025-12-07 17:30:52 [INFO] pet_follower - Target acquired; following
2025-12-07 17:30:52 [INFO] pet_follower - Ultrasonic distance 34.2 cm <= interaction threshold 40.0 cm
2025-12-07 17:30:52 [INFO] pet_follower - Target acquired; following
2025-12-07 17:30:53 [INFO] pet_follower - Ultrasonic distance 33.4 cm <= interaction threshold 40.0 cm
2025-12-07 17:30:53 [INFO] pet_follower - Target acquired; following
2025-12-07 17:30:53 [INFO] pet_follower - Ultrasonic distance 33.4 cm <= interaction threshold 40.0 cm
2025-12-07 17:30:53 [INFO] pet_follower - Target acquired; following
2025-12-07 17:30:53 [INFO] pet_follower - Ultrasonic distance 33.4 cm <= interaction threshold 40.0 cm
2025-12-07 17:30:53 [INFO] pet_follower - Target acquired; following
2025-12-07 17:30:54 [INFO] pet_follower - Ultrasonic distance 34.2 cm <= interaction threshold 40.0 cm
2025-12-07 17:30:54 [INFO] pet_follower - Target acquired; following
2025-12-07 17:30:54 [INFO] pet_follower - Ultrasonic distance 33.4 cm <= interaction threshold 40.0 cm
2025-12-07 17:30:54 [INFO] pet_follower - Target acquired; following
2025-12-07 17:30:55 [INFO] pet_follower - Ultrasonic distance 33.5 cm <= interaction threshold 40.0 cm
2025-12-07 17:30:55 [INFO] pet_follower - Target acquired; following
2025-12-07 17:30:55 [INFO] pet_follower - Ultrasonic distance 34.2 cm <= interaction threshold 40.0 cm
2025-12-07 17:30:55 [INFO] pet_follower - Target acquired; following
2025-12-07 17:30:55 [INFO] pet_follower - Ultrasonic distance 33.4 cm <= interaction threshold 40.0 cm
2025-12-07 17:30:55 [INFO] pet_follower - Target acquired; following
2025-12-07 17:30:56 [INFO] pet_follower - Ultrasonic distance 33.5 cm <= interaction threshold 40.0 cm
2025-12-07 17:30:56 [INFO] pet_follower - Target acquired; following
2025-12-07 17:30:56 [INFO] pet_follower - Ultrasonic distance 33.4 cm <= interaction threshold 40.0 cm
2025-12-07 17:30:56 [INFO] pet_follower - Target acquired; following
2025-12-07 17:30:56 [INFO] pet_follower - Ultrasonic distance 34.2 cm <= interaction threshold 40.0 cm
2025-12-07 17:30:56 [INFO] pet_follower - Starting celebration: _celebration_bounce
2025-12-07 17:30:56 [WARNING] pet_follower - Celebration sound missing: /home/pi/cl4750/test/picar-x/sounds/dog_sound.wav
2025-12-07 17:30:56 [INFO] pet_follower - Target acquired; following
2025-12-07 17:30:57 [INFO] pet_follower - Ultrasonic distance 34.2 cm <= interaction threshold 40.0 cm
2025-12-07 17:30:57 [INFO] pet_follower - Target acquired; following
2025-12-07 17:30:57 [INFO] pet_follower - Ultrasonic distance 33.4 cm <= interaction threshold 40.0 cm
2025-12-07 17:30:57 [INFO] pet_follower - Target acquired; following
2025-12-07 17:30:58 [INFO] pet_follower - Ultrasonic distance 33.4 cm <= interaction threshold 40.0 cm
2025-12-07 17:30:58 [INFO] pet_follower - Target acquired; following
2025-12-07 17:30:58 [INFO] pet_follower - Ultrasonic distance 33.4 cm <= interaction threshold 40.0 cm
2025-12-07 17:30:58 [INFO] pet_follower - Target acquired; following
2025-12-07 17:30:58 [INFO] pet_follower - Ultrasonic distance 34.2 cm <= interaction threshold 40.0 cm
2025-12-07 17:30:58 [INFO] pet_follower - Target acquired; following
2025-12-07 17:30:59 [INFO] pet_follower - Ultrasonic distance 34.2 cm <= interaction threshold 40.0 cm
2025-12-07 17:30:59 [INFO] pet_follower - Target acquired; following
2025-12-07 17:30:59 [INFO] pet_follower - Ultrasonic distance 34.2 cm <= interaction threshold 40.0 cm
2025-12-07 17:30:59 [INFO] pet_follower - Target acquired; following
2025-12-07 17:30:59 [INFO] pet_follower - Ultrasonic distance 33.4 cm <= interaction threshold 40.0 cm
2025-12-07 17:31:00 [INFO] pet_follower - Target acquired; following
2025-12-07 17:31:00 [INFO] pet_follower - Ultrasonic distance 34.2 cm <= interaction threshold 40.0 cm
2025-12-07 17:31:00 [INFO] pet_follower - Target acquired; following
2025-12-07 17:31:00 [INFO] pet_follower - Ultrasonic distance 34.2 cm <= interaction threshold 40.0 cm
2025-12-07 17:31:00 [INFO] pet_follower - Target acquired; following
2025-12-07 17:31:01 [INFO] pet_follower - Ultrasonic distance 34.2 cm <= interaction threshold 40.0 cm
2025-12-07 17:31:01 [INFO] pet_follower - Target acquired; following
2025-12-07 17:31:01 [INFO] pet_follower - Ultrasonic distance 34.2 cm <= interaction threshold 40.0 cm
2025-12-07 17:31:01 [INFO] pet_follower - Target acquired; following
2025-12-07 17:31:01 [INFO] pet_follower - Ultrasonic distance 34.2 cm <= interaction threshold 40.0 cm
2025-12-07 17:31:01 [INFO] pet_follower - Target acquired; following
2025-12-07 17:31:02 [INFO] pet_follower - Ultrasonic distance 33.4 cm <= interaction threshold 40.0 cm
2025-12-07 17:31:02 [INFO] pet_follower - Target acquired; following
2025-12-07 17:31:02 [INFO] pet_follower - Ultrasonic distance 34.2 cm <= interaction threshold 40.0 cm
2025-12-07 17:31:02 [INFO] pet_follower - Target acquired; following
2025-12-07 17:31:02 [INFO] pet_follower - Ultrasonic distance 34.2 cm <= interaction threshold 40.0 cm
2025-12-07 17:31:02 [INFO] pet_follower - Target acquired; following
2025-12-07 17:31:03 [INFO] pet_follower - Ultrasonic distance 33.4 cm <= interaction threshold 40.0 cm
2025-12-07 17:31:03 [INFO] pet_follower - Target acquired; following
2025-12-07 17:31:03 [INFO] pet_follower - Ultrasonic distance 34.2 cm <= interaction threshold 40.0 cm
2025-12-07 17:31:03 [INFO] pet_follower - Target acquired; following
2025-12-07 17:31:04 [INFO] pet_follower - Ultrasonic distance 33.4 cm <= interaction threshold 40.0 cm
2025-12-07 17:31:04 [INFO] pet_follower - Target acquired; following
2025-12-07 17:31:04 [INFO] pet_follower - Ultrasonic distance 34.2 cm <= interaction threshold 40.0 cm
2025-12-07 17:31:04 [INFO] pet_follower - Target acquired; following
2025-12-07 17:31:04 [INFO] pet_follower - Ultrasonic distance 34.2 cm <= interaction threshold 40.0 cm
2025-12-07 17:31:04 [INFO] pet_follower - Target acquired; following
2025-12-07 17:31:05 [INFO] pet_follower - Ultrasonic distance 33.4 cm <= interaction threshold 40.0 cm
2025-12-07 17:31:05 [INFO] pet_follower - Target acquired; following
2025-12-07 17:31:05 [INFO] pet_follower - Ultrasonic distance 33.4 cm <= interaction threshold 40.0 cm
2025-12-07 17:31:05 [INFO] pet_follower - Target acquired; following
2025-12-07 17:31:05 [INFO] pet_follower - Ultrasonic distance 33.4 cm <= interaction threshold 40.0 cm
2025-12-07 17:31:05 [INFO] pet_follower - Target acquired; following
2025-12-07 17:31:06 [INFO] pet_follower - Ultrasonic distance 33.4 cm <= interaction threshold 40.0 cm
2025-12-07 17:31:06 [INFO] pet_follower - Target acquired; following
2025-12-07 17:31:06 [INFO] pet_follower - Ultrasonic distance 33.4 cm <= interaction threshold 40.0 cm
2025-12-07 17:31:06 [INFO] pet_follower - Target acquired; following
2025-12-07 17:31:07 [INFO] pet_follower - Ultrasonic distance 33.4 cm <= interaction threshold 40.0 cm
2025-12-07 17:31:07 [INFO] pet_follower - Starting celebration: _celebration_spin
2025-12-07 17:31:07 [WARNING] pet_follower - Celebration sound missing: /home/pi/cl4750/test/picar-x/sounds/dog_sound.wav
2025-12-07 17:31:07 [INFO] pet_follower - Target acquired; following
2025-12-07 17:31:07 [INFO] pet_follower - Ultrasonic distance 33.4 cm <= interaction threshold 40.0 cm
2025-12-07 17:31:07 [INFO] pet_follower - Target acquired; following
2025-12-07 17:31:07 [INFO] pet_follower - Ultrasonic distance 33.4 cm <= interaction threshold 40.0 cm
2025-12-07 17:31:07 [INFO] pet_follower - Target acquired; following
2025-12-07 17:31:08 [INFO] pet_follower - Ultrasonic distance 33.4 cm <= interaction threshold 40.0 cm
2025-12-07 17:31:08 [INFO] pet_follower - Target acquired; following
2025-12-07 17:31:08 [INFO] pet_follower - Ultrasonic distance 33.4 cm <= interaction threshold 40.0 cm
2025-12-07 17:31:08 [INFO] pet_follower - Target acquired; following
2025-12-07 17:31:08 [INFO] pet_follower - Ultrasonic distance 33.4 cm <= interaction threshold 40.0 cm
2025-12-07 17:31:08 [INFO] pet_follower - Target acquired; following
2025-12-07 17:31:09 [INFO] pet_follower - Ultrasonic distance 33.5 cm <= interaction threshold 40.0 cm
2025-12-07 17:31:09 [INFO] pet_follower - Target acquired; following
2025-12-07 17:31:09 [INFO] pet_follower - Ultrasonic distance 33.4 cm <= interaction threshold 40.0 cm
2025-12-07 17:31:09 [INFO] pet_follower - Target acquired; following
2025-12-07 17:31:10 [INFO] pet_follower - Ultrasonic distance 33.5 cm <= interaction threshold 40.0 cm
2025-12-07 17:31:10 [INFO] pet_follower - Target acquired; following
2025-12-07 17:31:10 [INFO] pet_follower - Ultrasonic distance 33.4 cm <= interaction threshold 40.0 cm
2025-12-07 17:31:10 [INFO] pet_follower - Target acquired; following
2025-12-07 17:31:10 [INFO] pet_follower - Ultrasonic distance 33.4 cm <= interaction threshold 40.0 cm
2025-12-07 17:31:10 [INFO] pet_follower - Target acquired; following
2025-12-07 17:31:11 [INFO] pet_follower - Ultrasonic distance 33.4 cm <= interaction threshold 40.0 cm
2025-12-07 17:31:11 [INFO] pet_follower - Target acquired; following
2025-12-07 17:31:11 [INFO] pet_follower - Ultrasonic distance 33.4 cm <= interaction threshold 40.0 cm
2025-12-07 17:31:11 [INFO] pet_follower - Target acquired; following
2025-12-07 17:31:11 [INFO] pet_follower - Ultrasonic distance 34.2 cm <= interaction threshold 40.0 cm
2025-12-07 17:31:11 [INFO] pet_follower - Target acquired; following
2025-12-07 17:31:12 [INFO] pet_follower - Ultrasonic distance 33.4 cm <= interaction threshold 40.0 cm
2025-12-07 17:31:12 [INFO] pet_follower - Target acquired; following
2025-12-07 17:31:12 [INFO] pet_follower - Ultrasonic distance 34.2 cm <= interaction threshold 40.0 cm
2025-12-07 17:31:12 [INFO] pet_follower - Target acquired; following
2025-12-07 17:31:13 [INFO] pet_follower - Ultrasonic distance 33.4 cm <= interaction threshold 40.0 cm
2025-12-07 17:31:13 [INFO] pet_follower - Target acquired; following
2025-12-07 17:31:13 [INFO] pet_follower - Ultrasonic distance 34.2 cm <= interaction threshold 40.0 cm
2025-12-07 17:31:13 [INFO] pet_follower - Target acquired; following
2025-12-07 17:31:13 [INFO] pet_follower - Ultrasonic distance 34.2 cm <= interaction threshold 40.0 cm
2025-12-07 17:31:13 [INFO] pet_follower - Target acquired; following
2025-12-07 17:31:14 [INFO] pet_follower - Ultrasonic distance 34.2 cm <= interaction threshold 40.0 cm
2025-12-07 17:31:14 [INFO] pet_follower - Target acquired; following
2025-12-07 17:31:14 [INFO] pet_follower - Ultrasonic distance 34.2 cm <= interaction threshold 40.0 cm
2025-12-07 17:31:14 [INFO] pet_follower - Target acquired; following
2025-12-07 17:31:15 [INFO] pet_follower - Ultrasonic distance 34.2 cm <= interaction threshold 40.0 cm
2025-12-07 17:31:15 [INFO] pet_follower - Target acquired; following
2025-12-07 17:31:15 [INFO] pet_follower - Ultrasonic distance 34.2 cm <= interaction threshold 40.0 cm
2025-12-07 17:31:15 [INFO] pet_follower - Target acquired; following
2025-12-07 17:31:15 [INFO] pet_follower - Ultrasonic distance 34.2 cm <= interaction threshold 40.0 cm
2025-12-07 17:31:15 [INFO] pet_follower - Target acquired; following
2025-12-07 17:31:16 [INFO] pet_follower - Ultrasonic distance 34.2 cm <= interaction threshold 40.0 cm
2025-12-07 17:31:16 [INFO] pet_follower - Target acquired; following
2025-12-07 17:31:16 [INFO] pet_follower - Ultrasonic distance 34.2 cm <= interaction threshold 40.0 cm
2025-12-07 17:31:16 [INFO] pet_follower - Target acquired; following
2025-12-07 17:31:16 [INFO] pet_follower - Ultrasonic distance 33.4 cm <= interaction threshold 40.0 cm
2025-12-07 17:31:16 [INFO] pet_follower - Target acquired; following
2025-12-07 17:31:17 [INFO] pet_follower - Ultrasonic distance 34.2 cm <= interaction threshold 40.0 cm
2025-12-07 17:31:17 [INFO] pet_follower - Starting celebration: _celebration_bounce
2025-12-07 17:31:17 [WARNING] pet_follower - Celebration sound missing: /home/pi/cl4750/test/picar-x/sounds/dog_sound.wav
2025-12-07 17:31:17 [INFO] pet_follower - Target acquired; following
2025-12-07 17:31:17 [INFO] pet_follower - Ultrasonic distance 34.2 cm <= interaction threshold 40.0 cm
2025-12-07 17:31:17 [INFO] pet_follower - Target acquired; following
2025-12-07 17:31:18 [INFO] pet_follower - Ultrasonic distance 34.2 cm <= interaction threshold 40.0 cm
2025-12-07 17:31:18 [INFO] pet_follower - Target acquired; following
2025-12-07 17:31:18 [INFO] pet_follower - Ultrasonic distance 34.2 cm <= interaction threshold 40.0 cm
2025-12-07 17:31:18 [INFO] pet_follower - Target acquired; following
2025-12-07 17:31:18 [INFO] pet_follower - Ultrasonic distance 33.5 cm <= interaction threshold 40.0 cm
2025-12-07 17:31:18 [INFO] pet_follower - Target acquired; following
2025-12-07 17:31:19 [INFO] pet_follower - Ultrasonic distance 34.2 cm <= interaction threshold 40.0 cm
2025-12-07 17:31:19 [INFO] pet_follower - Target acquired; following
2025-12-07 17:31:19 [INFO] pet_follower - Ultrasonic distance 34.2 cm <= interaction threshold 40.0 cm
2025-12-07 17:31:19 [INFO] pet_follower - Target acquired; following
2025-12-07 17:31:19 [INFO] pet_follower - Ultrasonic distance 33.4 cm <= interaction threshold 40.0 cm
2025-12-07 17:31:19 [INFO] pet_follower - Target acquired; following
2025-12-07 17:31:20 [INFO] pet_follower - Ultrasonic distance 34.2 cm <= interaction threshold 40.0 cm
2025-12-07 17:31:20 [INFO] pet_follower - Target acquired; following
2025-12-07 17:31:20 [INFO] pet_follower - Ultrasonic distance 34.2 cm <= interaction threshold 40.0 cm
2025-12-07 17:31:20 [INFO] pet_follower - Target acquired; following
2025-12-07 17:31:21 [INFO] pet_follower - Ultrasonic distance 34.2 cm <= interaction threshold 40.0 cm
2025-12-07 17:31:21 [INFO] pet_follower - Target acquired; following
2025-12-07 17:31:21 [INFO] pet_follower - Ultrasonic distance 34.2 cm <= interaction threshold 40.0 cm
2025-12-07 17:31:21 [INFO] pet_follower - Target acquired; following
2025-12-07 17:31:21 [INFO] pet_follower - Ultrasonic distance 33.4 cm <= interaction threshold 40.0 cm
2025-12-07 17:31:21 [INFO] pet_follower - Target acquired; following
2025-12-07 17:31:22 [INFO] pet_follower - Ultrasonic distance 33.4 cm <= interaction threshold 40.0 cm
2025-12-07 17:31:22 [INFO] pet_follower - Target acquired; following
2025-12-07 17:31:22 [INFO] pet_follower - Ultrasonic distance 33.4 cm <= interaction threshold 40.0 cm
2025-12-07 17:31:22 [INFO] pet_follower - Target acquired; following
2025-12-07 17:31:22 [INFO] pet_follower - Ultrasonic distance 34.2 cm <= interaction threshold 40.0 cm
2025-12-07 17:31:22 [INFO] pet_follower - Target acquired; following
2025-12-07 17:31:23 [INFO] pet_follower - Ultrasonic distance 33.4 cm <= interaction threshold 40.0 cm
2025-12-07 17:31:23 [INFO] pet_follower - Target acquired; following
2025-12-07 17:31:23 [INFO] pet_follower - Ultrasonic distance 33.4 cm <= interaction threshold 40.0 cm
2025-12-07 17:31:23 [INFO] pet_follower - Target acquired; following
2025-12-07 17:31:24 [INFO] pet_follower - Ultrasonic distance 33.4 cm <= interaction threshold 40.0 cm
2025-12-07 17:31:24 [INFO] pet_follower - Target acquired; following
2025-12-07 17:31:24 [INFO] pet_follower - Ultrasonic distance 33.4 cm <= interaction threshold 40.0 cm
2025-12-07 17:31:24 [INFO] pet_follower - Target acquired; following
2025-12-07 17:31:24 [INFO] pet_follower - Ultrasonic distance 33.4 cm <= interaction threshold 40.0 cm
2025-12-07 17:31:24 [INFO] pet_follower - Target acquired; following
2025-12-07 17:31:25 [INFO] pet_follower - Ultrasonic distance 34.2 cm <= interaction threshold 40.0 cm
2025-12-07 17:31:25 [INFO] pet_follower - Target acquired; following
2025-12-07 17:31:25 [INFO] pet_follower - Ultrasonic distance 34.2 cm <= interaction threshold 40.0 cm
2025-12-07 17:31:25 [INFO] pet_follower - Target acquired; following
2025-12-07 17:31:26 [INFO] pet_follower - Ultrasonic distance 33.4 cm <= interaction threshold 40.0 cm
2025-12-07 17:31:26 [INFO] pet_follower - Target acquired; following
2025-12-07 17:31:26 [INFO] pet_follower - Ultrasonic distance 33.4 cm <= interaction threshold 40.0 cm
2025-12-07 17:31:26 [INFO] pet_follower - Target acquired; following
2025-12-07 17:31:26 [INFO] pet_follower - Ultrasonic distance 34.2 cm <= interaction threshold 40.0 cm
2025-12-07 17:31:26 [INFO] pet_follower - Target acquired; following
2025-12-07 17:31:27 [INFO] pet_follower - Ultrasonic distance 34.2 cm <= interaction threshold 40.0 cm
2025-12-07 17:31:27 [INFO] pet_follower - Target acquired; following
2025-12-07 17:31:27 [INFO] pet_follower - Ultrasonic distance 34.2 cm <= interaction threshold 40.0 cm
2025-12-07 17:31:27 [INFO] pet_follower - Starting celebration: _celebration_bounce
2025-12-07 17:31:27 [WARNING] pet_follower - Celebration sound missing: /home/pi/cl4750/test/picar-x/sounds/dog_sound.wav
2025-12-07 17:31:27 [INFO] pet_follower - Target acquired; following
2025-12-07 17:31:27 [INFO] pet_follower - Ultrasonic distance 34.2 cm <= interaction threshold 40.0 cm
2025-12-07 17:31:27 [INFO] pet_follower - Target acquired; following
2025-12-07 17:31:28 [INFO] pet_follower - Ultrasonic distance 33.4 cm <= interaction threshold 40.0 cm
2025-12-07 17:31:28 [INFO] pet_follower - Target acquired; following
2025-12-07 17:31:28 [INFO] pet_follower - Ultrasonic distance 34.2 cm <= interaction threshold 40.0 cm
2025-12-07 17:31:28 [INFO] pet_follower - Target acquired; following
2025-12-07 17:31:29 [INFO] pet_follower - Ultrasonic distance 34.2 cm <= interaction threshold 40.0 cm
2025-12-07 17:31:29 [INFO] pet_follower - Target acquired; following
2025-12-07 17:31:29 [INFO] pet_follower - Ultrasonic distance 33.5 cm <= interaction threshold 40.0 cm
2025-12-07 17:31:29 [INFO] pet_follower - Target acquired; following
2025-12-07 17:31:29 [INFO] pet_follower - Ultrasonic distance 33.4 cm <= interaction threshold 40.0 cm
2025-12-07 17:31:29 [INFO] pet_follower - Target acquired; following
2025-12-07 17:31:30 [INFO] pet_follower - Ultrasonic distance 33.4 cm <= interaction threshold 40.0 cm
2025-12-07 17:31:30 [INFO] pet_follower - Target acquired; following
2025-12-07 17:31:30 [INFO] pet_follower - Ultrasonic distance 33.4 cm <= interaction threshold 40.0 cm
2025-12-07 17:31:30 [INFO] pet_follower - Target acquired; following
2025-12-07 17:31:30 [INFO] pet_follower - Ultrasonic distance 33.4 cm <= interaction threshold 40.0 cm
2025-12-07 17:31:30 [INFO] pet_follower - Target acquired; following
2025-12-07 17:31:31 [INFO] pet_follower - Ultrasonic distance 33.4 cm <= interaction threshold 40.0 cm
2025-12-07 17:31:31 [INFO] pet_follower - Target acquired; following
2025-12-07 17:31:31 [INFO] pet_follower - Ultrasonic distance 33.4 cm <= interaction threshold 40.0 cm
2025-12-07 17:31:31 [INFO] pet_follower - Target acquired; following
2025-12-07 17:31:32 [INFO] pet_follower - Ultrasonic distance 33.4 cm <= interaction threshold 40.0 cm
2025-12-07 17:31:32 [INFO] pet_follower - Target acquired; following
2025-12-07 17:31:32 [INFO] pet_follower - Ultrasonic distance 34.2 cm <= interaction threshold 40.0 cm
2025-12-07 17:31:32 [INFO] pet_follower - Target acquired; following
2025-12-07 17:31:32 [INFO] pet_follower - Ultrasonic distance 34.2 cm <= interaction threshold 40.0 cm
2025-12-07 17:31:32 [INFO] pet_follower - Target acquired; following
2025-12-07 17:31:33 [INFO] pet_follower - Ultrasonic distance 33.4 cm <= interaction threshold 40.0 cm
2025-12-07 17:31:33 [INFO] pet_follower - Target acquired; following
2025-12-07 17:31:33 [INFO] pet_follower - Ultrasonic distance 33.4 cm <= interaction threshold 40.0 cm
2025-12-07 17:31:33 [INFO] pet_follower - Target acquired; following
2025-12-07 17:31:33 [INFO] pet_follower - Ultrasonic distance 34.2 cm <= interaction threshold 40.0 cm
2025-12-07 17:31:33 [INFO] pet_follower - Target acquired; following
2025-12-07 17:31:34 [INFO] pet_follower - Ultrasonic distance 33.4 cm <= interaction threshold 40.0 cm
2025-12-07 17:31:34 [INFO] pet_follower - Target acquired; following
2025-12-07 17:31:34 [INFO] pet_follower - Ultrasonic distance 33.4 cm <= interaction threshold 40.0 cm
2025-12-07 17:31:34 [INFO] pet_follower - Target acquired; following
2025-12-07 17:31:35 [INFO] pet_follower - Ultrasonic distance 33.4 cm <= interaction threshold 40.0 cm
2025-12-07 17:31:35 [INFO] pet_follower - Target acquired; following
2025-12-07 17:31:35 [INFO] pet_follower - Ultrasonic distance 33.5 cm <= interaction threshold 40.0 cm
2025-12-07 17:31:35 [INFO] pet_follower - Target acquired; following
2025-12-07 17:31:35 [INFO] pet_follower - Ultrasonic distance 34.2 cm <= interaction threshold 40.0 cm
2025-12-07 17:31:35 [INFO] pet_follower - Target acquired; following
2025-12-07 17:31:36 [INFO] pet_follower - Ultrasonic distance 34.2 cm <= interaction threshold 40.0 cm
2025-12-07 17:31:36 [INFO] pet_follower - Target acquired; following
2025-12-07 17:31:36 [INFO] pet_follower - Ultrasonic distance 34.2 cm <= interaction threshold 40.0 cm
2025-12-07 17:31:36 [INFO] pet_follower - Target acquired; following
2025-12-07 17:31:36 [INFO] pet_follower - Ultrasonic distance 34.2 cm <= interaction threshold 40.0 cm
2025-12-07 17:31:36 [INFO] pet_follower - Target acquired; following
2025-12-07 17:31:36 [INFO] pet_follower - Pet follower loop stopped
2025-12-07 17:32:08 [WARNING] pet_follower - Error fetching GCP log: All connection attempts failed
2025-12-07 17:32:08 [WARNING] pet_follower - Error fetching emotion insight: All connection attempts failed
2025-12-07 17:32:10 [WARNING] pet_follower - Error fetching GCP log: All connection attempts failed
2025-12-07 17:32:10 [WARNING] pet_follower - Error fetching emotion insight: All connection attempts failed
2025-12-07 17:32:20 [WARNING] pet_follower - Error fetching GCP log: All connection attempts failed
2025-12-07 17:32:54 [INFO] pet_follower - Pet follower loop starting
2025-12-07 17:32:54 [INFO] pet_follower - Ultrasonic distance 34.2 cm <= interaction threshold 40.0 cm
2025-12-07 17:32:54 [INFO] pet_follower - Starting celebration: _celebration_bounce
2025-12-07 17:32:54 [WARNING] pet_follower - Celebration sound missing: /home/pi/cl4750/test/picar-x/sounds/dog_sound.wav
2025-12-07 17:32:54 [INFO] pet_follower - Target acquired; following
2025-12-07 17:32:55 [INFO] pet_follower - Ultrasonic distance 34.2 cm <= interaction threshold 40.0 cm
2025-12-07 17:32:55 [INFO] pet_follower - Target acquired; following
2025-12-07 17:32:55 [INFO] pet_follower - Ultrasonic distance 34.2 cm <= interaction threshold 40.0 cm
2025-12-07 17:32:55 [INFO] pet_follower - Target acquired; following
2025-12-07 17:32:55 [INFO] pet_follower - Ultrasonic distance 34.2 cm <= interaction threshold 40.0 cm
2025-12-07 17:32:55 [INFO] pet_follower - Target acquired; following
2025-12-07 17:32:56 [INFO] pet_follower - Ultrasonic distance 34.2 cm <= interaction threshold 40.0 cm
2025-12-07 17:32:56 [INFO] pet_follower - Target acquired; following
2025-12-07 17:32:56 [INFO] pet_follower - Ultrasonic distance 34.2 cm <= interaction threshold 40.0 cm
2025-12-07 17:32:56 [INFO] pet_follower - Target acquired; following
2025-12-07 17:32:57 [INFO] pet_follower - Ultrasonic distance 34.2 cm <= interaction threshold 40.0 cm
2025-12-07 17:32:57 [INFO] pet_follower - Target acquired; following
2025-12-07 17:32:57 [INFO] pet_follower - Ultrasonic distance 34.2 cm <= interaction threshold 40.0 cm
2025-12-07 17:32:57 [INFO] pet_follower - Target acquired; following
2025-12-07 17:32:57 [INFO] pet_follower - Ultrasonic distance 34.2 cm <= interaction threshold 40.0 cm
2025-12-07 17:32:57 [INFO] pet_follower - Target acquired; following
2025-12-07 17:32:58 [INFO] pet_follower - Ultrasonic distance 34.2 cm <= interaction threshold 40.0 cm
2025-12-07 17:32:58 [INFO] pet_follower - Target acquired; following
2025-12-07 17:32:58 [INFO] pet_follower - Ultrasonic distance 34.2 cm <= interaction threshold 40.0 cm
2025-12-07 17:32:58 [INFO] pet_follower - Target acquired; following
2025-12-07 17:32:59 [INFO] pet_follower - Ultrasonic distance 34.2 cm <= interaction threshold 40.0 cm
2025-12-07 17:32:59 [INFO] pet_follower - Target acquired; following
2025-12-07 17:32:59 [INFO] pet_follower - Ultrasonic distance 34.2 cm <= interaction threshold 40.0 cm
2025-12-07 17:32:59 [INFO] pet_follower - Target acquired; following
2025-12-07 17:32:59 [INFO] pet_follower - Ultrasonic distance 33.4 cm <= interaction threshold 40.0 cm
2025-12-07 17:32:59 [INFO] pet_follower - Target acquired; following
2025-12-07 17:33:00 [INFO] pet_follower - Ultrasonic distance 34.2 cm <= interaction threshold 40.0 cm
2025-12-07 17:33:00 [INFO] pet_follower - Target acquired; following
2025-12-07 17:33:00 [INFO] pet_follower - Ultrasonic distance 34.2 cm <= interaction threshold 40.0 cm
2025-12-07 17:33:00 [INFO] pet_follower - Target acquired; following
2025-12-07 17:33:00 [INFO] pet_follower - Ultrasonic distance 33.4 cm <= interaction threshold 40.0 cm
2025-12-07 17:33:00 [INFO] pet_follower - Target acquired; following
2025-12-07 17:33:01 [INFO] pet_follower - Ultrasonic distance 34.2 cm <= interaction threshold 40.0 cm
2025-12-07 17:33:01 [INFO] pet_follower - Target acquired; following
2025-12-07 17:33:01 [INFO] pet_follower - Ultrasonic distance 33.4 cm <= interaction threshold 40.0 cm
2025-12-07 17:33:01 [INFO] pet_follower - Target acquired; following
2025-12-07 17:33:02 [INFO] pet_follower - Ultrasonic distance 34.2 cm <= interaction threshold 40.0 cm
2025-12-07 17:33:02 [INFO] pet_follower - Target acquired; following
2025-12-07 17:33:02 [INFO] pet_follower - Ultrasonic distance 34.2 cm <= interaction threshold 40.0 cm
2025-12-07 17:33:02 [INFO] pet_follower - Target acquired; following
2025-12-07 17:33:02 [INFO] pet_follower - Ultrasonic distance 33.4 cm <= interaction threshold 40.0 cm
2025-12-07 17:33:02 [INFO] pet_follower - Target acquired; following
2025-12-07 17:33:03 [INFO] pet_follower - Ultrasonic distance 34.2 cm <= interaction threshold 40.0 cm
2025-12-07 17:33:03 [INFO] pet_follower - Target acquired; following
2025-12-07 17:33:03 [INFO] pet_follower - Ultrasonic distance 34.2 cm <= interaction threshold 40.0 cm
2025-12-07 17:33:03 [INFO] pet_follower - Target acquired; following
2025-12-07 17:33:03 [INFO] pet_follower - Ultrasonic distance 34.2 cm <= interaction threshold 40.0 cm
2025-12-07 17:33:03 [INFO] pet_follower - Target acquired; following
2025-12-07 17:33:04 [INFO] pet_follower - Ultrasonic distance 34.2 cm <= interaction threshold 40.0 cm
2025-12-07 17:33:04 [INFO] pet_follower - Target acquired; following
2025-12-07 17:33:04 [INFO] pet_follower - Ultrasonic distance 34.2 cm <= interaction threshold 40.0 cm
2025-12-07 17:33:04 [INFO] pet_follower - Target acquired; following
2025-12-07 17:33:05 [INFO] pet_follower - Ultrasonic distance 34.2 cm <= interaction threshold 40.0 cm
2025-12-07 17:33:05 [INFO] pet_follower - Starting celebration: _celebration_spin
2025-12-07 17:33:05 [WARNING] pet_follower - Celebration sound missing: /home/pi/cl4750/test/picar-x/sounds/dog_sound.wav
2025-12-07 17:33:05 [INFO] pet_follower - Target acquired; following
2025-12-07 17:33:05 [INFO] pet_follower - Ultrasonic distance 34.2 cm <= interaction threshold 40.0 cm
2025-12-07 17:33:05 [INFO] pet_follower - Target acquired; following
2025-12-07 17:33:05 [INFO] pet_follower - Ultrasonic distance 34.2 cm <= interaction threshold 40.0 cm
2025-12-07 17:33:05 [INFO] pet_follower - Target acquired; following
2025-12-07 17:33:06 [INFO] pet_follower - Ultrasonic distance 34.2 cm <= interaction threshold 40.0 cm
2025-12-07 17:33:06 [INFO] pet_follower - Target acquired; following
2025-12-07 17:33:06 [INFO] pet_follower - Ultrasonic distance 34.2 cm <= interaction threshold 40.0 cm
2025-12-07 17:33:06 [INFO] pet_follower - Target acquired; following
2025-12-07 17:33:06 [INFO] pet_follower - Ultrasonic distance 34.2 cm <= interaction threshold 40.0 cm
2025-12-07 17:33:06 [INFO] pet_follower - Target acquired; following
2025-12-07 17:33:07 [INFO] pet_follower - Ultrasonic distance 34.2 cm <= interaction threshold 40.0 cm
2025-12-07 17:33:07 [INFO] pet_follower - Target acquired; following
2025-12-07 17:33:07 [INFO] pet_follower - Ultrasonic distance 33.4 cm <= interaction threshold 40.0 cm
2025-12-07 17:33:07 [INFO] pet_follower - Target acquired; following
2025-12-07 17:33:08 [INFO] pet_follower - Ultrasonic distance 34.2 cm <= interaction threshold 40.0 cm
2025-12-07 17:33:08 [INFO] pet_follower - Target acquired; following
2025-12-07 17:33:08 [INFO] pet_follower - Ultrasonic distance 34.2 cm <= interaction threshold 40.0 cm
2025-12-07 17:33:08 [INFO] pet_follower - Target acquired; following
2025-12-07 17:33:08 [INFO] pet_follower - Ultrasonic distance 34.2 cm <= interaction threshold 40.0 cm
2025-12-07 17:33:08 [INFO] pet_follower - Target acquired; following
2025-12-07 17:33:09 [INFO] pet_follower - Ultrasonic distance 34.2 cm <= interaction threshold 40.0 cm
2025-12-07 17:33:09 [INFO] pet_follower - Target acquired; following
2025-12-07 17:33:09 [INFO] pet_follower - Ultrasonic distance 34.2 cm <= interaction threshold 40.0 cm
2025-12-07 17:33:09 [INFO] pet_follower - Target acquired; following
2025-12-07 17:33:10 [INFO] pet_follower - Ultrasonic distance 34.2 cm <= interaction threshold 40.0 cm
2025-12-07 17:33:10 [INFO] pet_follower - Target acquired; following
2025-12-07 17:33:10 [INFO] pet_follower - Ultrasonic distance 34.2 cm <= interaction threshold 40.0 cm
2025-12-07 17:33:10 [INFO] pet_follower - Target acquired; following
2025-12-07 17:33:10 [INFO] pet_follower - Ultrasonic distance 34.2 cm <= interaction threshold 40.0 cm
2025-12-07 17:33:10 [INFO] pet_follower - Target acquired; following
2025-12-07 17:33:11 [INFO] pet_follower - Ultrasonic distance 34.2 cm <= interaction threshold 40.0 cm
2025-12-07 17:33:11 [INFO] pet_follower - Target acquired; following
2025-12-07 17:33:11 [INFO] pet_follower - Ultrasonic distance 34.2 cm <= interaction threshold 40.0 cm
2025-12-07 17:33:11 [INFO] pet_follower - Target acquired; following
2025-12-07 17:33:11 [INFO] pet_follower - Ultrasonic distance 34.1 cm <= interaction threshold 40.0 cm
2025-12-07 17:33:11 [INFO] pet_follower - Target acquired; following
2025-12-07 17:33:12 [INFO] pet_follower - Ultrasonic distance 34.2 cm <= interaction threshold 40.0 cm
2025-12-07 17:33:12 [INFO] pet_follower - Target acquired; following
2025-12-07 17:33:12 [INFO] pet_follower - Ultrasonic distance 34.2 cm <= interaction threshold 40.0 cm
2025-12-07 17:33:12 [INFO] pet_follower - Target acquired; following
2025-12-07 17:33:13 [INFO] pet_follower - Ultrasonic distance 34.2 cm <= interaction threshold 40.0 cm
2025-12-07 17:33:13 [INFO] pet_follower - Target acquired; following
2025-12-07 17:33:13 [INFO] pet_follower - Ultrasonic distance 34.2 cm <= interaction threshold 40.0 cm
2025-12-07 17:33:13 [INFO] pet_follower - Target acquired; following
2025-12-07 17:33:13 [INFO] pet_follower - Ultrasonic distance 34.2 cm <= interaction threshold 40.0 cm
2025-12-07 17:33:13 [INFO] pet_follower - Target acquired; following
2025-12-07 17:33:14 [INFO] pet_follower - Ultrasonic distance 34.2 cm <= interaction threshold 40.0 cm
2025-12-07 17:33:14 [INFO] pet_follower - Target acquired; following
2025-12-07 17:33:14 [INFO] pet_follower - Ultrasonic distance 34.2 cm <= interaction threshold 40.0 cm
2025-12-07 17:33:14 [INFO] pet_follower - Target acquired; following
2025-12-07 17:33:14 [INFO] pet_follower - Ultrasonic distance 34.2 cm <= interaction threshold 40.0 cm
2025-12-07 17:33:14 [INFO] pet_follower - Target acquired; following
2025-12-07 17:33:15 [INFO] pet_follower - Ultrasonic distance 34.2 cm <= interaction threshold 40.0 cm
2025-12-07 17:33:15 [INFO] pet_follower - Starting celebration: _celebration_bounce
2025-12-07 17:33:15 [WARNING] pet_follower - Celebration sound missing: /home/pi/cl4750/test/picar-x/sounds/dog_sound.wav
2025-12-07 17:33:15 [INFO] pet_follower - Target acquired; following
2025-12-07 17:33:15 [INFO] pet_follower - Ultrasonic distance 34.2 cm <= interaction threshold 40.0 cm
2025-12-07 17:33:15 [INFO] pet_follower - Target acquired; following
2025-12-07 17:33:16 [INFO] pet_follower - Ultrasonic distance 34.2 cm <= interaction threshold 40.0 cm
2025-12-07 17:33:16 [INFO] pet_follower - Target acquired; following
2025-12-07 17:33:16 [INFO] pet_follower - Ultrasonic distance 34.2 cm <= interaction threshold 40.0 cm
2025-12-07 17:33:16 [INFO] pet_follower - Target acquired; following
2025-12-07 17:33:16 [INFO] pet_follower - Ultrasonic distance 33.4 cm <= interaction threshold 40.0 cm
2025-12-07 17:33:16 [INFO] pet_follower - Target acquired; following
2025-12-07 17:33:17 [INFO] pet_follower - Ultrasonic distance 34.2 cm <= interaction threshold 40.0 cm
2025-12-07 17:33:17 [INFO] pet_follower - Target acquired; following
2025-12-07 17:33:17 [INFO] pet_follower - Ultrasonic distance 34.2 cm <= interaction threshold 40.0 cm
2025-12-07 17:33:17 [INFO] pet_follower - Target acquired; following
2025-12-07 17:33:17 [INFO] pet_follower - Ultrasonic distance 34.2 cm <= interaction threshold 40.0 cm
2025-12-07 17:33:17 [INFO] pet_follower - Target acquired; following
2025-12-07 17:33:18 [INFO] pet_follower - Ultrasonic distance 34.2 cm <= interaction threshold 40.0 cm
2025-12-07 17:33:18 [INFO] pet_follower - Target acquired; following
2025-12-07 17:33:18 [INFO] pet_follower - Ultrasonic distance 34.2 cm <= interaction threshold 40.0 cm
2025-12-07 17:33:18 [INFO] pet_follower - Target acquired; following
2025-12-07 17:33:19 [INFO] pet_follower - Ultrasonic distance 34.1 cm <= interaction threshold 40.0 cm
2025-12-07 17:33:19 [INFO] pet_follower - Target acquired; following
2025-12-07 17:33:19 [INFO] pet_follower - Ultrasonic distance 34.2 cm <= interaction threshold 40.0 cm
2025-12-07 17:33:19 [INFO] pet_follower - Target acquired; following
2025-12-07 17:33:19 [INFO] pet_follower - Ultrasonic distance 34.2 cm <= interaction threshold 40.0 cm
2025-12-07 17:33:19 [INFO] pet_follower - Target acquired; following
2025-12-07 17:33:20 [INFO] pet_follower - Ultrasonic distance 34.2 cm <= interaction threshold 40.0 cm
2025-12-07 17:33:20 [INFO] pet_follower - Target acquired; following
2025-12-07 17:33:20 [INFO] pet_follower - Ultrasonic distance 34.2 cm <= interaction threshold 40.0 cm
2025-12-07 17:33:20 [INFO] pet_follower - Target acquired; following
2025-12-07 17:33:21 [INFO] pet_follower - Ultrasonic distance 34.2 cm <= interaction threshold 40.0 cm
2025-12-07 17:33:21 [INFO] pet_follower - Target acquired; following
2025-12-07 17:33:21 [INFO] pet_follower - Ultrasonic distance 34.2 cm <= interaction threshold 40.0 cm
2025-12-07 17:33:21 [INFO] pet_follower - Target acquired; following
2025-12-07 17:33:21 [INFO] pet_follower - Ultrasonic distance 34.2 cm <= interaction threshold 40.0 cm
2025-12-07 17:33:21 [INFO] pet_follower - Target acquired; following
2025-12-07 17:33:22 [INFO] pet_follower - Ultrasonic distance 34.2 cm <= interaction threshold 40.0 cm
2025-12-07 17:33:22 [INFO] pet_follower - Target acquired; following
2025-12-07 17:33:22 [INFO] pet_follower - Ultrasonic distance 34.2 cm <= interaction threshold 40.0 cm
2025-12-07 17:33:22 [INFO] pet_follower - Target acquired; following
2025-12-07 17:33:22 [INFO] pet_follower - Ultrasonic distance 34.2 cm <= interaction threshold 40.0 cm
2025-12-07 17:33:22 [INFO] pet_follower - Target acquired; following
2025-12-07 17:33:23 [INFO] pet_follower - Ultrasonic distance 34.2 cm <= interaction threshold 40.0 cm
2025-12-07 17:33:23 [INFO] pet_follower - Target acquired; following
2025-12-07 17:33:23 [INFO] pet_follower - Ultrasonic distance 34.2 cm <= interaction threshold 40.0 cm
2025-12-07 17:33:23 [INFO] pet_follower - Target acquired; following
2025-12-07 17:33:24 [INFO] pet_follower - Ultrasonic distance 34.2 cm <= interaction threshold 40.0 cm
2025-12-07 17:33:24 [INFO] pet_follower - Target acquired; following
2025-12-07 17:33:24 [INFO] pet_follower - Ultrasonic distance 34.2 cm <= interaction threshold 40.0 cm
2025-12-07 17:33:24 [INFO] pet_follower - Target acquired; following
2025-12-07 17:33:24 [INFO] pet_follower - Ultrasonic distance 34.2 cm <= interaction threshold 40.0 cm
2025-12-07 17:33:24 [INFO] pet_follower - Target acquired; following
2025-12-07 17:33:25 [INFO] pet_follower - Ultrasonic distance 34.2 cm <= interaction threshold 40.0 cm
2025-12-07 17:33:25 [INFO] pet_follower - Target acquired; following
2025-12-07 17:33:25 [INFO] pet_follower - Ultrasonic distance 34.2 cm <= interaction threshold 40.0 cm
2025-12-07 17:33:25 [INFO] pet_follower - Starting celebration: _celebration_spin
2025-12-07 17:33:25 [WARNING] pet_follower - Celebration sound missing: /home/pi/cl4750/test/picar-x/sounds/dog_sound.wav
2025-12-07 17:33:25 [INFO] pet_follower - Target acquired; following
2025-12-07 17:33:25 [INFO] pet_follower - Ultrasonic distance 34.2 cm <= interaction threshold 40.0 cm
2025-12-07 17:33:25 [INFO] pet_follower - Target acquired; following
2025-12-07 17:33:26 [INFO] pet_follower - Ultrasonic distance 34.2 cm <= interaction threshold 40.0 cm
2025-12-07 17:33:26 [INFO] pet_follower - Target acquired; following
2025-12-07 17:33:26 [INFO] pet_follower - Ultrasonic distance 34.2 cm <= interaction threshold 40.0 cm
2025-12-07 17:33:26 [INFO] pet_follower - Target acquired; following
2025-12-07 17:33:27 [INFO] pet_follower - Ultrasonic distance 34.2 cm <= interaction threshold 40.0 cm
2025-12-07 17:33:27 [INFO] pet_follower - Target acquired; following
2025-12-07 17:33:27 [INFO] pet_follower - Ultrasonic distance 34.2 cm <= interaction threshold 40.0 cm
2025-12-07 17:33:27 [INFO] pet_follower - Target acquired; following
2025-12-07 17:33:27 [INFO] pet_follower - Ultrasonic distance 34.2 cm <= interaction threshold 40.0 cm
2025-12-07 17:33:27 [INFO] pet_follower - Target acquired; following
2025-12-07 17:33:28 [INFO] pet_follower - Ultrasonic distance 34.2 cm <= interaction threshold 40.0 cm
2025-12-07 17:33:28 [INFO] pet_follower - Target acquired; following
2025-12-07 17:33:28 [INFO] pet_follower - Ultrasonic distance 34.2 cm <= interaction threshold 40.0 cm
2025-12-07 17:33:28 [INFO] pet_follower - Target acquired; following
2025-12-07 17:33:28 [INFO] pet_follower - Ultrasonic distance 34.2 cm <= interaction threshold 40.0 cm
2025-12-07 17:33:28 [INFO] pet_follower - Target acquired; following
2025-12-07 17:33:29 [INFO] pet_follower - Ultrasonic distance 34.2 cm <= interaction threshold 40.0 cm
2025-12-07 17:33:29 [INFO] pet_follower - Target acquired; following
2025-12-07 17:33:29 [INFO] pet_follower - Ultrasonic distance 34.2 cm <= interaction threshold 40.0 cm
2025-12-07 17:33:29 [INFO] pet_follower - Target acquired; following
2025-12-07 17:33:30 [INFO] pet_follower - Ultrasonic distance 34.2 cm <= interaction threshold 40.0 cm
2025-12-07 17:33:30 [INFO] pet_follower - Target acquired; following
2025-12-07 17:33:30 [INFO] pet_follower - Ultrasonic distance 34.2 cm <= interaction threshold 40.0 cm
2025-12-07 17:33:30 [INFO] pet_follower - Target acquired; following
2025-12-07 17:33:30 [INFO] pet_follower - Ultrasonic distance 34.2 cm <= interaction threshold 40.0 cm
2025-12-07 17:33:30 [INFO] pet_follower - Target acquired; following
2025-12-07 17:33:31 [INFO] pet_follower - Ultrasonic distance 34.2 cm <= interaction threshold 40.0 cm
2025-12-07 17:33:31 [INFO] pet_follower - Target acquired; following
2025-12-07 17:33:31 [INFO] pet_follower - Ultrasonic distance 34.2 cm <= interaction threshold 40.0 cm
2025-12-07 17:33:31 [INFO] pet_follower - Target acquired; following
2025-12-07 17:33:31 [INFO] pet_follower - Ultrasonic distance 34.2 cm <= interaction threshold 40.0 cm
2025-12-07 17:33:31 [INFO] pet_follower - Target acquired; following
2025-12-07 17:33:32 [INFO] pet_follower - Ultrasonic distance 34.2 cm <= interaction threshold 40.0 cm
2025-12-07 17:33:32 [INFO] pet_follower - Target acquired; following
2025-12-07 17:33:32 [INFO] pet_follower - Ultrasonic distance 33.4 cm <= interaction threshold 40.0 cm
2025-12-07 17:33:32 [INFO] pet_follower - Target acquired; following
2025-12-07 17:33:33 [INFO] pet_follower - Ultrasonic distance 34.2 cm <= interaction threshold 40.0 cm
2025-12-07 17:33:33 [INFO] pet_follower - Target acquired; following
2025-12-07 17:33:33 [INFO] pet_follower - Ultrasonic distance 33.4 cm <= interaction threshold 40.0 cm
2025-12-07 17:33:33 [INFO] pet_follower - Target acquired; following
2025-12-07 17:33:33 [INFO] pet_follower - Ultrasonic distance 34.2 cm <= interaction threshold 40.0 cm
2025-12-07 17:33:33 [INFO] pet_follower - Target acquired; following
2025-12-07 17:33:34 [INFO] pet_follower - Ultrasonic distance 34.2 cm <= interaction threshold 40.0 cm
2025-12-07 17:33:34 [INFO] pet_follower - Target acquired; following
2025-12-07 17:33:34 [INFO] pet_follower - Ultrasonic distance 34.2 cm <= interaction threshold 40.0 cm
2025-12-07 17:33:34 [INFO] pet_follower - Target acquired; following
2025-12-07 17:33:34 [INFO] pet_follower - Ultrasonic distance 33.5 cm <= interaction threshold 40.0 cm
2025-12-07 17:33:34 [INFO] pet_follower - Target acquired; following
2025-12-07 17:33:35 [INFO] pet_follower - Ultrasonic distance 33.4 cm <= interaction threshold 40.0 cm
2025-12-07 17:33:35 [INFO] pet_follower - Target acquired; following
2025-12-07 17:33:35 [INFO] pet_follower - Ultrasonic distance 33.4 cm <= interaction threshold 40.0 cm
2025-12-07 17:33:35 [INFO] pet_follower - Starting celebration: _celebration_bounce
2025-12-07 17:33:35 [WARNING] pet_follower - Celebration sound missing: /home/pi/cl4750/test/picar-x/sounds/dog_sound.wav
2025-12-07 17:33:35 [INFO] pet_follower - Target acquired; following
2025-12-07 17:33:35 [INFO] pet_follower - Ultrasonic distance 34.2 cm <= interaction threshold 40.0 cm
2025-12-07 17:33:35 [INFO] pet_follower - Target acquired; following
2025-12-07 17:33:36 [INFO] pet_follower - Ultrasonic distance 34.2 cm <= interaction threshold 40.0 cm
2025-12-07 17:33:36 [INFO] pet_follower - Target acquired; following
2025-12-07 17:33:36 [INFO] pet_follower - Ultrasonic distance 34.2 cm <= interaction threshold 40.0 cm
2025-12-07 17:33:36 [INFO] pet_follower - Target acquired; following
2025-12-07 17:33:37 [INFO] pet_follower - Ultrasonic distance 34.2 cm <= interaction threshold 40.0 cm
2025-12-07 17:33:37 [INFO] pet_follower - Target acquired; following
2025-12-07 17:33:37 [INFO] pet_follower - Ultrasonic distance 34.2 cm <= interaction threshold 40.0 cm
2025-12-07 17:33:37 [INFO] pet_follower - Target acquired; following
2025-12-07 17:33:37 [INFO] pet_follower - Ultrasonic distance 34.2 cm <= interaction threshold 40.0 cm
2025-12-07 17:33:37 [INFO] pet_follower - Target acquired; following
2025-12-07 17:33:38 [INFO] pet_follower - Ultrasonic distance 34.2 cm <= interaction threshold 40.0 cm
2025-12-07 17:33:38 [INFO] pet_follower - Target acquired; following
2025-12-07 17:33:38 [INFO] pet_follower - Ultrasonic distance 34.2 cm <= interaction threshold 40.0 cm
2025-12-07 17:33:38 [INFO] pet_follower - Target acquired; following
2025-12-07 17:33:38 [INFO] pet_follower - Ultrasonic distance 34.2 cm <= interaction threshold 40.0 cm
2025-12-07 17:33:38 [INFO] pet_follower - Target acquired; following
2025-12-07 17:33:39 [INFO] pet_follower - Ultrasonic distance 34.2 cm <= interaction threshold 40.0 cm
2025-12-07 17:33:39 [INFO] pet_follower - Target acquired; following
2025-12-07 17:33:39 [INFO] pet_follower - Ultrasonic distance 34.2 cm <= interaction threshold 40.0 cm
2025-12-07 17:33:39 [INFO] pet_follower - Target acquired; following
2025-12-07 17:33:40 [INFO] pet_follower - Ultrasonic distance 34.2 cm <= interaction threshold 40.0 cm
2025-12-07 17:33:40 [INFO] pet_follower - Target acquired; following
2025-12-07 17:33:40 [INFO] pet_follower - Ultrasonic distance 34.2 cm <= interaction threshold 40.0 cm
2025-12-07 17:33:40 [INFO] pet_follower - Target acquired; following
2025-12-07 17:33:40 [INFO] pet_follower - Ultrasonic distance 34.2 cm <= interaction threshold 40.0 cm
2025-12-07 17:33:40 [INFO] pet_follower - Target acquired; following
2025-12-07 17:33:41 [INFO] pet_follower - Ultrasonic distance 34.2 cm <= interaction threshold 40.0 cm
2025-12-07 17:33:41 [INFO] pet_follower - Target acquired; following
2025-12-07 17:33:41 [INFO] pet_follower - Ultrasonic distance 34.2 cm <= interaction threshold 40.0 cm
2025-12-07 17:33:41 [INFO] pet_follower - Target acquired; following
2025-12-07 17:33:41 [INFO] pet_follower - Ultrasonic distance 34.2 cm <= interaction threshold 40.0 cm
2025-12-07 17:33:41 [INFO] pet_follower - Target acquired; following
2025-12-07 17:33:42 [INFO] pet_follower - Ultrasonic distance 34.2 cm <= interaction threshold 40.0 cm
2025-12-07 17:33:42 [INFO] pet_follower - Target acquired; following
2025-12-07 17:33:42 [INFO] pet_follower - Ultrasonic distance 33.4 cm <= interaction threshold 40.0 cm
2025-12-07 17:33:42 [INFO] pet_follower - Target acquired; following
2025-12-07 17:33:43 [INFO] pet_follower - Ultrasonic distance 33.4 cm <= interaction threshold 40.0 cm
2025-12-07 17:33:43 [INFO] pet_follower - Target acquired; following
2025-12-07 17:33:43 [INFO] pet_follower - Ultrasonic distance 33.4 cm <= interaction threshold 40.0 cm
2025-12-07 17:33:43 [INFO] pet_follower - Target acquired; following
2025-12-07 17:33:43 [INFO] pet_follower - Pet follower loop stopped
2025-12-07 17:41:16 [INFO] pet_follower - Motion controller initialized
2025-12-07 17:41:16 [INFO] pet_follower - Interaction ready with 2 celebration behaviors
2025-12-07 17:41:16 [INFO] pet_follower - Loading YOLO model from yolov8n.pt
2025-12-07 17:41:16 [INFO] pet_follower - Camera manager starting up
2025-12-07 17:41:16 [INFO] pet_follower - Web API server started
2025-12-07 17:41:17 [INFO] pet_follower - Picamera2 started with resolution 640x480 format=RGB888
2025-12-07 17:41:29 [INFO] pet_follower - Pet follower loop starting
2025-12-07 17:41:29 [INFO] pet_follower - Ultrasonic distance 34.2 cm <= interaction threshold 40.0 cm
2025-12-07 17:41:29 [INFO] pet_follower - Starting celebration: _celebration_bounce
2025-12-07 17:41:29 [WARNING] pet_follower - Celebration sound missing: /home/pi/cl4750/test/picar-x/sounds/dog_sound.wav
2025-12-07 17:41:29 [INFO] pet_follower - Target acquired; following
2025-12-07 17:41:29 [INFO] pet_follower - Ultrasonic distance 34.2 cm <= interaction threshold 40.0 cm
2025-12-07 17:41:29 [INFO] pet_follower - Target acquired; following
2025-12-07 17:41:30 [INFO] pet_follower - Ultrasonic distance 34.2 cm <= interaction threshold 40.0 cm
2025-12-07 17:41:30 [INFO] pet_follower - Target acquired; following
2025-12-07 17:41:30 [INFO] pet_follower - Ultrasonic distance 34.2 cm <= interaction threshold 40.0 cm
2025-12-07 17:41:30 [INFO] pet_follower - Target acquired; following
2025-12-07 17:41:31 [INFO] pet_follower - Ultrasonic distance 34.2 cm <= interaction threshold 40.0 cm
2025-12-07 17:41:31 [INFO] pet_follower - Target acquired; following
2025-12-07 17:41:31 [INFO] pet_follower - Ultrasonic distance 34.2 cm <= interaction threshold 40.0 cm
2025-12-07 17:41:31 [INFO] pet_follower - Target acquired; following
2025-12-07 17:41:31 [INFO] pet_follower - Ultrasonic distance 34.2 cm <= interaction threshold 40.0 cm
2025-12-07 17:41:31 [INFO] pet_follower - Target acquired; following
2025-12-07 17:41:32 [INFO] pet_follower - Ultrasonic distance 34.2 cm <= interaction threshold 40.0 cm
2025-12-07 17:41:32 [INFO] pet_follower - Target acquired; following
2025-12-07 17:41:32 [INFO] pet_follower - Ultrasonic distance 34.2 cm <= interaction threshold 40.0 cm
2025-12-07 17:41:32 [INFO] pet_follower - Target acquired; following
2025-12-07 17:41:32 [INFO] pet_follower - Ultrasonic distance 34.2 cm <= interaction threshold 40.0 cm
2025-12-07 17:41:32 [INFO] pet_follower - Target acquired; following
2025-12-07 17:41:33 [INFO] pet_follower - Ultrasonic distance 34.2 cm <= interaction threshold 40.0 cm
2025-12-07 17:41:33 [INFO] pet_follower - Target acquired; following
2025-12-07 17:41:33 [INFO] pet_follower - Ultrasonic distance 34.2 cm <= interaction threshold 40.0 cm
2025-12-07 17:41:33 [INFO] pet_follower - Target acquired; following
2025-12-07 17:41:34 [INFO] pet_follower - Ultrasonic distance 34.2 cm <= interaction threshold 40.0 cm
2025-12-07 17:41:34 [INFO] pet_follower - Target acquired; following
2025-12-07 17:41:34 [INFO] pet_follower - Ultrasonic distance 34.2 cm <= interaction threshold 40.0 cm
2025-12-07 17:41:34 [INFO] pet_follower - Target acquired; following
2025-12-07 17:41:38 [INFO] pet_follower - Smart snapshot uploaded - pet resting
2025-12-07 17:41:38 [INFO] pet_follower - Ultrasonic distance 34.2 cm <= interaction threshold 40.0 cm
2025-12-07 17:41:38 [INFO] pet_follower - Target acquired; following
2025-12-07 17:41:38 [INFO] pet_follower - Ultrasonic distance 34.2 cm <= interaction threshold 40.0 cm
2025-12-07 17:41:38 [INFO] pet_follower - Target acquired; following
2025-12-07 17:41:39 [INFO] pet_follower - Ultrasonic distance 34.2 cm <= interaction threshold 40.0 cm
2025-12-07 17:41:39 [INFO] pet_follower - Target acquired; following
2025-12-07 17:41:39 [INFO] pet_follower - Ultrasonic distance 33.4 cm <= interaction threshold 40.0 cm
2025-12-07 17:41:39 [INFO] pet_follower - Starting celebration: _celebration_bounce
2025-12-07 17:41:39 [WARNING] pet_follower - Celebration sound missing: /home/pi/cl4750/test/picar-x/sounds/dog_sound.wav
2025-12-07 17:41:39 [INFO] pet_follower - Target acquired; following
2025-12-07 17:41:40 [INFO] pet_follower - Ultrasonic distance 33.4 cm <= interaction threshold 40.0 cm
2025-12-07 17:41:40 [INFO] pet_follower - Target acquired; following
2025-12-07 17:41:40 [INFO] pet_follower - Ultrasonic distance 34.2 cm <= interaction threshold 40.0 cm
2025-12-07 17:41:40 [INFO] pet_follower - Target acquired; following
2025-12-07 17:41:40 [INFO] pet_follower - Ultrasonic distance 34.2 cm <= interaction threshold 40.0 cm
2025-12-07 17:41:40 [INFO] pet_follower - Target acquired; following
2025-12-07 17:41:41 [INFO] pet_follower - Ultrasonic distance 34.2 cm <= interaction threshold 40.0 cm
2025-12-07 17:41:41 [INFO] pet_follower - Target acquired; following
2025-12-07 17:41:41 [INFO] pet_follower - Ultrasonic distance 33.4 cm <= interaction threshold 40.0 cm
2025-12-07 17:41:41 [INFO] pet_follower - Target acquired; following
2025-12-07 17:41:41 [INFO] pet_follower - Pet follower loop stopped
2025-12-07 17:47:51 [INFO] pet_follower - Motion controller initialized
2025-12-07 17:47:51 [INFO] pet_follower - Interaction ready with 2 celebration behaviors
2025-12-07 17:47:51 [INFO] pet_follower - Loading YOLO model from yolov8n.pt
2025-12-07 17:47:51 [INFO] pet_follower - Camera manager starting up
2025-12-07 17:47:51 [INFO] pet_follower - Web API server started
2025-12-07 17:47:52 [INFO] pet_follower - Picamera2 started with resolution 640x480 format=RGB888
2025-12-07 17:48:12 [INFO] pet_follower - Manual drive direction=backward speed=45 duration=0.8
2025-12-07 17:48:14 [INFO] pet_follower - Manual drive direction=right speed=45 duration=0.8
2025-12-07 17:48:18 [INFO] pet_follower - Manual drive direction=right speed=45 duration=0.8
2025-12-07 17:48:33 [WARNING] pet_follower - Error fetching emotion insight: All connection attempts failed
2025-12-07 17:48:33 [WARNING] pet_follower - Error fetching GCP log: All connection attempts failed
2025-12-07 17:48:37 [WARNING] pet_follower - Error fetching GCP log: All connection attempts failed
2025-12-07 17:48:37 [WARNING] pet_follower - Error fetching emotion insight: All connection attempts failed
2025-12-07 17:48:39 [WARNING] pet_follower - Error fetching emotion insight: All connection attempts failed
2025-12-07 17:48:39 [WARNING] pet_follower - Error fetching GCP log: All connection attempts failed
2025-12-07 17:48:41 [WARNING] pet_follower - Error fetching GCP log: All connection attempts failed
2025-12-07 17:48:41 [WARNING] pet_follower - Error fetching emotion insight: All connection attempts failed
2025-12-07 17:48:48 [WARNING] pet_follower - Error fetching emotion insight: All connection attempts failed
2025-12-07 17:48:48 [WARNING] pet_follower - Error fetching GCP log: All connection attempts failed
2025-12-07 17:48:49 [WARNING] pet_follower - Error fetching GCP log: All connection attempts failed
2025-12-07 17:48:49 [WARNING] pet_follower - Error fetching emotion insight: All connection attempts failed
2025-12-07 17:51:59 [INFO] pet_follower - Pet follower loop starting
2025-12-07 17:51:59 [INFO] pet_follower - Ultrasonic distance 32.6 cm <= interaction threshold 40.0 cm
2025-12-07 17:51:59 [INFO] pet_follower - Starting celebration: _celebration_spin
2025-12-07 17:51:59 [WARNING] pet_follower - Celebration sound missing: /home/pi/cl4750/test/picar-x/sounds/dog_sound.wav
2025-12-07 17:51:59 [INFO] pet_follower - Target acquired; following
2025-12-07 17:51:59 [INFO] pet_follower - Ultrasonic distance 32.6 cm <= interaction threshold 40.0 cm
2025-12-07 17:51:59 [INFO] pet_follower - Target acquired; following
2025-12-07 17:52:00 [INFO] pet_follower - Ultrasonic distance 32.6 cm <= interaction threshold 40.0 cm
2025-12-07 17:52:00 [INFO] pet_follower - Target acquired; following
2025-12-07 17:52:00 [INFO] pet_follower - Ultrasonic distance 32.6 cm <= interaction threshold 40.0 cm
2025-12-07 17:52:00 [INFO] pet_follower - Target acquired; following
2025-12-07 17:52:01 [INFO] pet_follower - Ultrasonic distance 32.6 cm <= interaction threshold 40.0 cm
2025-12-07 17:52:01 [INFO] pet_follower - Target acquired; following
2025-12-07 17:52:01 [INFO] pet_follower - Ultrasonic distance 32.6 cm <= interaction threshold 40.0 cm
2025-12-07 17:52:01 [INFO] pet_follower - Target acquired; following
2025-12-07 17:52:01 [INFO] pet_follower - Ultrasonic distance 32.6 cm <= interaction threshold 40.0 cm
2025-12-07 17:52:01 [INFO] pet_follower - Target acquired; following
2025-12-07 17:52:02 [INFO] pet_follower - Ultrasonic distance 32.6 cm <= interaction threshold 40.0 cm
2025-12-07 17:52:02 [INFO] pet_follower - Target acquired; following
2025-12-07 17:52:02 [INFO] pet_follower - Ultrasonic distance 32.6 cm <= interaction threshold 40.0 cm
2025-12-07 17:52:02 [INFO] pet_follower - Target acquired; following
2025-12-07 17:52:03 [INFO] pet_follower - Ultrasonic distance 32.7 cm <= interaction threshold 40.0 cm
2025-12-07 17:52:03 [INFO] pet_follower - Target acquired; following
2025-12-07 17:52:03 [INFO] pet_follower - Ultrasonic distance 32.7 cm <= interaction threshold 40.0 cm
2025-12-07 17:52:03 [INFO] pet_follower - Target acquired; following
2025-12-07 17:52:03 [INFO] pet_follower - Ultrasonic distance 32.6 cm <= interaction threshold 40.0 cm
2025-12-07 17:52:03 [INFO] pet_follower - Target acquired; following
2025-12-07 17:52:04 [INFO] pet_follower - Ultrasonic distance 32.6 cm <= interaction threshold 40.0 cm
2025-12-07 17:52:04 [INFO] pet_follower - Target acquired; following
2025-12-07 17:52:04 [INFO] pet_follower - Ultrasonic distance 32.6 cm <= interaction threshold 40.0 cm
2025-12-07 17:52:04 [INFO] pet_follower - Target acquired; following
2025-12-07 17:52:05 [INFO] pet_follower - Ultrasonic distance 32.7 cm <= interaction threshold 40.0 cm
2025-12-07 17:52:05 [INFO] pet_follower - Target acquired; following
2025-12-07 17:52:05 [INFO] pet_follower - Ultrasonic distance 32.6 cm <= interaction threshold 40.0 cm
2025-12-07 17:52:05 [INFO] pet_follower - Target acquired; following
2025-12-07 17:52:05 [INFO] pet_follower - Ultrasonic distance 32.7 cm <= interaction threshold 40.0 cm
2025-12-07 17:52:05 [INFO] pet_follower - Target acquired; following
2025-12-07 17:52:06 [INFO] pet_follower - Ultrasonic distance 32.6 cm <= interaction threshold 40.0 cm
2025-12-07 17:52:06 [INFO] pet_follower - Target acquired; following
2025-12-07 17:52:06 [INFO] pet_follower - Ultrasonic distance 32.6 cm <= interaction threshold 40.0 cm
2025-12-07 17:52:06 [INFO] pet_follower - Target acquired; following
2025-12-07 17:52:06 [INFO] pet_follower - Ultrasonic distance 32.6 cm <= interaction threshold 40.0 cm
2025-12-07 17:52:06 [INFO] pet_follower - Target acquired; following
2025-12-07 17:52:07 [INFO] pet_follower - Ultrasonic distance 32.6 cm <= interaction threshold 40.0 cm
2025-12-07 17:52:07 [INFO] pet_follower - Target acquired; following
2025-12-07 17:52:07 [INFO] pet_follower - Ultrasonic distance 32.7 cm <= interaction threshold 40.0 cm
2025-12-07 17:52:07 [INFO] pet_follower - Target acquired; following
2025-12-07 17:52:08 [INFO] pet_follower - Ultrasonic distance 32.6 cm <= interaction threshold 40.0 cm
2025-12-07 17:52:08 [INFO] pet_follower - Target acquired; following
2025-12-07 17:52:08 [INFO] pet_follower - Ultrasonic distance 32.7 cm <= interaction threshold 40.0 cm
2025-12-07 17:52:08 [INFO] pet_follower - Target acquired; following
2025-12-07 17:52:08 [INFO] pet_follower - Ultrasonic distance 32.6 cm <= interaction threshold 40.0 cm
2025-12-07 17:52:08 [INFO] pet_follower - Target acquired; following
2025-12-07 17:52:09 [INFO] pet_follower - Ultrasonic distance 32.7 cm <= interaction threshold 40.0 cm
2025-12-07 17:52:09 [INFO] pet_follower - Target acquired; following
2025-12-07 17:52:13 [INFO] pet_follower - Smart snapshot uploaded - pet resting
2025-12-07 17:52:13 [INFO] pet_follower - Ultrasonic distance 36.4 cm <= interaction threshold 40.0 cm
2025-12-07 17:52:13 [INFO] pet_follower - Starting celebration: _celebration_spin
2025-12-07 17:52:13 [WARNING] pet_follower - Celebration sound missing: /home/pi/cl4750/test/picar-x/sounds/dog_sound.wav
2025-12-07 17:52:13 [INFO] pet_follower - Target acquired; following
2025-12-07 17:52:14 [INFO] pet_follower - Ultrasonic distance 32.6 cm <= interaction threshold 40.0 cm
2025-12-07 17:52:14 [INFO] pet_follower - Target acquired; following
2025-12-07 17:52:14 [INFO] pet_follower - Ultrasonic distance 32.6 cm <= interaction threshold 40.0 cm
2025-12-07 17:52:14 [INFO] pet_follower - Target acquired; following
2025-12-07 17:52:14 [INFO] pet_follower - Ultrasonic distance 32.6 cm <= interaction threshold 40.0 cm
2025-12-07 17:52:14 [INFO] pet_follower - Target acquired; following
2025-12-07 17:52:15 [INFO] pet_follower - Ultrasonic distance 32.6 cm <= interaction threshold 40.0 cm
2025-12-07 17:52:15 [INFO] pet_follower - Target acquired; following
2025-12-07 17:52:15 [INFO] pet_follower - Ultrasonic distance 32.6 cm <= interaction threshold 40.0 cm
2025-12-07 17:52:15 [INFO] pet_follower - Target acquired; following
2025-12-07 17:52:15 [INFO] pet_follower - Pet follower loop stopped
2025-12-07 17:54:52 [INFO] pet_follower - Motion controller initialized
2025-12-07 17:54:53 [INFO] pet_follower - Interaction ready with 2 celebration behaviors
2025-12-07 17:54:53 [INFO] pet_follower - Loading YOLO model from yolov8n.pt
2025-12-07 17:54:53 [INFO] pet_follower - Camera manager starting up
2025-12-07 17:54:53 [INFO] pet_follower - Web API server started
2025-12-07 17:54:54 [INFO] pet_follower - Picamera2 started with resolution 640x480 format=RGB888
2025-12-07 17:55:09 [INFO] pet_follower - Pet follower loop starting
2025-12-07 17:55:09 [INFO] pet_follower - Ultrasonic distance 31.9 cm <= interaction threshold 40.0 cm
2025-12-07 17:55:09 [INFO] pet_follower - Starting celebration: _celebration_spin
2025-12-07 17:55:09 [WARNING] pet_follower - Celebration sound missing: /home/pi/cl4750/test/picar-x/sounds/dog_sound.wav
2025-12-07 17:55:09 [INFO] pet_follower - Target acquired; following
2025-12-07 17:55:09 [INFO] pet_follower - Smart snapshot movement=0.02 still=0.37 target=(200.0, 334.6)
2025-12-07 17:55:09 [INFO] pet_follower - Ultrasonic distance 32.7 cm <= interaction threshold 40.0 cm
2025-12-07 17:55:09 [INFO] pet_follower - Target acquired; following
2025-12-07 17:55:10 [INFO] pet_follower - Smart snapshot movement=2.58 still=0.75 target=(198.2, 336.4)
2025-12-07 17:55:10 [INFO] pet_follower - Ultrasonic distance 32.6 cm <= interaction threshold 40.0 cm
2025-12-07 17:55:10 [INFO] pet_follower - Target acquired; following
2025-12-07 17:55:10 [INFO] pet_follower - Smart snapshot movement=0.23 still=1.13 target=(198.3, 336.6)
2025-12-07 17:55:10 [INFO] pet_follower - Ultrasonic distance 32.6 cm <= interaction threshold 40.0 cm
2025-12-07 17:55:10 [INFO] pet_follower - Target acquired; following
2025-12-07 17:55:11 [INFO] pet_follower - Smart snapshot movement=0.25 still=1.50 target=(198.3, 336.9)
2025-12-07 17:55:11 [INFO] pet_follower - Ultrasonic distance 32.6 cm <= interaction threshold 40.0 cm
2025-12-07 17:55:11 [INFO] pet_follower - Target acquired; following
2025-12-07 17:55:11 [INFO] pet_follower - Smart snapshot movement=0.37 still=1.88 target=(198.3, 336.5)
2025-12-07 17:55:11 [INFO] pet_follower - Ultrasonic distance 32.6 cm <= interaction threshold 40.0 cm
2025-12-07 17:55:11 [INFO] pet_follower - Target acquired; following
2025-12-07 17:55:11 [INFO] pet_follower - Smart snapshot movement=0.25 still=2.27 target=(198.3, 336.7)
2025-12-07 17:55:11 [INFO] pet_follower - Ultrasonic distance 32.7 cm <= interaction threshold 40.0 cm
2025-12-07 17:55:11 [INFO] pet_follower - Target acquired; following
2025-12-07 17:55:12 [INFO] pet_follower - Smart snapshot movement=0.11 still=2.65 target=(198.4, 336.8)
2025-12-07 17:55:12 [INFO] pet_follower - Ultrasonic distance 32.6 cm <= interaction threshold 40.0 cm
2025-12-07 17:55:12 [INFO] pet_follower - Target acquired; following
2025-12-07 17:55:12 [INFO] pet_follower - Smart snapshot movement=0.53 still=3.03 target=(198.3, 336.2)
2025-12-07 17:55:12 [INFO] pet_follower - Ultrasonic distance 32.6 cm <= interaction threshold 40.0 cm
2025-12-07 17:55:12 [INFO] pet_follower - Target acquired; following
2025-12-07 17:55:12 [INFO] pet_follower - Smart snapshot movement=0.02 still=3.41 target=(198.3, 336.3)
2025-12-07 17:55:12 [INFO] pet_follower - Ultrasonic distance 32.7 cm <= interaction threshold 40.0 cm
2025-12-07 17:55:12 [INFO] pet_follower - Target acquired; following
2025-12-07 17:55:13 [INFO] pet_follower - Smart snapshot movement=0.44 still=3.78 target=(198.4, 336.7)
2025-12-07 17:55:13 [INFO] pet_follower - Ultrasonic distance 32.6 cm <= interaction threshold 40.0 cm
2025-12-07 17:55:13 [INFO] pet_follower - Target acquired; following
2025-12-07 17:55:13 [INFO] pet_follower - Smart snapshot movement=0.12 still=4.15 target=(198.4, 336.8)
2025-12-07 17:55:13 [INFO] pet_follower - Ultrasonic distance 32.6 cm <= interaction threshold 40.0 cm
2025-12-07 17:55:13 [INFO] pet_follower - Target acquired; following
2025-12-07 17:55:14 [INFO] pet_follower - Smart snapshot movement=0.26 still=4.53 target=(198.3, 336.6)
2025-12-07 17:55:14 [INFO] pet_follower - Ultrasonic distance 32.6 cm <= interaction threshold 40.0 cm
2025-12-07 17:55:14 [INFO] pet_follower - Target acquired; following
2025-12-07 17:55:14 [INFO] pet_follower - Smart snapshot movement=0.24 still=4.91 target=(198.4, 336.3)
2025-12-07 17:55:14 [INFO] pet_follower - Ultrasonic distance 32.6 cm <= interaction threshold 40.0 cm
2025-12-07 17:55:14 [INFO] pet_follower - Target acquired; following
2025-12-07 17:55:14 [INFO] pet_follower - Pet follower loop stopped
2025-12-07 17:57:34 [INFO] pet_follower - Motion controller initialized
2025-12-07 17:57:34 [INFO] pet_follower - Interaction ready with 2 celebration behaviors
2025-12-07 17:57:34 [INFO] pet_follower - Loading YOLO model from yolov8n.pt
2025-12-07 17:57:35 [INFO] pet_follower - Camera manager starting up
2025-12-07 17:57:35 [INFO] pet_follower - Web API server started
2025-12-07 17:57:35 [INFO] pet_follower - Picamera2 started with resolution 640x480 format=RGB888
2025-12-07 17:57:40 [INFO] pet_follower - Pet follower loop starting
2025-12-07 17:57:41 [INFO] pet_follower - Ultrasonic distance 34.0 cm <= interaction threshold 40.0 cm
2025-12-07 17:57:41 [INFO] pet_follower - Starting celebration: _celebration_bounce
2025-12-07 17:57:41 [WARNING] pet_follower - Celebration sound missing: /home/pi/cl4750/test/picar-x/sounds/dog_sound.wav
2025-12-07 17:57:41 [INFO] pet_follower - Target acquired; following
2025-12-07 17:57:41 [INFO] pet_follower - Smart snapshot movement=0.42 still=0.39 target=(197.9, 338.3)
2025-12-07 17:57:41 [INFO] pet_follower - Ultrasonic distance 32.6 cm <= interaction threshold 40.0 cm
2025-12-07 17:57:41 [INFO] pet_follower - Target acquired; following
2025-12-07 17:57:41 [INFO] pet_follower - Smart snapshot movement=3.10 still=0.78 target=(197.0, 341.3)
2025-12-07 17:57:41 [INFO] pet_follower - Ultrasonic distance 32.6 cm <= interaction threshold 40.0 cm
2025-12-07 17:57:41 [INFO] pet_follower - Target acquired; following
2025-12-07 17:57:42 [INFO] pet_follower - Smart snapshot movement=0.57 still=1.18 target=(197.0, 340.7)
2025-12-07 17:57:42 [INFO] pet_follower - Ultrasonic distance 32.6 cm <= interaction threshold 40.0 cm
2025-12-07 17:57:42 [INFO] pet_follower - Target acquired; following
2025-12-07 17:57:42 [INFO] pet_follower - Smart snapshot movement=0.75 still=1.57 target=(197.2, 341.4)
2025-12-07 17:57:42 [INFO] pet_follower - Ultrasonic distance 32.6 cm <= interaction threshold 40.0 cm
2025-12-07 17:57:42 [INFO] pet_follower - Target acquired; following
2025-12-07 17:57:43 [INFO] pet_follower - Smart snapshot movement=0.31 still=1.95 target=(197.0, 341.6)
2025-12-07 17:57:43 [INFO] pet_follower - Ultrasonic distance 32.6 cm <= interaction threshold 40.0 cm
2025-12-07 17:57:43 [INFO] pet_follower - Target acquired; following
2025-12-07 17:57:43 [INFO] pet_follower - Smart snapshot movement=0.39 still=2.33 target=(196.9, 341.2)
2025-12-07 17:57:43 [INFO] pet_follower - Ultrasonic distance 26.3 cm <= interaction threshold 40.0 cm
2025-12-07 17:57:43 [INFO] pet_follower - Target acquired; following
2025-12-07 17:57:43 [INFO] pet_follower - Smart snapshot movement=0.44 still=2.72 target=(196.8, 341.6)
2025-12-07 17:57:43 [INFO] pet_follower - Ultrasonic distance 32.6 cm <= interaction threshold 40.0 cm
2025-12-07 17:57:43 [INFO] pet_follower - Target acquired; following
2025-12-07 17:57:44 [INFO] pet_follower - Smart snapshot movement=0.79 still=3.09 target=(197.0, 340.9)
2025-12-07 17:57:44 [INFO] pet_follower - Ultrasonic distance 32.6 cm <= interaction threshold 40.0 cm
2025-12-07 17:57:44 [INFO] pet_follower - Target acquired; following
2025-12-07 17:57:44 [INFO] pet_follower - Smart snapshot movement=0.07 still=3.47 target=(197.0, 340.9)
2025-12-07 17:57:44 [INFO] pet_follower - Ultrasonic distance 32.6 cm <= interaction threshold 40.0 cm
2025-12-07 17:57:44 [INFO] pet_follower - Target acquired; following
2025-12-07 17:57:44 [INFO] pet_follower - Smart snapshot movement=0.31 still=3.85 target=(196.8, 340.6)
2025-12-07 17:57:44 [INFO] pet_follower - Ultrasonic distance 32.6 cm <= interaction threshold 40.0 cm
2025-12-07 17:57:44 [INFO] pet_follower - Target acquired; following
2025-12-07 17:57:45 [INFO] pet_follower - Smart snapshot movement=1.11 still=4.23 target=(196.7, 339.5)
2025-12-07 17:57:45 [INFO] pet_follower - Ultrasonic distance 32.6 cm <= interaction threshold 40.0 cm
2025-12-07 17:57:45 [INFO] pet_follower - Target acquired; following
2025-12-07 17:57:45 [INFO] pet_follower - Smart snapshot movement=0.89 still=4.61 target=(196.9, 340.4)
2025-12-07 17:57:45 [INFO] pet_follower - Ultrasonic distance 32.6 cm <= interaction threshold 40.0 cm
2025-12-07 17:57:45 [INFO] pet_follower - Target acquired; following
2025-12-07 17:57:46 [INFO] pet_follower - Smart snapshot movement=0.33 still=4.99 target=(196.7, 340.7)
2025-12-07 17:57:46 [INFO] pet_follower - Ultrasonic distance 32.6 cm <= interaction threshold 40.0 cm
2025-12-07 17:57:46 [INFO] pet_follower - Target acquired; following
2025-12-07 17:57:46 [INFO] pet_follower - Smart snapshot movement=0.42 still=5.36 target=(196.8, 340.3)
2025-12-07 17:57:46 [INFO] pet_follower - Ultrasonic distance 32.6 cm <= interaction threshold 40.0 cm
2025-12-07 17:57:46 [INFO] pet_follower - Target acquired; following
2025-12-07 17:57:46 [INFO] pet_follower - Smart snapshot movement=0.14 still=5.75 target=(196.9, 340.3)
2025-12-07 17:57:46 [INFO] pet_follower - Ultrasonic distance 32.6 cm <= interaction threshold 40.0 cm
2025-12-07 17:57:46 [INFO] pet_follower - Target acquired; following
2025-12-07 17:57:47 [INFO] pet_follower - Smart snapshot movement=0.73 still=6.13 target=(196.9, 341.1)
2025-12-07 17:57:47 [INFO] pet_follower - Ultrasonic distance 32.6 cm <= interaction threshold 40.0 cm
2025-12-07 17:57:47 [INFO] pet_follower - Target acquired; following
2025-12-07 17:57:47 [INFO] pet_follower - Smart snapshot movement=0.38 still=6.53 target=(197.3, 341.2)
2025-12-07 17:57:47 [INFO] pet_follower - Ultrasonic distance 32.6 cm <= interaction threshold 40.0 cm
2025-12-07 17:57:47 [INFO] pet_follower - Target acquired; following
2025-12-07 17:57:47 [INFO] pet_follower - Smart snapshot movement=0.55 still=6.91 target=(196.7, 341.0)
2025-12-07 17:57:48 [INFO] pet_follower - Ultrasonic distance 32.6 cm <= interaction threshold 40.0 cm
2025-12-07 17:57:48 [INFO] pet_follower - Target acquired; following
2025-12-07 17:57:48 [INFO] pet_follower - Smart snapshot movement=0.14 still=7.29 target=(196.8, 341.1)
2025-12-07 17:57:48 [INFO] pet_follower - Ultrasonic distance 32.6 cm <= interaction threshold 40.0 cm
2025-12-07 17:57:48 [INFO] pet_follower - Target acquired; following
2025-12-07 17:57:48 [INFO] pet_follower - Smart snapshot movement=0.38 still=7.65 target=(196.7, 341.5)
2025-12-07 17:57:48 [INFO] pet_follower - Ultrasonic distance 32.6 cm <= interaction threshold 40.0 cm
2025-12-07 17:57:48 [INFO] pet_follower - Target acquired; following
2025-12-07 17:57:49 [INFO] pet_follower - Smart snapshot movement=1.09 still=8.04 target=(196.8, 340.4)
2025-12-07 17:57:49 [INFO] pet_follower - Ultrasonic distance 32.6 cm <= interaction threshold 40.0 cm
2025-12-07 17:57:49 [INFO] pet_follower - Target acquired; following
2025-12-07 17:57:49 [INFO] pet_follower - Smart snapshot movement=0.41 still=8.43 target=(196.6, 340.8)
2025-12-07 17:57:49 [INFO] pet_follower - Ultrasonic distance 32.6 cm <= interaction threshold 40.0 cm
2025-12-07 17:57:49 [INFO] pet_follower - Target acquired; following
2025-12-07 17:57:49 [INFO] pet_follower - Smart snapshot movement=0.91 still=8.81 target=(196.8, 341.7)
2025-12-07 17:57:49 [INFO] pet_follower - Ultrasonic distance 32.7 cm <= interaction threshold 40.0 cm
2025-12-07 17:57:49 [INFO] pet_follower - Target acquired; following
2025-12-07 17:57:50 [INFO] pet_follower - Smart snapshot movement=0.10 still=9.19 target=(196.7, 341.7)
2025-12-07 17:57:50 [INFO] pet_follower - Ultrasonic distance 32.6 cm <= interaction threshold 40.0 cm
2025-12-07 17:57:50 [INFO] pet_follower - Target acquired; following
2025-12-07 17:57:50 [INFO] pet_follower - Smart snapshot movement=0.27 still=9.56 target=(196.7, 341.5)
2025-12-07 17:57:50 [INFO] pet_follower - Ultrasonic distance 32.6 cm <= interaction threshold 40.0 cm
2025-12-07 17:57:50 [INFO] pet_follower - Target acquired; following
2025-12-07 17:57:51 [INFO] pet_follower - Smart snapshot movement=0.74 still=9.94 target=(196.8, 342.2)
2025-12-07 17:57:51 [INFO] pet_follower - Ultrasonic distance 32.6 cm <= interaction threshold 40.0 cm
2025-12-07 17:57:51 [INFO] pet_follower - Target acquired; following
2025-12-07 17:57:51 [INFO] pet_follower - Smart snapshot movement=1.69 still=10.31 target=(196.6, 340.5)
2025-12-07 17:57:54 [INFO] pet_follower - Smart snapshot uploaded - pet resting
2025-12-07 17:57:54 [INFO] pet_follower - Ultrasonic distance 32.6 cm <= interaction threshold 40.0 cm
2025-12-07 17:57:54 [INFO] pet_follower - Starting celebration: _celebration_bounce
2025-12-07 17:57:54 [WARNING] pet_follower - Celebration sound missing: /home/pi/cl4750/test/picar-x/sounds/dog_sound.wav
2025-12-07 17:57:54 [INFO] pet_follower - Target acquired; following
2025-12-07 17:57:55 [INFO] pet_follower - Smart snapshot movement=0.19 still=3.64 target=(196.5, 340.3)
2025-12-07 17:57:55 [INFO] pet_follower - Ultrasonic distance 32.6 cm <= interaction threshold 40.0 cm
2025-12-07 17:57:55 [INFO] pet_follower - Target acquired; following
2025-12-07 17:57:55 [INFO] pet_follower - Smart snapshot movement=0.36 still=4.01 target=(196.6, 340.7)
2025-12-07 17:57:55 [INFO] pet_follower - Ultrasonic distance 32.6 cm <= interaction threshold 40.0 cm
2025-12-07 17:57:55 [INFO] pet_follower - Target acquired; following
2025-12-07 17:57:55 [INFO] pet_follower - Smart snapshot movement=1.19 still=4.40 target=(196.5, 339.5)
2025-12-07 17:57:55 [INFO] pet_follower - Ultrasonic distance 32.6 cm <= interaction threshold 40.0 cm
2025-12-07 17:57:55 [INFO] pet_follower - Target acquired; following
2025-12-07 17:57:56 [INFO] pet_follower - Smart snapshot movement=0.86 still=4.77 target=(196.7, 340.4)
2025-12-07 17:57:56 [INFO] pet_follower - Ultrasonic distance 32.7 cm <= interaction threshold 40.0 cm
2025-12-07 17:57:56 [INFO] pet_follower - Target acquired; following
2025-12-07 17:57:56 [INFO] pet_follower - Smart snapshot movement=0.07 still=5.14 target=(196.7, 340.4)
2025-12-07 17:57:56 [INFO] pet_follower - Ultrasonic distance 32.6 cm <= interaction threshold 40.0 cm
2025-12-07 17:57:56 [INFO] pet_follower - Target acquired; following
2025-12-07 17:57:56 [INFO] pet_follower - Smart snapshot movement=0.11 still=5.52 target=(196.8, 340.4)
2025-12-07 17:57:56 [INFO] pet_follower - Ultrasonic distance 32.6 cm <= interaction threshold 40.0 cm
2025-12-07 17:57:56 [INFO] pet_follower - Target acquired; following
2025-12-07 17:57:57 [INFO] pet_follower - Smart snapshot movement=0.89 still=5.92 target=(196.5, 339.5)
2025-12-07 17:57:57 [INFO] pet_follower - Ultrasonic distance 32.6 cm <= interaction threshold 40.0 cm
2025-12-07 17:57:57 [INFO] pet_follower - Target acquired; following
2025-12-07 17:57:57 [INFO] pet_follower - Pet follower loop stopped
2025-12-07 17:59:30 [INFO] pet_follower - Motion controller initialized
2025-12-07 17:59:30 [INFO] pet_follower - Interaction ready with 2 celebration behaviors
2025-12-07 17:59:30 [INFO] pet_follower - Loading YOLO model from yolov8n.pt
2025-12-07 17:59:30 [INFO] pet_follower - Camera manager starting up
2025-12-07 17:59:30 [INFO] pet_follower - Web API server started
2025-12-07 17:59:31 [INFO] pet_follower - Picamera2 started with resolution 640x480 format=RGB888
2025-12-07 17:59:36 [INFO] pet_follower - Pet follower loop starting
2025-12-07 17:59:37 [INFO] pet_follower - Ultrasonic distance 31.8 cm <= interaction threshold 40.0 cm
2025-12-07 17:59:37 [INFO] pet_follower - Starting celebration: _celebration_spin
2025-12-07 17:59:37 [WARNING] pet_follower - Celebration sound missing: /home/pi/cl4750/test/picar-x/sounds/dog_sound.wav
2025-12-07 17:59:37 [INFO] pet_follower - Target acquired; following
2025-12-07 17:59:37 [INFO] pet_follower - Smart snapshot movement=0.14 still=0.37 target=(198.8, 335.4)
2025-12-07 17:59:37 [INFO] pet_follower - Ultrasonic distance 32.6 cm <= interaction threshold 40.0 cm
2025-12-07 17:59:37 [INFO] pet_follower - Smart snapshot movement=5.25 still=0.74 target=(196.3, 340.0)
2025-12-07 17:59:37 [INFO] pet_follower - Ultrasonic distance 32.6 cm <= interaction threshold 40.0 cm
2025-12-07 17:59:38 [INFO] pet_follower - Smart snapshot movement=0.12 still=1.10 target=(196.2, 340.0)
2025-12-07 17:59:38 [INFO] pet_follower - Ultrasonic distance 32.6 cm <= interaction threshold 40.0 cm
2025-12-07 17:59:38 [INFO] pet_follower - Smart snapshot movement=0.83 still=1.47 target=(196.1, 339.2)
2025-12-07 17:59:38 [INFO] pet_follower - Ultrasonic distance 32.6 cm <= interaction threshold 40.0 cm
2025-12-07 17:59:38 [INFO] pet_follower - Smart snapshot movement=0.25 still=1.84 target=(196.1, 339.0)
2025-12-07 17:59:38 [INFO] pet_follower - Ultrasonic distance 32.6 cm <= interaction threshold 40.0 cm
2025-12-07 17:59:39 [INFO] pet_follower - Smart snapshot movement=0.26 still=2.21 target=(196.2, 339.2)
2025-12-07 17:59:39 [INFO] pet_follower - Ultrasonic distance 32.6 cm <= interaction threshold 40.0 cm
2025-12-07 17:59:39 [INFO] pet_follower - Smart snapshot movement=1.20 still=2.58 target=(196.2, 340.4)
2025-12-07 17:59:39 [INFO] pet_follower - Ultrasonic distance 32.6 cm <= interaction threshold 40.0 cm
2025-12-07 17:59:40 [INFO] pet_follower - Smart snapshot movement=0.28 still=2.95 target=(196.2, 340.1)
2025-12-07 17:59:40 [INFO] pet_follower - Ultrasonic distance 32.6 cm <= interaction threshold 40.0 cm
2025-12-07 17:59:40 [INFO] pet_follower - Smart snapshot movement=0.10 still=3.35 target=(196.2, 340.2)
2025-12-07 17:59:40 [INFO] pet_follower - Ultrasonic distance 32.6 cm <= interaction threshold 40.0 cm
2025-12-07 17:59:40 [INFO] pet_follower - Smart snapshot movement=0.67 still=3.71 target=(196.1, 339.5)
2025-12-07 17:59:40 [INFO] pet_follower - Ultrasonic distance 32.6 cm <= interaction threshold 40.0 cm
2025-12-07 17:59:41 [INFO] pet_follower - Smart snapshot movement=0.15 still=4.12 target=(196.2, 339.4)
2025-12-07 17:59:41 [INFO] pet_follower - Ultrasonic distance 32.6 cm <= interaction threshold 40.0 cm
2025-12-07 17:59:41 [INFO] pet_follower - Smart snapshot movement=1.58 still=4.49 target=(196.1, 340.9)
2025-12-07 17:59:41 [INFO] pet_follower - Ultrasonic distance 32.6 cm <= interaction threshold 40.0 cm
2025-12-07 17:59:41 [INFO] pet_follower - Smart snapshot movement=1.09 still=4.86 target=(196.3, 339.9)
2025-12-07 17:59:41 [INFO] pet_follower - Ultrasonic distance 32.6 cm <= interaction threshold 40.0 cm
2025-12-07 17:59:42 [INFO] pet_follower - Smart snapshot movement=0.42 still=5.23 target=(196.2, 340.3)
2025-12-07 17:59:42 [INFO] pet_follower - Ultrasonic distance 32.6 cm <= interaction threshold 40.0 cm
2025-12-07 17:59:42 [INFO] pet_follower - Smart snapshot movement=0.39 still=5.61 target=(196.3, 339.9)
2025-12-07 17:59:42 [INFO] pet_follower - Ultrasonic distance 32.6 cm <= interaction threshold 40.0 cm
2025-12-07 17:59:43 [INFO] pet_follower - Smart snapshot movement=0.94 still=5.99 target=(196.3, 340.8)
2025-12-07 17:59:43 [INFO] pet_follower - Ultrasonic distance 32.6 cm <= interaction threshold 40.0 cm
2025-12-07 17:59:43 [INFO] pet_follower - Smart snapshot movement=0.47 still=6.37 target=(196.2, 340.4)
2025-12-07 17:59:43 [INFO] pet_follower - Holding last heading, continuing search
2025-12-07 17:59:46 [WARNING] pet_follower - Movement blocked by safety check
2025-12-07 17:59:46 [WARNING] pet_follower - Movement blocked by safety check
2025-12-07 17:59:46 [INFO] pet_follower - Smart snapshot movement=52.13 still=0.38 target=(324.9, 260.1)
2025-12-07 17:59:46 [WARNING] pet_follower - Movement blocked by safety check
2025-12-07 17:59:47 [INFO] pet_follower - Smart snapshot movement=8.17 still=0.41 target=(319.7, 266.3)
2025-12-07 17:59:47 [WARNING] pet_follower - Movement blocked by safety check
2025-12-07 17:59:47 [INFO] pet_follower - Smart snapshot movement=1.68 still=0.81 target=(318.1, 265.6)
2025-12-07 17:59:47 [WARNING] pet_follower - Movement blocked by safety check
2025-12-07 17:59:48 [INFO] pet_follower - Smart snapshot movement=27.55 still=1.21 target=(291.7, 257.8)
2025-12-07 17:59:48 [WARNING] pet_follower - Movement blocked by safety check
2025-12-07 17:59:48 [INFO] pet_follower - Smart snapshot movement=42.21 still=1.61 target=(333.9, 256.9)
2025-12-07 17:59:48 [WARNING] pet_follower - Movement blocked by safety check
2025-12-07 17:59:48 [INFO] pet_follower - Smart snapshot movement=2.65 still=0.39 target=(335.4, 254.8)
2025-12-07 17:59:48 [WARNING] pet_follower - Movement blocked by safety check
2025-12-07 17:59:49 [INFO] pet_follower - Smart snapshot movement=2.27 still=0.78 target=(333.3, 253.9)
2025-12-07 17:59:49 [INFO] pet_follower - Target acquired; following
2025-12-07 17:59:49 [INFO] pet_follower - Smart snapshot movement=191.73 still=1.16 target=(523.1, 226.9)
2025-12-07 17:59:50 [INFO] pet_follower - Holding last heading, continuing search
2025-12-07 17:59:50 [WARNING] pet_follower - Movement blocked by safety check
2025-12-07 17:59:50 [WARNING] pet_follower - Movement blocked by safety check
2025-12-07 17:59:51 [WARNING] pet_follower - Movement blocked by safety check
2025-12-07 17:59:51 [WARNING] pet_follower - Movement blocked by safety check
2025-12-07 17:59:51 [WARNING] pet_follower - Movement blocked by safety check
2025-12-07 17:59:52 [WARNING] pet_follower - Movement blocked by safety check
2025-12-07 17:59:52 [WARNING] pet_follower - Movement blocked by safety check
2025-12-07 17:59:53 [WARNING] pet_follower - Movement blocked by safety check
2025-12-07 17:59:53 [WARNING] pet_follower - Movement blocked by safety check
2025-12-07 17:59:53 [WARNING] pet_follower - Movement blocked by safety check
2025-12-07 17:59:54 [WARNING] pet_follower - Movement blocked by safety check
2025-12-07 17:59:54 [WARNING] pet_follower - Movement blocked by safety check
2025-12-07 17:59:55 [WARNING] pet_follower - Movement blocked by safety check
2025-12-07 17:59:55 [WARNING] pet_follower - Movement blocked by safety check
2025-12-07 17:59:55 [WARNING] pet_follower - Movement blocked by safety check
2025-12-07 17:59:56 [WARNING] pet_follower - Movement blocked by safety check
2025-12-07 17:59:56 [WARNING] pet_follower - Movement blocked by safety check
2025-12-07 17:59:56 [WARNING] pet_follower - Movement blocked by safety check
2025-12-07 17:59:57 [WARNING] pet_follower - Movement blocked by safety check
2025-12-07 17:59:57 [WARNING] pet_follower - Movement blocked by safety check
2025-12-07 17:59:58 [WARNING] pet_follower - Movement blocked by safety check
2025-12-07 17:59:58 [WARNING] pet_follower - Movement blocked by safety check
2025-12-07 17:59:58 [WARNING] pet_follower - Movement blocked by safety check
2025-12-07 17:59:59 [WARNING] pet_follower - Movement blocked by safety check
2025-12-07 17:59:59 [WARNING] pet_follower - Movement blocked by safety check
2025-12-07 17:59:59 [WARNING] pet_follower - Movement blocked by safety check
2025-12-07 18:00:00 [WARNING] pet_follower - Movement blocked by safety check
2025-12-07 18:00:00 [WARNING] pet_follower - Movement blocked by safety check
2025-12-07 18:00:01 [WARNING] pet_follower - Movement blocked by safety check
2025-12-07 18:00:01 [WARNING] pet_follower - Movement blocked by safety check
2025-12-07 18:00:01 [WARNING] pet_follower - Movement blocked by safety check
2025-12-07 18:00:02 [WARNING] pet_follower - Movement blocked by safety check
2025-12-07 18:00:02 [WARNING] pet_follower - Movement blocked by safety check
2025-12-07 18:00:03 [WARNING] pet_follower - Movement blocked by safety check
2025-12-07 18:00:03 [WARNING] pet_follower - Movement blocked by safety check
2025-12-07 18:00:03 [WARNING] pet_follower - Movement blocked by safety check
2025-12-07 18:00:04 [WARNING] pet_follower - Movement blocked by safety check
2025-12-07 18:00:04 [WARNING] pet_follower - Movement blocked by safety check
2025-12-07 18:00:04 [WARNING] pet_follower - Movement blocked by safety check
2025-12-07 18:00:05 [WARNING] pet_follower - Movement blocked by safety check
2025-12-07 18:00:05 [WARNING] pet_follower - Movement blocked by safety check
2025-12-07 18:00:06 [WARNING] pet_follower - Movement blocked by safety check
2025-12-07 18:00:06 [WARNING] pet_follower - Movement blocked by safety check
2025-12-07 18:00:06 [WARNING] pet_follower - Movement blocked by safety check
2025-12-07 18:00:07 [WARNING] pet_follower - Movement blocked by safety check
2025-12-07 18:00:07 [WARNING] pet_follower - Movement blocked by safety check
2025-12-07 18:00:07 [WARNING] pet_follower - Movement blocked by safety check
2025-12-07 18:00:08 [WARNING] pet_follower - Movement blocked by safety check
2025-12-07 18:00:08 [WARNING] pet_follower - Movement blocked by safety check
2025-12-07 18:00:09 [WARNING] pet_follower - Movement blocked by safety check
2025-12-07 18:00:09 [WARNING] pet_follower - Movement blocked by safety check
2025-12-07 18:00:09 [WARNING] pet_follower - Movement blocked by safety check
2025-12-07 18:00:10 [WARNING] pet_follower - Movement blocked by safety check
2025-12-07 18:00:10 [WARNING] pet_follower - Movement blocked by safety check
2025-12-07 18:00:10 [WARNING] pet_follower - Movement blocked by safety check
2025-12-07 18:00:11 [WARNING] pet_follower - Movement blocked by safety check
2025-12-07 18:00:11 [WARNING] pet_follower - Movement blocked by safety check
2025-12-07 18:00:12 [WARNING] pet_follower - Movement blocked by safety check
2025-12-07 18:00:12 [WARNING] pet_follower - Movement blocked by safety check
2025-12-07 18:00:12 [WARNING] pet_follower - Movement blocked by safety check
2025-12-07 18:00:13 [WARNING] pet_follower - Movement blocked by safety check
2025-12-07 18:00:13 [WARNING] pet_follower - Movement blocked by safety check
2025-12-07 18:00:20 [INFO] pet_follower - Motion controller initialized
2025-12-07 18:00:21 [INFO] pet_follower - Interaction ready with 2 celebration behaviors
2025-12-07 18:00:21 [INFO] pet_follower - Loading YOLO model from yolov8n.pt
2025-12-07 18:00:21 [INFO] pet_follower - Camera manager starting up
2025-12-07 18:00:21 [INFO] pet_follower - Web API server started
2025-12-07 18:00:22 [INFO] pet_follower - Picamera2 started with resolution 640x480 format=RGB888
2025-12-07 18:00:38 [INFO] pet_follower - Pet follower loop starting
2025-12-07 18:00:38 [INFO] pet_follower - Ultrasonic distance 25.1 cm <= interaction threshold 40.0 cm
2025-12-07 18:00:38 [INFO] pet_follower - Starting celebration: _celebration_bounce
2025-12-07 18:00:38 [WARNING] pet_follower - Celebration sound missing: /home/pi/cl4750/test/picar-x/sounds/dog_sound.wav
2025-12-07 18:00:38 [INFO] pet_follower - Target acquired; following
2025-12-07 18:00:38 [INFO] pet_follower - Smart snapshot movement=0.22 still=0.39 target=(163.5, 304.9)
2025-12-07 18:00:38 [INFO] pet_follower - Ultrasonic distance 23.3 cm <= interaction threshold 40.0 cm
2025-12-07 18:00:39 [INFO] pet_follower - Smart snapshot movement=4.39 still=0.76 target=(162.5, 300.6)
2025-12-07 18:00:39 [INFO] pet_follower - Ultrasonic distance 23.3 cm <= interaction threshold 40.0 cm
2025-12-07 18:00:39 [INFO] pet_follower - Smart snapshot movement=1.31 still=1.15 target=(162.3, 301.9)
2025-12-07 18:00:39 [INFO] pet_follower - Ultrasonic distance 23.3 cm <= interaction threshold 40.0 cm
2025-12-07 18:00:39 [INFO] pet_follower - Smart snapshot movement=0.12 still=1.52 target=(162.2, 301.9)
2025-12-07 18:00:39 [INFO] pet_follower - Ultrasonic distance 23.4 cm <= interaction threshold 40.0 cm
2025-12-07 18:00:40 [INFO] pet_follower - Smart snapshot movement=0.26 still=1.90 target=(162.2, 301.6)
2025-12-07 18:00:40 [INFO] pet_follower - Ultrasonic distance 23.4 cm <= interaction threshold 40.0 cm
2025-12-07 18:00:40 [INFO] pet_follower - Smart snapshot movement=0.67 still=2.27 target=(162.3, 302.3)
2025-12-07 18:00:40 [INFO] pet_follower - Ultrasonic distance 23.4 cm <= interaction threshold 40.0 cm
2025-12-07 18:00:41 [INFO] pet_follower - Smart snapshot movement=0.54 still=2.64 target=(162.2, 301.7)
2025-12-07 18:00:41 [INFO] pet_follower - Ultrasonic distance 23.3 cm <= interaction threshold 40.0 cm
2025-12-07 18:00:41 [INFO] pet_follower - Smart snapshot movement=0.91 still=3.04 target=(162.2, 302.7)
2025-12-07 18:00:41 [INFO] pet_follower - Ultrasonic distance 23.4 cm <= interaction threshold 40.0 cm
2025-12-07 18:00:41 [INFO] pet_follower - Smart snapshot movement=0.58 still=3.40 target=(162.2, 303.2)
2025-12-07 18:00:41 [INFO] pet_follower - Ultrasonic distance 23.4 cm <= interaction threshold 40.0 cm
2025-12-07 18:00:42 [INFO] pet_follower - Smart snapshot movement=2.22 still=3.78 target=(162.2, 301.0)
2025-12-07 18:00:42 [INFO] pet_follower - Ultrasonic distance 23.3 cm <= interaction threshold 40.0 cm
2025-12-07 18:00:42 [INFO] pet_follower - Smart snapshot movement=0.34 still=4.17 target=(162.1, 301.3)
2025-12-07 18:00:42 [INFO] pet_follower - Ultrasonic distance 23.3 cm <= interaction threshold 40.0 cm
2025-12-07 18:00:43 [INFO] pet_follower - Smart snapshot movement=1.18 still=4.57 target=(162.1, 302.5)
2025-12-07 18:00:43 [INFO] pet_follower - Ultrasonic distance 23.3 cm <= interaction threshold 40.0 cm
2025-12-07 18:00:43 [INFO] pet_follower - Smart snapshot movement=0.98 still=4.98 target=(162.1, 301.5)
2025-12-07 18:00:43 [INFO] pet_follower - Ultrasonic distance 23.4 cm <= interaction threshold 40.0 cm
2025-12-07 18:00:43 [INFO] pet_follower - Smart snapshot movement=3.07 still=5.36 target=(163.4, 304.3)
2025-12-07 18:00:43 [INFO] pet_follower - Ultrasonic distance 22.8 cm <= interaction threshold 40.0 cm
2025-12-07 18:00:44 [INFO] pet_follower - Smart snapshot movement=81.89 still=5.73 target=(245.3, 304.5)
2025-12-07 18:00:44 [INFO] pet_follower - Ultrasonic distance 25.7 cm <= interaction threshold 40.0 cm
2025-12-07 18:00:44 [INFO] pet_follower - Smart snapshot movement=65.27 still=0.37 target=(309.3, 292.1)
2025-12-07 18:00:44 [INFO] pet_follower - Ultrasonic distance 22.8 cm <= interaction threshold 40.0 cm
2025-12-07 18:00:44 [INFO] pet_follower - Smart snapshot movement=35.15 still=0.37 target=(334.8, 267.9)
2025-12-07 18:00:44 [INFO] pet_follower - Ultrasonic distance 23.3 cm <= interaction threshold 40.0 cm
2025-12-07 18:00:45 [INFO] pet_follower - Smart snapshot movement=89.58 still=0.38 target=(424.2, 262.5)
2025-12-07 18:00:45 [INFO] pet_follower - Ultrasonic distance 22.8 cm <= interaction threshold 40.0 cm
2025-12-07 18:00:45 [INFO] pet_follower - Smart snapshot movement=56.95 still=0.37 target=(480.3, 252.7)
2025-12-07 18:00:45 [INFO] pet_follower - Ultrasonic distance 25.7 cm <= interaction threshold 40.0 cm
2025-12-07 18:00:46 [INFO] pet_follower - Smart snapshot movement=22.81 still=0.37 target=(500.3, 241.6)
2025-12-07 18:00:46 [WARNING] pet_follower - Obstacle -2.0 cm ahead - backing up
2025-12-07 18:00:46 [WARNING] pet_follower - Movement blocked by safety check
2025-12-07 18:00:46 [INFO] pet_follower - Smart snapshot movement=34.24 still=1.02 target=(534.5, 241.4)
2025-12-07 18:00:46 [WARNING] pet_follower - Obstacle -2.0 cm ahead - backing up
2025-12-07 18:00:46 [WARNING] pet_follower - Movement blocked by safety check
2025-12-07 18:00:47 [INFO] pet_follower - Holding last heading, continuing search
2025-12-07 18:00:51 [WARNING] pet_follower - Movement blocked by safety check
2025-12-07 18:00:51 [WARNING] pet_follower - Movement blocked by safety check
2025-12-07 18:00:51 [WARNING] pet_follower - Movement blocked by safety check
2025-12-07 18:00:52 [INFO] pet_follower - Smart snapshot movement=219.71 still=0.39 target=(253.4, 290.8)
2025-12-07 18:00:52 [INFO] pet_follower - Ultrasonic distance 21.1 cm <= interaction threshold 40.0 cm
2025-12-07 18:00:52 [INFO] pet_follower - Starting celebration: _celebration_bounce
2025-12-07 18:00:52 [WARNING] pet_follower - Celebration sound missing: /home/pi/cl4750/test/picar-x/sounds/dog_sound.wav
2025-12-07 18:00:52 [INFO] pet_follower - Target acquired; following
2025-12-07 18:00:52 [INFO] pet_follower - Smart snapshot movement=115.33 still=0.39 target=(138.3, 297.0)
2025-12-07 18:00:52 [INFO] pet_follower - Ultrasonic distance 24.8 cm <= interaction threshold 40.0 cm
2025-12-07 18:00:53 [INFO] pet_follower - Ultrasonic distance 23.0 cm <= interaction threshold 40.0 cm
2025-12-07 18:00:53 [INFO] pet_follower - Holding last heading, continuing search
2025-12-07 18:00:53 [INFO] pet_follower - Ultrasonic distance 20.3 cm <= interaction threshold 40.0 cm
2025-12-07 18:00:54 [WARNING] pet_follower - Movement blocked by safety check
2025-12-07 18:00:54 [INFO] pet_follower - Ultrasonic distance 20.8 cm <= interaction threshold 40.0 cm
2025-12-07 18:00:54 [INFO] pet_follower - Target acquired; following
2025-12-07 18:00:54 [INFO] pet_follower - Smart snapshot movement=135.95 still=0.40 target=(303.5, 260.4)
2025-12-07 18:00:54 [INFO] pet_follower - Ultrasonic distance 24.2 cm <= interaction threshold 40.0 cm
2025-12-07 18:00:55 [INFO] pet_follower - Smart snapshot movement=165.72 still=0.40 target=(465.7, 226.3)
2025-12-07 18:00:55 [INFO] pet_follower - Smart snapshot movement=82.41 still=0.38 target=(541.4, 193.7)
2025-12-07 18:00:56 [INFO] pet_follower - Holding last heading, continuing search
2025-12-07 18:00:56 [WARNING] pet_follower - Obstacle -2.0 cm ahead - backing up
2025-12-07 18:00:56 [WARNING] pet_follower - Movement blocked by safety check
2025-12-07 18:00:58 [WARNING] pet_follower - Movement blocked by safety check
2025-12-07 18:01:00 [WARNING] pet_follower - Movement blocked by safety check
2025-12-07 18:01:01 [INFO] pet_follower - Search timeout exceeded - request chassis turn
2025-12-07 18:01:03 [INFO] pet_follower - Pet follower loop stopped
2025-12-07 18:15:55 [INFO] pet_follower - Motion controller initialized
2025-12-07 18:15:55 [INFO] pet_follower - Interaction ready with 2 celebration behaviors
2025-12-07 18:15:55 [INFO] pet_follower - Loading YOLO model from yolov8n.pt
2025-12-07 18:15:55 [INFO] pet_follower - Camera manager starting up
2025-12-07 18:15:55 [INFO] pet_follower - Web API server started
2025-12-07 18:15:56 [INFO] pet_follower - Picamera2 started with resolution 640x480 format=RGB888
2025-12-07 18:16:45 [INFO] pet_follower - Pet follower loop starting
2025-12-07 18:16:45 [INFO] pet_follower - Target acquired; following
2025-12-07 18:16:46 [INFO] pet_follower - Smart snapshot movement=2.02 still=0.38 target=(227.0, 312.9)
2025-12-07 18:16:46 [INFO] pet_follower - Smart snapshot movement=26.60 still=0.79 target=(211.0, 291.6)
2025-12-07 18:16:46 [WARNING] pet_follower - Obstacle 9.3 cm ahead - backing up
2025-12-07 18:16:46 [WARNING] pet_follower - Movement blocked by safety check
2025-12-07 18:16:47 [INFO] pet_follower - Smart snapshot movement=110.09 still=1.39 target=(308.2, 240.0)
2025-12-07 18:16:47 [WARNING] pet_follower - Obstacle 9.3 cm ahead - backing up
2025-12-07 18:16:47 [WARNING] pet_follower - Movement blocked by safety check
2025-12-07 18:16:47 [INFO] pet_follower - Smart snapshot movement=29.09 still=0.58 target=(334.5, 252.3)
2025-12-07 18:16:47 [WARNING] pet_follower - Movement blocked by safety check
2025-12-07 18:16:48 [INFO] pet_follower - Smart snapshot movement=103.40 still=0.96 target=(231.4, 259.6)
2025-12-07 18:16:48 [WARNING] pet_follower - Movement blocked by safety check
2025-12-07 18:16:48 [INFO] pet_follower - Smart snapshot movement=0.75 still=0.39 target=(231.3, 258.9)
2025-12-07 18:16:48 [WARNING] pet_follower - Movement blocked by safety check
2025-12-07 18:16:48 [INFO] pet_follower - Smart snapshot movement=0.38 still=0.79 target=(231.6, 258.8)
2025-12-07 18:16:48 [WARNING] pet_follower - Movement blocked by safety check
2025-12-07 18:16:49 [INFO] pet_follower - Smart snapshot movement=0.04 still=1.18 target=(231.6, 258.8)
2025-12-07 18:16:49 [WARNING] pet_follower - Movement blocked by safety check
2025-12-07 18:16:49 [INFO] pet_follower - Smart snapshot movement=0.42 still=1.55 target=(231.2, 259.0)
2025-12-07 18:16:49 [WARNING] pet_follower - Movement blocked by safety check
2025-12-07 18:16:50 [INFO] pet_follower - Smart snapshot movement=0.79 still=1.93 target=(231.8, 258.5)
2025-12-07 18:16:50 [WARNING] pet_follower - Movement blocked by safety check
2025-12-07 18:16:50 [INFO] pet_follower - Smart snapshot movement=0.11 still=2.32 target=(231.9, 258.5)
2025-12-07 18:16:50 [WARNING] pet_follower - Movement blocked by safety check
2025-12-07 18:16:50 [INFO] pet_follower - Smart snapshot movement=0.35 still=2.71 target=(231.8, 258.8)
2025-12-07 18:16:50 [WARNING] pet_follower - Movement blocked by safety check
2025-12-07 18:16:51 [INFO] pet_follower - Smart snapshot movement=0.48 still=3.09 target=(231.3, 258.6)
2025-12-07 18:16:51 [WARNING] pet_follower - Movement blocked by safety check
2025-12-07 18:16:51 [INFO] pet_follower - Smart snapshot movement=0.15 still=3.47 target=(231.4, 258.4)
2025-12-07 18:16:51 [WARNING] pet_follower - Movement blocked by safety check
2025-12-07 18:16:51 [INFO] pet_follower - Smart snapshot movement=0.45 still=3.87 target=(231.8, 258.5)
2025-12-07 18:16:51 [WARNING] pet_follower - Movement blocked by safety check
2025-12-07 18:16:52 [INFO] pet_follower - Smart snapshot movement=0.37 still=4.23 target=(231.6, 258.8)
2025-12-07 18:16:52 [WARNING] pet_follower - Movement blocked by safety check
2025-12-07 18:16:52 [INFO] pet_follower - Smart snapshot movement=0.33 still=4.61 target=(231.5, 258.5)
2025-12-07 18:16:52 [WARNING] pet_follower - Movement blocked by safety check
2025-12-07 18:16:53 [INFO] pet_follower - Smart snapshot movement=0.18 still=4.99 target=(231.4, 258.4)
2025-12-07 18:16:53 [WARNING] pet_follower - Movement blocked by safety check
2025-12-07 18:16:53 [INFO] pet_follower - Smart snapshot movement=0.17 still=5.36 target=(231.5, 258.3)
2025-12-07 18:16:53 [WARNING] pet_follower - Movement blocked by safety check
2025-12-07 18:16:53 [INFO] pet_follower - Smart snapshot movement=4.04 still=5.76 target=(230.6, 262.3)
2025-12-07 18:16:53 [WARNING] pet_follower - Movement blocked by safety check
2025-12-07 18:16:54 [INFO] pet_follower - Smart snapshot movement=3.77 still=6.12 target=(231.0, 258.5)
2025-12-07 18:16:54 [WARNING] pet_follower - Movement blocked by safety check
2025-12-07 18:16:54 [INFO] pet_follower - Smart snapshot movement=0.63 still=6.50 target=(231.4, 259.0)
2025-12-07 18:16:54 [WARNING] pet_follower - Movement blocked by safety check
2025-12-07 18:16:54 [INFO] pet_follower - Smart snapshot movement=0.10 still=6.89 target=(231.4, 259.1)
2025-12-07 18:16:54 [WARNING] pet_follower - Movement blocked by safety check
2025-12-07 18:16:55 [INFO] pet_follower - Smart snapshot movement=0.16 still=7.26 target=(231.4, 259.0)
2025-12-07 18:16:55 [WARNING] pet_follower - Movement blocked by safety check
2025-12-07 18:16:55 [INFO] pet_follower - Smart snapshot movement=0.42 still=7.64 target=(231.7, 258.8)
2025-12-07 18:16:55 [WARNING] pet_follower - Movement blocked by safety check
2025-12-07 18:16:56 [INFO] pet_follower - Smart snapshot movement=0.19 still=8.03 target=(231.8, 258.6)
2025-12-07 18:16:56 [WARNING] pet_follower - Movement blocked by safety check
2025-12-07 18:16:56 [INFO] pet_follower - Smart snapshot movement=0.47 still=8.42 target=(231.6, 259.0)
2025-12-07 18:16:56 [WARNING] pet_follower - Movement blocked by safety check
2025-12-07 18:16:56 [INFO] pet_follower - Smart snapshot movement=0.34 still=8.82 target=(231.5, 258.6)
2025-12-07 18:16:56 [WARNING] pet_follower - Movement blocked by safety check
2025-12-07 18:16:57 [INFO] pet_follower - Smart snapshot movement=0.17 still=9.20 target=(231.5, 258.8)
2025-12-07 18:16:57 [WARNING] pet_follower - Movement blocked by safety check
2025-12-07 18:16:57 [INFO] pet_follower - Smart snapshot movement=0.26 still=9.59 target=(231.6, 258.6)
2025-12-07 18:16:57 [WARNING] pet_follower - Movement blocked by safety check
2025-12-07 18:16:58 [INFO] pet_follower - Smart snapshot movement=0.10 still=9.99 target=(231.5, 258.5)
2025-12-07 18:16:58 [WARNING] pet_follower - Movement blocked by safety check
2025-12-07 18:16:58 [INFO] pet_follower - Smart snapshot movement=0.11 still=10.37 target=(231.5, 258.4)
2025-12-07 18:17:01 [INFO] pet_follower - Smart snapshot uploaded - pet resting
2025-12-07 18:17:01 [WARNING] pet_follower - Movement blocked by safety check
2025-12-07 18:17:01 [INFO] pet_follower - Smart snapshot movement=0.42 still=3.29 target=(232.0, 258.4)
2025-12-07 18:17:01 [WARNING] pet_follower - Movement blocked by safety check
2025-12-07 18:17:02 [INFO] pet_follower - Smart snapshot movement=0.16 still=3.66 target=(232.0, 258.5)
2025-12-07 18:17:02 [WARNING] pet_follower - Movement blocked by safety check
2025-12-07 18:17:02 [INFO] pet_follower - Smart snapshot movement=4.00 still=4.04 target=(230.6, 262.3)
2025-12-07 18:17:02 [WARNING] pet_follower - Movement blocked by safety check
2025-12-07 18:17:02 [INFO] pet_follower - Smart snapshot movement=3.93 still=4.42 target=(231.6, 258.5)
2025-12-07 18:17:02 [WARNING] pet_follower - Movement blocked by safety check
2025-12-07 18:17:03 [INFO] pet_follower - Smart snapshot movement=0.32 still=4.81 target=(231.8, 258.2)
2025-12-07 18:17:03 [WARNING] pet_follower - Movement blocked by safety check
2025-12-07 18:17:03 [INFO] pet_follower - Smart snapshot movement=0.21 still=5.19 target=(231.9, 258.3)
2025-12-07 18:17:03 [WARNING] pet_follower - Movement blocked by safety check
2025-12-07 18:17:04 [INFO] pet_follower - Smart snapshot movement=0.25 still=5.56 target=(231.9, 258.5)
2025-12-07 18:17:04 [WARNING] pet_follower - Movement blocked by safety check
2025-12-07 18:17:04 [INFO] pet_follower - Smart snapshot movement=0.62 still=5.94 target=(231.4, 258.9)
2025-12-07 18:17:04 [WARNING] pet_follower - Movement blocked by safety check
2025-12-07 18:17:04 [INFO] pet_follower - Smart snapshot movement=3.48 still=6.33 target=(230.7, 262.3)
2025-12-07 18:17:04 [WARNING] pet_follower - Movement blocked by safety check
2025-12-07 18:17:05 [INFO] pet_follower - Smart snapshot movement=3.56 still=6.74 target=(231.2, 258.8)
2025-12-07 18:17:05 [WARNING] pet_follower - Movement blocked by safety check
2025-12-07 18:17:05 [INFO] pet_follower - Smart snapshot movement=0.37 still=7.10 target=(231.3, 259.1)
2025-12-07 18:17:05 [WARNING] pet_follower - Movement blocked by safety check
2025-12-07 18:17:05 [INFO] pet_follower - Smart snapshot movement=0.35 still=7.47 target=(231.3, 258.8)
2025-12-07 18:17:05 [WARNING] pet_follower - Movement blocked by safety check
2025-12-07 18:17:06 [INFO] pet_follower - Smart snapshot movement=0.49 still=7.87 target=(230.8, 258.9)
2025-12-07 18:17:06 [WARNING] pet_follower - Movement blocked by safety check
2025-12-07 18:17:06 [INFO] pet_follower - Smart snapshot movement=3.68 still=8.25 target=(230.5, 262.5)
2025-12-07 18:17:06 [WARNING] pet_follower - Movement blocked by safety check
2025-12-07 18:17:07 [INFO] pet_follower - Smart snapshot movement=3.83 still=8.65 target=(231.4, 258.8)
2025-12-07 18:17:07 [WARNING] pet_follower - Movement blocked by safety check
2025-12-07 18:17:07 [INFO] pet_follower - Smart snapshot movement=0.65 still=9.03 target=(230.8, 258.6)
2025-12-07 18:17:07 [WARNING] pet_follower - Movement blocked by safety check
2025-12-07 18:17:07 [INFO] pet_follower - Smart snapshot movement=0.38 still=9.41 target=(230.8, 258.3)
2025-12-07 18:17:07 [WARNING] pet_follower - Movement blocked by safety check
2025-12-07 18:17:08 [INFO] pet_follower - Smart snapshot movement=3.34 still=9.79 target=(230.7, 254.9)
2025-12-07 18:17:08 [WARNING] pet_follower - Movement blocked by safety check
2025-12-07 18:17:08 [INFO] pet_follower - Smart snapshot movement=9.69 still=10.18 target=(237.8, 248.3)
2025-12-07 18:17:08 [WARNING] pet_follower - Movement blocked by safety check
2025-12-07 18:17:09 [INFO] pet_follower - Smart snapshot movement=234.26 still=10.57 target=(467.2, 201.0)
2025-12-07 18:17:09 [INFO] pet_follower - Motion-triggered recording (Δ 234px, rest 11s, speed 607.1px/s)
2025-12-07 18:17:09 [WARNING] pet_follower - Movement blocked by safety check
2025-12-07 18:17:09 [INFO] pet_follower - Smart snapshot movement=34.86 still=0.41 target=(465.3, 235.8)
2025-12-07 18:17:09 [WARNING] pet_follower - Movement blocked by safety check
2025-12-07 18:17:09 [INFO] pet_follower - Smart snapshot movement=4.66 still=0.37 target=(460.7, 236.6)
2025-12-07 18:17:09 [WARNING] pet_follower - Movement blocked by safety check
2025-12-07 18:17:10 [INFO] pet_follower - Smart snapshot movement=9.03 still=0.77 target=(467.5, 230.7)
2025-12-07 18:17:10 [WARNING] pet_follower - Movement blocked by safety check
2025-12-07 18:17:10 [INFO] pet_follower - Smart snapshot movement=270.58 still=1.16 target=(197.1, 240.6)
2025-12-07 18:17:10 [WARNING] pet_follower - Movement blocked by safety check
2025-12-07 18:17:10 [INFO] pet_follower - Smart snapshot movement=48.66 still=0.39 target=(245.7, 242.5)
2025-12-07 18:17:10 [WARNING] pet_follower - Movement blocked by safety check
2025-12-07 18:17:11 [INFO] pet_follower - Smart snapshot movement=46.91 still=0.39 target=(199.0, 246.6)
2025-12-07 18:17:11 [WARNING] pet_follower - Movement blocked by safety check
2025-12-07 18:17:11 [INFO] pet_follower - Smart snapshot movement=4.86 still=0.40 target=(203.9, 246.2)
2025-12-07 18:17:11 [WARNING] pet_follower - Movement blocked by safety check
2025-12-07 18:17:12 [INFO] pet_follower - Smart snapshot movement=4.60 still=0.77 target=(202.2, 250.5)
2025-12-07 18:17:12 [WARNING] pet_follower - Movement blocked by safety check
2025-12-07 18:17:12 [INFO] pet_follower - Smart snapshot movement=35.94 still=1.14 target=(238.1, 249.0)
2025-12-07 18:17:12 [WARNING] pet_follower - Movement blocked by safety check
2025-12-07 18:17:12 [INFO] pet_follower - Smart snapshot movement=34.81 still=0.39 target=(204.0, 242.0)
2025-12-07 18:17:12 [WARNING] pet_follower - Movement blocked by safety check
2025-12-07 18:17:13 [INFO] pet_follower - Smart snapshot movement=1.61 still=0.38 target=(203.6, 240.4)
2025-12-07 18:17:13 [WARNING] pet_follower - Movement blocked by safety check
2025-12-07 18:17:13 [INFO] pet_follower - Smart snapshot movement=2.35 still=0.76 target=(206.0, 240.2)
2025-12-07 18:17:13 [WARNING] pet_follower - Movement blocked by safety check
2025-12-07 18:17:14 [INFO] pet_follower - Smart snapshot movement=5.01 still=1.14 target=(211.0, 240.1)
2025-12-07 18:17:14 [WARNING] pet_follower - Movement blocked by safety check
2025-12-07 18:17:14 [INFO] pet_follower - Smart snapshot movement=0.69 still=1.53 target=(210.3, 240.0)
2025-12-07 18:17:14 [WARNING] pet_follower - Movement blocked by safety check
2025-12-07 18:17:14 [INFO] pet_follower - Smart snapshot movement=17.20 still=1.92 target=(227.5, 240.1)
2025-12-07 18:17:14 [WARNING] pet_follower - Obstacle 9.7 cm ahead - backing up
2025-12-07 18:17:15 [WARNING] pet_follower - Movement blocked by safety check
2025-12-07 18:17:15 [INFO] pet_follower - Smart snapshot movement=56.82 still=2.49 target=(284.3, 240.0)
2025-12-07 18:17:15 [WARNING] pet_follower - Movement blocked by safety check
2025-12-07 18:17:15 [INFO] pet_follower - Smart snapshot movement=11.51 still=0.36 target=(277.8, 249.5)
2025-12-07 18:17:15 [WARNING] pet_follower - Movement blocked by safety check
2025-12-07 18:17:16 [INFO] pet_follower - Smart snapshot movement=0.65 still=0.75 target=(277.7, 248.9)
2025-12-07 18:17:16 [WARNING] pet_follower - Movement blocked by safety check
2025-12-07 18:17:16 [INFO] pet_follower - Smart snapshot movement=2.88 still=1.13 target=(275.2, 250.3)
2025-12-07 18:17:16 [WARNING] pet_follower - Movement blocked by safety check
2025-12-07 18:17:16 [INFO] pet_follower - Smart snapshot movement=1.38 still=1.51 target=(274.0, 249.7)
2025-12-07 18:17:16 [WARNING] pet_follower - Movement blocked by safety check
2025-12-07 18:17:17 [INFO] pet_follower - Smart snapshot movement=7.94 still=1.90 target=(266.3, 251.7)
2025-12-07 18:17:17 [WARNING] pet_follower - Movement blocked by safety check
2025-12-07 18:17:17 [INFO] pet_follower - Smart snapshot movement=119.04 still=2.31 target=(147.4, 256.8)
2025-12-07 18:17:17 [WARNING] pet_follower - Movement blocked by safety check
2025-12-07 18:17:18 [INFO] pet_follower - Smart snapshot movement=5.03 still=0.38 target=(150.5, 260.8)
2025-12-07 18:17:18 [WARNING] pet_follower - Movement blocked by safety check
2025-12-07 18:17:18 [INFO] pet_follower - Smart snapshot movement=1.69 still=0.77 target=(150.1, 262.4)
2025-12-07 18:17:18 [WARNING] pet_follower - Movement blocked by safety check
2025-12-07 18:17:18 [INFO] pet_follower - Smart snapshot movement=1.45 still=1.17 target=(149.9, 263.8)
2025-12-07 18:17:18 [WARNING] pet_follower - Movement blocked by safety check
2025-12-07 18:17:19 [INFO] pet_follower - Smart snapshot movement=0.55 still=1.56 target=(150.1, 264.3)
2025-12-07 18:17:19 [WARNING] pet_follower - Movement blocked by safety check
2025-12-07 18:17:19 [INFO] pet_follower - Smart snapshot movement=7.89 still=1.92 target=(149.9, 272.2)
2025-12-07 18:17:19 [WARNING] pet_follower - Movement blocked by safety check
2025-12-07 18:17:20 [INFO] pet_follower - Smart snapshot movement=11.66 still=2.30 target=(149.6, 283.9)
2025-12-07 18:17:20 [WARNING] pet_follower - Movement blocked by safety check
2025-12-07 18:17:20 [INFO] pet_follower - Smart snapshot movement=0.07 still=2.69 target=(149.5, 283.8)
2025-12-07 18:17:20 [WARNING] pet_follower - Movement blocked by safety check
2025-12-07 18:17:20 [INFO] pet_follower - Smart snapshot movement=0.12 still=3.08 target=(149.5, 283.9)
2025-12-07 18:17:20 [WARNING] pet_follower - Movement blocked by safety check
2025-12-07 18:17:21 [INFO] pet_follower - Smart snapshot movement=0.06 still=3.45 target=(149.5, 284.0)
2025-12-07 18:17:21 [WARNING] pet_follower - Movement blocked by safety check
2025-12-07 18:17:21 [INFO] pet_follower - Smart snapshot movement=0.03 still=3.84 target=(149.5, 284.0)
2025-12-07 18:17:21 [WARNING] pet_follower - Movement blocked by safety check
2025-12-07 18:17:21 [INFO] pet_follower - Pet follower loop stopped
2025-12-07 18:20:08 [INFO] pet_follower - Motion controller initialized
2025-12-07 18:20:08 [INFO] pet_follower - Interaction ready with 2 celebration behaviors
2025-12-07 18:20:08 [INFO] pet_follower - Loading YOLO model from yolov8n.pt
2025-12-07 18:20:08 [INFO] pet_follower - Camera manager starting up
2025-12-07 18:20:08 [INFO] pet_follower - Web API server started
2025-12-07 18:20:09 [INFO] pet_follower - Picamera2 started with resolution 640x480 format=RGB888
2025-12-07 18:20:17 [INFO] pet_follower - Pet follower loop starting
2025-12-07 18:20:18 [WARNING] pet_follower - Movement blocked by safety check
2025-12-07 18:20:18 [INFO] pet_follower - Smart snapshot movement=0.05 (dx=-0.0, dy=0.0) still=0.37 target=(148.7, 283.4)
2025-12-07 18:20:18 [WARNING] pet_follower - Movement blocked by safety check
2025-12-07 18:20:18 [INFO] pet_follower - Smart snapshot movement=0.08 (dx=0.1, dy=0.0) still=0.75 target=(148.8, 283.4)
2025-12-07 18:20:18 [WARNING] pet_follower - Movement blocked by safety check
2025-12-07 18:20:19 [INFO] pet_follower - Smart snapshot movement=0.46 (dx=0.2, dy=-0.4) still=1.13 target=(148.9, 282.9)
2025-12-07 18:20:19 [WARNING] pet_follower - Movement blocked by safety check
2025-12-07 18:20:19 [INFO] pet_follower - Smart snapshot movement=0.03 (dx=0.0, dy=-0.0) still=1.49 target=(148.9, 282.9)
2025-12-07 18:20:19 [WARNING] pet_follower - Movement blocked by safety check
2025-12-07 18:20:19 [INFO] pet_follower - Smart snapshot movement=0.52 (dx=-0.2, dy=0.5) still=1.86 target=(148.7, 283.4)
2025-12-07 18:20:19 [WARNING] pet_follower - Movement blocked by safety check
2025-12-07 18:20:20 [INFO] pet_follower - Smart snapshot movement=0.06 (dx=0.1, dy=-0.0) still=2.23 target=(148.8, 283.4)
2025-12-07 18:20:20 [WARNING] pet_follower - Movement blocked by safety check
2025-12-07 18:20:20 [INFO] pet_follower - Smart snapshot movement=0.06 (dx=-0.1, dy=0.0) still=2.62 target=(148.7, 283.4)
2025-12-07 18:20:20 [WARNING] pet_follower - Movement blocked by safety check
2025-12-07 18:20:21 [INFO] pet_follower - Smart snapshot movement=0.10 (dx=0.1, dy=-0.1) still=3.01 target=(148.8, 283.3)
2025-12-07 18:20:21 [WARNING] pet_follower - Movement blocked by safety check
2025-12-07 18:20:21 [INFO] pet_follower - Smart snapshot movement=0.04 (dx=0.0, dy=-0.0) still=3.40 target=(148.8, 283.3)
2025-12-07 18:20:21 [WARNING] pet_follower - Movement blocked by safety check
2025-12-07 18:20:21 [INFO] pet_follower - Smart snapshot movement=0.02 (dx=-0.0, dy=-0.0) still=3.78 target=(148.8, 283.3)
2025-12-07 18:20:21 [WARNING] pet_follower - Movement blocked by safety check
2025-12-07 18:20:22 [INFO] pet_follower - Smart snapshot movement=0.09 (dx=-0.1, dy=-0.0) still=4.17 target=(148.7, 283.2)
2025-12-07 18:20:22 [WARNING] pet_follower - Movement blocked by safety check
2025-12-07 18:20:22 [INFO] pet_follower - Smart snapshot movement=0.09 (dx=0.1, dy=-0.0) still=4.54 target=(148.8, 283.2)
2025-12-07 18:20:22 [WARNING] pet_follower - Movement blocked by safety check
2025-12-07 18:20:22 [INFO] pet_follower - Smart snapshot movement=0.12 (dx=-0.0, dy=0.1) still=4.92 target=(148.8, 283.3)
2025-12-07 18:20:22 [WARNING] pet_follower - Movement blocked by safety check
2025-12-07 18:20:23 [INFO] pet_follower - Smart snapshot movement=0.03 (dx=0.0, dy=0.0) still=5.30 target=(148.8, 283.3)
2025-12-07 18:20:23 [WARNING] pet_follower - Movement blocked by safety check
2025-12-07 18:20:23 [INFO] pet_follower - Smart snapshot movement=0.06 (dx=-0.0, dy=0.1) still=5.67 target=(148.8, 283.4)
2025-12-07 18:20:23 [WARNING] pet_follower - Movement blocked by safety check
2025-12-07 18:20:24 [INFO] pet_follower - Smart snapshot movement=0.03 (dx=0.0, dy=-0.0) still=6.04 target=(148.8, 283.4)
2025-12-07 18:20:24 [WARNING] pet_follower - Movement blocked by safety check
2025-12-07 18:20:24 [INFO] pet_follower - Smart snapshot movement=0.02 (dx=-0.0, dy=-0.0) still=6.41 target=(148.8, 283.4)
2025-12-07 18:20:24 [WARNING] pet_follower - Movement blocked by safety check
2025-12-07 18:20:24 [INFO] pet_follower - Smart snapshot movement=0.02 (dx=0.0, dy=0.0) still=6.78 target=(148.8, 283.4)
2025-12-07 18:20:24 [WARNING] pet_follower - Movement blocked by safety check
2025-12-07 18:20:25 [INFO] pet_follower - Smart snapshot movement=0.06 (dx=-0.0, dy=-0.1) still=7.15 target=(148.8, 283.3)
2025-12-07 18:20:25 [WARNING] pet_follower - Movement blocked by safety check
2025-12-07 18:20:25 [INFO] pet_follower - Smart snapshot movement=0.05 (dx=-0.0, dy=-0.0) still=7.52 target=(148.7, 283.3)
2025-12-07 18:20:25 [WARNING] pet_follower - Movement blocked by safety check
2025-12-07 18:20:25 [INFO] pet_follower - Smart snapshot movement=0.00 (dx=0.0, dy=0.0) still=7.89 target=(148.7, 283.3)
2025-12-07 18:20:25 [WARNING] pet_follower - Movement blocked by safety check
2025-12-07 18:20:26 [INFO] pet_follower - Smart snapshot movement=0.04 (dx=-0.0, dy=0.0) still=8.26 target=(148.7, 283.3)
2025-12-07 18:20:26 [WARNING] pet_follower - Movement blocked by safety check
2025-12-07 18:20:26 [INFO] pet_follower - Smart snapshot movement=0.08 (dx=-0.0, dy=0.1) still=8.65 target=(148.7, 283.4)
2025-12-07 18:20:26 [WARNING] pet_follower - Movement blocked by safety check
2025-12-07 18:20:27 [INFO] pet_follower - Smart snapshot movement=0.06 (dx=0.1, dy=-0.0) still=9.03 target=(148.7, 283.4)
2025-12-07 18:20:27 [WARNING] pet_follower - Movement blocked by safety check
2025-12-07 18:20:27 [INFO] pet_follower - Smart snapshot movement=0.08 (dx=-0.1, dy=-0.1) still=9.40 target=(148.7, 283.3)
2025-12-07 18:20:27 [WARNING] pet_follower - Movement blocked by safety check
2025-12-07 18:20:27 [INFO] pet_follower - Smart snapshot movement=0.04 (dx=0.0, dy=0.0) still=9.77 target=(148.7, 283.3)
2025-12-07 18:20:27 [WARNING] pet_follower - Movement blocked by safety check
2025-12-07 18:20:28 [INFO] pet_follower - Smart snapshot movement=0.10 (dx=0.0, dy=-0.1) still=10.15 target=(148.8, 283.2)
2025-12-07 18:20:32 [INFO] pet_follower - Smart snapshot uploaded - pet resting
2025-12-07 18:20:32 [WARNING] pet_follower - Movement blocked by safety check
2025-12-07 18:20:32 [INFO] pet_follower - Smart snapshot movement=0.03 (dx=-0.0, dy=-0.0) still=4.58 target=(148.7, 283.2)
2025-12-07 18:20:32 [WARNING] pet_follower - Movement blocked by safety check
2025-12-07 18:20:33 [INFO] pet_follower - Smart snapshot movement=0.05 (dx=0.0, dy=0.0) still=4.95 target=(148.7, 283.3)
2025-12-07 18:20:33 [WARNING] pet_follower - Movement blocked by safety check
2025-12-07 18:20:33 [INFO] pet_follower - Smart snapshot movement=0.03 (dx=-0.0, dy=0.0) still=5.35 target=(148.7, 283.3)
2025-12-07 18:20:33 [WARNING] pet_follower - Movement blocked by safety check
2025-12-07 18:20:33 [INFO] pet_follower - Smart snapshot movement=0.03 (dx=0.0, dy=-0.0) still=5.71 target=(148.8, 283.3)
2025-12-07 18:20:33 [WARNING] pet_follower - Movement blocked by safety check
2025-12-07 18:20:34 [INFO] pet_follower - Smart snapshot movement=0.11 (dx=0.0, dy=-0.1) still=6.08 target=(148.8, 283.2)
2025-12-07 18:20:34 [WARNING] pet_follower - Movement blocked by safety check
2025-12-07 18:20:34 [INFO] pet_follower - Smart snapshot movement=0.10 (dx=-0.0, dy=0.1) still=6.45 target=(148.8, 283.3)
2025-12-07 18:20:34 [WARNING] pet_follower - Movement blocked by safety check
2025-12-07 18:20:35 [INFO] pet_follower - Smart snapshot movement=0.06 (dx=-0.0, dy=0.0) still=6.83 target=(148.7, 283.3)
2025-12-07 18:20:35 [WARNING] pet_follower - Movement blocked by safety check
2025-12-07 18:20:35 [INFO] pet_follower - Smart snapshot movement=0.11 (dx=-0.0, dy=-0.1) still=7.19 target=(148.7, 283.2)
2025-12-07 18:20:35 [WARNING] pet_follower - Movement blocked by safety check
2025-12-07 18:20:35 [INFO] pet_follower - Smart snapshot movement=0.09 (dx=0.0, dy=0.1) still=7.56 target=(148.8, 283.3)
2025-12-07 18:20:35 [WARNING] pet_follower - Movement blocked by safety check
2025-12-07 18:20:36 [INFO] pet_follower - Smart snapshot movement=0.06 (dx=-0.1, dy=-0.0) still=7.95 target=(148.7, 283.3)
2025-12-07 18:20:36 [WARNING] pet_follower - Movement blocked by safety check
2025-12-07 18:20:36 [INFO] pet_follower - Smart snapshot movement=0.03 (dx=-0.0, dy=0.0) still=8.34 target=(148.7, 283.3)
2025-12-07 18:20:36 [WARNING] pet_follower - Movement blocked by safety check
2025-12-07 18:20:36 [INFO] pet_follower - Smart snapshot movement=0.05 (dx=-0.0, dy=0.0) still=8.71 target=(148.7, 283.3)
2025-12-07 18:20:36 [WARNING] pet_follower - Movement blocked by safety check
2025-12-07 18:20:37 [INFO] pet_follower - Smart snapshot movement=0.04 (dx=0.0, dy=-0.0) still=9.08 target=(148.7, 283.3)
2025-12-07 18:20:37 [WARNING] pet_follower - Movement blocked by safety check
2025-12-07 18:20:37 [INFO] pet_follower - Smart snapshot movement=0.05 (dx=0.1, dy=-0.0) still=9.46 target=(148.7, 283.3)
2025-12-07 18:20:37 [WARNING] pet_follower - Movement blocked by safety check
2025-12-07 18:20:38 [INFO] pet_follower - Smart snapshot movement=0.09 (dx=-0.1, dy=-0.0) still=9.83 target=(148.7, 283.3)
2025-12-07 18:20:38 [WARNING] pet_follower - Movement blocked by safety check
2025-12-07 18:20:38 [INFO] pet_follower - Smart snapshot movement=0.05 (dx=0.0, dy=0.0) still=10.20 target=(148.7, 283.3)
2025-12-07 18:20:38 [WARNING] pet_follower - Movement blocked by safety check
2025-12-07 18:20:38 [INFO] pet_follower - Smart snapshot movement=0.03 (dx=-0.0, dy=-0.0) still=10.58 target=(148.7, 283.3)
2025-12-07 18:20:38 [WARNING] pet_follower - Movement blocked by safety check
2025-12-07 18:20:39 [INFO] pet_follower - Smart snapshot movement=0.03 (dx=0.0, dy=-0.0) still=10.96 target=(148.7, 283.2)
2025-12-07 18:20:39 [WARNING] pet_follower - Movement blocked by safety check
2025-12-07 18:20:39 [INFO] pet_follower - Smart snapshot movement=0.04 (dx=0.0, dy=-0.0) still=11.35 target=(148.8, 283.2)
2025-12-07 18:20:39 [WARNING] pet_follower - Movement blocked by safety check
2025-12-07 18:20:39 [INFO] pet_follower - Smart snapshot movement=16.48 (dx=1.1, dy=-16.4) still=11.78 target=(149.9, 266.8)
2025-12-07 18:20:40 [WARNING] pet_follower - Movement blocked by safety check
2025-12-07 18:20:40 [INFO] pet_follower - Smart snapshot movement=11.81 (dx=3.8, dy=-11.2) still=12.18 target=(153.7, 255.6)
2025-12-07 18:20:40 [WARNING] pet_follower - Movement blocked by safety check
2025-12-07 18:20:40 [INFO] pet_follower - Smart snapshot movement=29.18 (dx=28.9, dy=4.2) still=12.56 target=(182.6, 259.8)
2025-12-07 18:20:40 [WARNING] pet_follower - Movement blocked by safety check
2025-12-07 18:20:41 [INFO] pet_follower - Smart snapshot movement=6.20 (dx=6.1, dy=-1.0) still=12.93 target=(188.7, 258.9)
2025-12-07 18:20:41 [WARNING] pet_follower - Movement blocked by safety check
2025-12-07 18:20:41 [INFO] pet_follower - Smart snapshot movement=2.05 (dx=0.0, dy=-2.1) still=13.31 target=(188.7, 256.8)
2025-12-07 18:20:41 [WARNING] pet_follower - Movement blocked by safety check
2025-12-07 18:20:41 [INFO] pet_follower - Smart snapshot movement=3.46 (dx=1.9, dy=-2.9) still=13.68 target=(190.6, 253.9)
2025-12-07 18:20:41 [WARNING] pet_follower - Movement blocked by safety check
2025-12-07 18:20:42 [INFO] pet_follower - Smart snapshot movement=11.80 (dx=11.8, dy=-1.1) still=14.06 target=(202.3, 252.9)
2025-12-07 18:20:42 [WARNING] pet_follower - Movement blocked by safety check
2025-12-07 18:20:42 [INFO] pet_follower - Smart snapshot movement=9.29 (dx=9.3, dy=-0.2) still=14.43 target=(211.6, 252.6)
2025-12-07 18:20:42 [WARNING] pet_follower - Movement blocked by safety check
2025-12-07 18:20:43 [INFO] pet_follower - Smart snapshot movement=35.59 (dx=35.4, dy=-3.3) still=14.81 target=(247.0, 249.3)
2025-12-07 18:20:43 [WARNING] pet_follower - Movement blocked by safety check
2025-12-07 18:20:43 [INFO] pet_follower - Smart snapshot movement=5.39 (dx=-4.8, dy=2.5) still=0.40 target=(242.3, 251.8)
2025-12-07 18:20:43 [WARNING] pet_follower - Movement blocked by safety check
2025-12-07 18:20:43 [INFO] pet_follower - Smart snapshot movement=6.50 (dx=6.5, dy=-0.7) still=0.79 target=(248.7, 251.1)
2025-12-07 18:20:43 [WARNING] pet_follower - Movement blocked by safety check
2025-12-07 18:20:44 [INFO] pet_follower - Smart snapshot movement=2.80 (dx=-2.8, dy=0.3) still=1.16 target=(246.0, 251.4)
2025-12-07 18:20:44 [WARNING] pet_follower - Movement blocked by safety check
2025-12-07 18:20:44 [INFO] pet_follower - Smart snapshot movement=2.36 (dx=1.8, dy=-1.5) still=1.53 target=(247.8, 249.9)
2025-12-07 18:20:44 [WARNING] pet_follower - Movement blocked by safety check
2025-12-07 18:20:44 [INFO] pet_follower - Smart snapshot movement=2.18 (dx=0.4, dy=-2.2) still=1.92 target=(248.2, 247.8)
2025-12-07 18:20:44 [WARNING] pet_follower - Movement blocked by safety check
2025-12-07 18:20:45 [INFO] pet_follower - Smart snapshot movement=2.83 (dx=2.8, dy=0.2) still=2.29 target=(251.0, 248.0)
2025-12-07 18:20:45 [WARNING] pet_follower - Movement blocked by safety check
2025-12-07 18:20:45 [INFO] pet_follower - Smart snapshot movement=2.12 (dx=2.1, dy=-0.3) still=2.68 target=(253.1, 247.6)
2025-12-07 18:20:45 [WARNING] pet_follower - Movement blocked by safety check
2025-12-07 18:20:46 [INFO] pet_follower - Smart snapshot movement=14.70 (dx=-14.7, dy=-0.5) still=3.05 target=(238.4, 247.1)
2025-12-07 18:20:46 [WARNING] pet_follower - Movement blocked by safety check
2025-12-07 18:20:46 [INFO] pet_follower - Smart snapshot movement=91.29 (dx=91.2, dy=-3.1) still=3.44 target=(329.6, 244.0)
2025-12-07 18:20:46 [WARNING] pet_follower - Movement blocked by safety check
2025-12-07 18:20:46 [INFO] pet_follower - Smart snapshot movement=127.29 (dx=-127.2, dy=-4.0) still=0.38 target=(202.4, 240.0)
2025-12-07 18:20:46 [WARNING] pet_follower - Movement blocked by safety check
2025-12-07 18:20:47 [INFO] pet_follower - Smart snapshot movement=28.34 (dx=-28.3, dy=0.0) still=0.40 target=(174.1, 240.0)
2025-12-07 18:20:47 [WARNING] pet_follower - Movement blocked by safety check
2025-12-07 18:20:47 [INFO] pet_follower - Smart snapshot movement=7.18 (dx=-7.2, dy=0.1) still=0.78 target=(166.9, 240.1)
2025-12-07 18:20:47 [WARNING] pet_follower - Movement blocked by safety check
2025-12-07 18:20:48 [INFO] pet_follower - Smart snapshot movement=0.22 (dx=0.2, dy=0.1) still=1.17 target=(167.1, 240.1)
2025-12-07 18:20:48 [WARNING] pet_follower - Movement blocked by safety check
2025-12-07 18:20:48 [INFO] pet_follower - Smart snapshot movement=3.43 (dx=3.4, dy=0.1) still=1.57 target=(170.5, 240.2)
2025-12-07 18:20:48 [WARNING] pet_follower - Movement blocked by safety check
2025-12-07 18:20:48 [INFO] pet_follower - Smart snapshot movement=0.67 (dx=-0.7, dy=0.1) still=1.94 target=(169.9, 240.3)
2025-12-07 18:20:48 [WARNING] pet_follower - Movement blocked by safety check
2025-12-07 18:20:49 [INFO] pet_follower - Smart snapshot movement=6.58 (dx=6.5, dy=0.9) still=2.32 target=(176.4, 241.1)
2025-12-07 18:20:49 [WARNING] pet_follower - Movement blocked by safety check
2025-12-07 18:20:49 [INFO] pet_follower - Smart snapshot movement=7.41 (dx=7.4, dy=-0.4) still=2.68 target=(183.8, 240.7)
2025-12-07 18:20:49 [WARNING] pet_follower - Movement blocked by safety check
2025-12-07 18:20:49 [INFO] pet_follower - Smart snapshot movement=2.14 (dx=-2.1, dy=0.0) still=3.07 target=(181.7, 240.7)
2025-12-07 18:20:49 [WARNING] pet_follower - Movement blocked by safety check
2025-12-07 18:20:50 [INFO] pet_follower - Smart snapshot movement=5.50 (dx=-5.0, dy=2.4) still=3.46 target=(176.7, 243.1)
2025-12-07 18:20:50 [WARNING] pet_follower - Movement blocked by safety check
2025-12-07 18:20:50 [INFO] pet_follower - Smart snapshot movement=1.98 (dx=-2.0, dy=-0.3) still=3.86 target=(174.7, 242.8)
2025-12-07 18:20:50 [WARNING] pet_follower - Movement blocked by safety check
2025-12-07 18:20:51 [INFO] pet_follower - Smart snapshot movement=7.87 (dx=-5.1, dy=6.0) still=4.26 target=(169.6, 248.7)
2025-12-07 18:20:51 [WARNING] pet_follower - Movement blocked by safety check
2025-12-07 18:20:51 [INFO] pet_follower - Smart snapshot movement=21.34 (dx=20.4, dy=6.4) still=4.65 target=(189.9, 255.1)
2025-12-07 18:20:51 [WARNING] pet_follower - Movement blocked by safety check
2025-12-07 18:20:51 [INFO] pet_follower - Smart snapshot movement=23.09 (dx=-20.7, dy=10.2) still=5.03 target=(169.2, 265.3)
2025-12-07 18:20:51 [WARNING] pet_follower - Movement blocked by safety check
2025-12-07 18:20:52 [INFO] pet_follower - Smart snapshot movement=19.73 (dx=9.1, dy=17.5) still=5.41 target=(178.3, 282.8)
2025-12-07 18:20:52 [WARNING] pet_follower - Movement blocked by safety check
2025-12-07 18:20:52 [INFO] pet_follower - Smart snapshot movement=12.52 (dx=-12.5, dy=1.2) still=5.80 target=(165.9, 284.1)
2025-12-07 18:20:52 [WARNING] pet_follower - Movement blocked by safety check
2025-12-07 18:20:53 [INFO] pet_follower - Smart snapshot movement=0.08 (dx=-0.0, dy=0.1) still=6.18 target=(165.8, 284.1)
2025-12-07 18:20:53 [WARNING] pet_follower - Movement blocked by safety check
2025-12-07 18:20:53 [INFO] pet_follower - Smart snapshot movement=0.10 (dx=0.0, dy=0.1) still=6.56 target=(165.9, 284.2)
2025-12-07 18:20:53 [WARNING] pet_follower - Movement blocked by safety check
2025-12-07 18:20:53 [INFO] pet_follower - Smart snapshot movement=0.05 (dx=0.0, dy=-0.0) still=6.94 target=(165.9, 284.2)
2025-12-07 18:20:53 [WARNING] pet_follower - Movement blocked by safety check
2025-12-07 18:20:54 [INFO] pet_follower - Smart snapshot movement=0.04 (dx=-0.0, dy=-0.0) still=7.32 target=(165.9, 284.2)
2025-12-07 18:20:54 [WARNING] pet_follower - Movement blocked by safety check
2025-12-07 18:20:54 [INFO] pet_follower - Smart snapshot movement=0.06 (dx=0.0, dy=-0.0) still=7.69 target=(165.9, 284.1)
2025-12-07 18:20:54 [WARNING] pet_follower - Movement blocked by safety check
2025-12-07 18:20:54 [INFO] pet_follower - Smart snapshot movement=0.05 (dx=0.0, dy=0.0) still=8.10 target=(165.9, 284.2)
2025-12-07 18:20:54 [WARNING] pet_follower - Movement blocked by safety check
2025-12-07 18:20:55 [INFO] pet_follower - Smart snapshot movement=0.04 (dx=-0.0, dy=-0.0) still=8.48 target=(165.9, 284.1)
2025-12-07 18:20:55 [WARNING] pet_follower - Movement blocked by safety check
2025-12-07 18:20:55 [INFO] pet_follower - Smart snapshot movement=0.06 (dx=-0.0, dy=0.1) still=8.84 target=(165.9, 284.2)
2025-12-07 18:20:55 [WARNING] pet_follower - Movement blocked by safety check
2025-12-07 18:20:56 [INFO] pet_follower - Smart snapshot movement=0.04 (dx=0.0, dy=-0.0) still=9.21 target=(166.0, 284.2)
2025-12-07 18:20:56 [WARNING] pet_follower - Movement blocked by safety check
2025-12-07 18:20:56 [INFO] pet_follower - Smart snapshot movement=0.08 (dx=0.0, dy=0.1) still=9.58 target=(166.0, 284.2)
2025-12-07 18:20:56 [WARNING] pet_follower - Movement blocked by safety check
2025-12-07 18:20:56 [INFO] pet_follower - Smart snapshot movement=0.09 (dx=-0.1, dy=-0.0) still=9.97 target=(165.9, 284.2)
2025-12-07 18:20:56 [WARNING] pet_follower - Movement blocked by safety check
2025-12-07 18:20:57 [INFO] pet_follower - Smart snapshot movement=0.03 (dx=-0.0, dy=0.0) still=10.35 target=(165.9, 284.2)
2025-12-07 18:20:57 [WARNING] pet_follower - Movement blocked by safety check
2025-12-07 18:20:57 [INFO] pet_follower - Smart snapshot movement=0.04 (dx=0.0, dy=-0.0) still=10.73 target=(165.9, 284.2)
2025-12-07 18:20:57 [WARNING] pet_follower - Movement blocked by safety check
2025-12-07 18:20:57 [INFO] pet_follower - Smart snapshot movement=0.07 (dx=-0.1, dy=0.0) still=11.12 target=(165.8, 284.2)
2025-12-07 18:20:57 [WARNING] pet_follower - Movement blocked by safety check
2025-12-07 18:20:58 [INFO] pet_follower - Smart snapshot movement=0.07 (dx=0.1, dy=0.0) still=11.50 target=(165.9, 284.2)
2025-12-07 18:20:58 [WARNING] pet_follower - Movement blocked by safety check
2025-12-07 18:20:58 [INFO] pet_follower - Smart snapshot movement=0.03 (dx=-0.0, dy=0.0) still=11.87 target=(165.9, 284.2)
2025-12-07 18:20:58 [WARNING] pet_follower - Movement blocked by safety check
2025-12-07 18:20:59 [INFO] pet_follower - Smart snapshot movement=0.06 (dx=0.1, dy=0.0) still=12.25 target=(165.9, 284.2)
2025-12-07 18:20:59 [WARNING] pet_follower - Movement blocked by safety check
2025-12-07 18:20:59 [INFO] pet_follower - Smart snapshot movement=0.06 (dx=0.0, dy=-0.1) still=12.62 target=(165.9, 284.2)
2025-12-07 18:20:59 [WARNING] pet_follower - Movement blocked by safety check
2025-12-07 18:20:59 [INFO] pet_follower - Smart snapshot movement=0.04 (dx=-0.0, dy=0.0) still=13.01 target=(165.9, 284.2)
2025-12-07 18:20:59 [WARNING] pet_follower - Movement blocked by safety check
2025-12-07 18:21:00 [INFO] pet_follower - Smart snapshot movement=0.06 (dx=0.1, dy=0.0) still=13.37 target=(166.0, 284.2)
2025-12-07 18:21:00 [WARNING] pet_follower - Movement blocked by safety check
2025-12-07 18:21:00 [INFO] pet_follower - Smart snapshot movement=0.02 (dx=-0.0, dy=0.0) still=13.75 target=(165.9, 284.2)
2025-12-07 18:21:00 [WARNING] pet_follower - Movement blocked by safety check
2025-12-07 18:21:00 [INFO] pet_follower - Smart snapshot movement=0.04 (dx=-0.0, dy=-0.0) still=14.13 target=(165.9, 284.2)
2025-12-07 18:21:00 [WARNING] pet_follower - Movement blocked by safety check
2025-12-07 18:21:01 [INFO] pet_follower - Smart snapshot movement=0.04 (dx=0.0, dy=-0.0) still=14.56 target=(165.9, 284.2)
2025-12-07 18:21:01 [WARNING] pet_follower - Movement blocked by safety check
2025-12-07 18:21:01 [INFO] pet_follower - Smart snapshot movement=0.04 (dx=0.0, dy=-0.0) still=14.94 target=(166.0, 284.2)
2025-12-07 18:21:01 [WARNING] pet_follower - Movement blocked by safety check
2025-12-07 18:21:02 [INFO] pet_follower - Smart snapshot movement=0.02 (dx=0.0, dy=-0.0) still=15.33 target=(166.0, 284.2)
2025-12-07 18:21:02 [WARNING] pet_follower - Movement blocked by safety check
2025-12-07 18:21:02 [INFO] pet_follower - Smart snapshot movement=0.09 (dx=-0.1, dy=-0.0) still=15.71 target=(165.9, 284.2)
2025-12-07 18:21:02 [WARNING] pet_follower - Movement blocked by safety check
2025-12-07 18:21:02 [INFO] pet_follower - Smart snapshot movement=0.10 (dx=0.1, dy=0.1) still=16.08 target=(166.0, 284.2)
2025-12-07 18:21:02 [WARNING] pet_follower - Movement blocked by safety check
2025-12-07 18:21:03 [INFO] pet_follower - Smart snapshot movement=0.03 (dx=-0.0, dy=-0.0) still=16.45 target=(166.0, 284.2)
2025-12-07 18:21:03 [WARNING] pet_follower - Movement blocked by safety check
2025-12-07 18:21:03 [INFO] pet_follower - Smart snapshot movement=0.07 (dx=0.0, dy=-0.1) still=16.83 target=(166.0, 284.1)
2025-12-07 18:21:03 [WARNING] pet_follower - Movement blocked by safety check
2025-12-07 18:21:04 [INFO] pet_follower - Smart snapshot movement=0.05 (dx=-0.0, dy=-0.0) still=17.20 target=(165.9, 284.1)
2025-12-07 18:21:04 [WARNING] pet_follower - Movement blocked by safety check
2025-12-07 18:21:04 [INFO] pet_follower - Smart snapshot movement=0.04 (dx=0.0, dy=0.0) still=17.58 target=(166.0, 284.1)
2025-12-07 18:21:04 [WARNING] pet_follower - Movement blocked by safety check
2025-12-07 18:21:04 [INFO] pet_follower - Smart snapshot movement=0.00 (dx=0.0, dy=0.0) still=17.98 target=(166.0, 284.1)
2025-12-07 18:21:04 [WARNING] pet_follower - Movement blocked by safety check
2025-12-07 18:21:05 [INFO] pet_follower - Smart snapshot movement=0.11 (dx=-0.1, dy=0.1) still=18.36 target=(165.9, 284.2)
2025-12-07 18:21:05 [WARNING] pet_follower - Movement blocked by safety check
2025-12-07 18:21:05 [INFO] pet_follower - Smart snapshot movement=0.04 (dx=-0.0, dy=0.0) still=18.75 target=(165.9, 284.2)
2025-12-07 18:21:05 [WARNING] pet_follower - Movement blocked by safety check
2025-12-07 18:21:05 [INFO] pet_follower - Smart snapshot movement=0.02 (dx=0.0, dy=-0.0) still=19.13 target=(165.9, 284.2)
2025-12-07 18:21:05 [WARNING] pet_follower - Movement blocked by safety check
2025-12-07 18:21:06 [INFO] pet_follower - Smart snapshot movement=0.13 (dx=0.1, dy=-0.0) still=19.52 target=(166.0, 284.2)
2025-12-07 18:21:06 [WARNING] pet_follower - Movement blocked by safety check
2025-12-07 18:21:06 [INFO] pet_follower - Smart snapshot movement=0.15 (dx=-0.1, dy=0.1) still=19.90 target=(165.8, 284.2)
2025-12-07 18:21:06 [WARNING] pet_follower - Movement blocked by safety check
2025-12-07 18:21:07 [INFO] pet_follower - Smart snapshot movement=0.05 (dx=-0.0, dy=-0.0) still=20.28 target=(165.8, 284.2)
2025-12-07 18:21:07 [WARNING] pet_follower - Movement blocked by safety check
2025-12-07 18:21:07 [INFO] pet_follower - Smart snapshot movement=0.03 (dx=-0.0, dy=-0.0) still=20.67 target=(165.8, 284.2)
2025-12-07 18:21:07 [WARNING] pet_follower - Movement blocked by safety check
2025-12-07 18:21:07 [INFO] pet_follower - Smart snapshot movement=0.06 (dx=0.1, dy=0.0) still=21.05 target=(165.8, 284.2)
2025-12-07 18:21:07 [WARNING] pet_follower - Movement blocked by safety check
2025-12-07 18:21:08 [INFO] pet_follower - Smart snapshot movement=0.05 (dx=-0.0, dy=0.0) still=21.42 target=(165.8, 284.2)
2025-12-07 18:21:08 [WARNING] pet_follower - Movement blocked by safety check
2025-12-07 18:21:08 [INFO] pet_follower - Smart snapshot movement=0.08 (dx=0.1, dy=-0.0) still=21.80 target=(165.9, 284.2)
2025-12-07 18:21:08 [WARNING] pet_follower - Movement blocked by safety check
2025-12-07 18:21:09 [INFO] pet_follower - Smart snapshot movement=0.04 (dx=0.0, dy=-0.0) still=22.18 target=(165.9, 284.2)
2025-12-07 18:21:09 [WARNING] pet_follower - Movement blocked by safety check
2025-12-07 18:21:09 [INFO] pet_follower - Smart snapshot movement=0.05 (dx=0.0, dy=0.0) still=22.57 target=(165.9, 284.2)
2025-12-07 18:21:09 [WARNING] pet_follower - Movement blocked by safety check
2025-12-07 18:21:09 [INFO] pet_follower - Smart snapshot movement=0.06 (dx=0.0, dy=-0.0) still=22.94 target=(166.0, 284.2)
2025-12-07 18:21:09 [WARNING] pet_follower - Movement blocked by safety check
2025-12-07 18:21:10 [INFO] pet_follower - Smart snapshot movement=0.04 (dx=-0.0, dy=0.0) still=23.33 target=(165.9, 284.2)
2025-12-07 18:21:10 [WARNING] pet_follower - Movement blocked by safety check
2025-12-07 18:21:10 [INFO] pet_follower - Smart snapshot movement=0.12 (dx=0.1, dy=0.0) still=23.71 target=(166.1, 284.2)
2025-12-07 18:21:10 [WARNING] pet_follower - Movement blocked by safety check
2025-12-07 18:21:10 [INFO] pet_follower - Smart snapshot movement=0.05 (dx=-0.0, dy=0.0) still=24.09 target=(166.0, 284.2)
2025-12-07 18:21:10 [WARNING] pet_follower - Movement blocked by safety check
2025-12-07 18:21:11 [INFO] pet_follower - Smart snapshot movement=0.08 (dx=-0.1, dy=-0.0) still=24.47 target=(165.9, 284.2)
2025-12-07 18:21:11 [WARNING] pet_follower - Movement blocked by safety check
2025-12-07 18:21:11 [INFO] pet_follower - Smart snapshot movement=0.02 (dx=0.0, dy=-0.0) still=24.85 target=(166.0, 284.2)
2025-12-07 18:21:11 [WARNING] pet_follower - Movement blocked by safety check
2025-12-07 18:21:12 [INFO] pet_follower - Smart snapshot movement=0.01 (dx=0.0, dy=-0.0) still=25.24 target=(166.0, 284.2)
2025-12-07 18:21:12 [WARNING] pet_follower - Movement blocked by safety check
2025-12-07 18:21:12 [INFO] pet_follower - Smart snapshot movement=0.04 (dx=-0.0, dy=-0.0) still=25.62 target=(165.9, 284.2)
2025-12-07 18:21:12 [WARNING] pet_follower - Movement blocked by safety check
2025-12-07 18:21:12 [INFO] pet_follower - Smart snapshot movement=0.06 (dx=0.0, dy=0.0) still=26.00 target=(166.0, 284.2)
2025-12-07 18:21:12 [WARNING] pet_follower - Movement blocked by safety check
2025-12-07 18:21:13 [INFO] pet_follower - Smart snapshot movement=0.05 (dx=-0.0, dy=-0.1) still=26.37 target=(166.0, 284.2)
2025-12-07 18:21:13 [WARNING] pet_follower - Movement blocked by safety check
2025-12-07 18:21:13 [INFO] pet_follower - Smart snapshot movement=0.03 (dx=-0.0, dy=-0.0) still=26.74 target=(166.0, 284.2)
2025-12-07 18:21:13 [WARNING] pet_follower - Movement blocked by safety check
2025-12-07 18:21:13 [INFO] pet_follower - Smart snapshot movement=0.04 (dx=0.0, dy=0.0) still=27.11 target=(166.0, 284.2)
2025-12-07 18:21:13 [WARNING] pet_follower - Movement blocked by safety check
2025-12-07 18:21:14 [INFO] pet_follower - Smart snapshot movement=0.08 (dx=-0.1, dy=0.0) still=27.49 target=(165.9, 284.2)
2025-12-07 18:21:14 [WARNING] pet_follower - Movement blocked by safety check
2025-12-07 18:21:14 [INFO] pet_follower - Smart snapshot movement=0.04 (dx=-0.0, dy=0.0) still=27.86 target=(165.9, 284.3)
2025-12-07 18:21:14 [WARNING] pet_follower - Movement blocked by safety check
2025-12-07 18:21:15 [INFO] pet_follower - Smart snapshot movement=0.08 (dx=0.0, dy=-0.1) still=28.24 target=(165.9, 284.2)
2025-12-07 18:21:15 [WARNING] pet_follower - Movement blocked by safety check
2025-12-07 18:21:15 [INFO] pet_follower - Smart snapshot movement=0.05 (dx=-0.0, dy=0.1) still=28.60 target=(165.9, 284.2)
2025-12-07 18:21:15 [WARNING] pet_follower - Movement blocked by safety check
2025-12-07 18:21:15 [INFO] pet_follower - Smart snapshot movement=0.05 (dx=-0.1, dy=0.0) still=29.01 target=(165.9, 284.2)
2025-12-07 18:21:15 [WARNING] pet_follower - Movement blocked by safety check
2025-12-07 18:21:16 [INFO] pet_follower - Smart snapshot movement=0.12 (dx=0.1, dy=-0.1) still=29.39 target=(165.9, 284.2)
2025-12-07 18:21:16 [WARNING] pet_follower - Movement blocked by safety check
2025-12-07 18:21:16 [INFO] pet_follower - Smart snapshot movement=0.09 (dx=0.1, dy=0.1) still=29.79 target=(166.0, 284.2)
2025-12-07 18:21:16 [WARNING] pet_follower - Movement blocked by safety check
2025-12-07 18:21:17 [INFO] pet_follower - Smart snapshot movement=0.08 (dx=-0.0, dy=-0.1) still=30.17 target=(166.0, 284.1)
2025-12-07 18:21:17 [WARNING] pet_follower - Movement blocked by safety check
2025-12-07 18:21:17 [INFO] pet_follower - Smart snapshot movement=0.09 (dx=-0.0, dy=-0.1) still=30.55 target=(165.9, 284.1)
2025-12-07 18:21:17 [WARNING] pet_follower - Movement blocked by safety check
2025-12-07 18:21:17 [INFO] pet_follower - Smart snapshot movement=0.09 (dx=-0.1, dy=0.1) still=30.94 target=(165.9, 284.1)
2025-12-07 18:21:17 [WARNING] pet_follower - Movement blocked by safety check
2025-12-07 18:21:18 [INFO] pet_follower - Smart snapshot movement=0.13 (dx=0.1, dy=-0.0) still=31.31 target=(166.0, 284.1)
2025-12-07 18:21:18 [WARNING] pet_follower - Movement blocked by safety check
2025-12-07 18:21:18 [INFO] pet_follower - Smart snapshot movement=0.42 (dx=-0.0, dy=-0.4) still=31.69 target=(166.0, 283.7)
2025-12-07 18:21:18 [WARNING] pet_follower - Movement blocked by safety check
2025-12-07 18:21:18 [INFO] pet_follower - Smart snapshot movement=0.06 (dx=0.0, dy=0.1) still=32.07 target=(166.0, 283.7)
2025-12-07 18:21:18 [WARNING] pet_follower - Movement blocked by safety check
2025-12-07 18:21:19 [INFO] pet_follower - Smart snapshot movement=0.08 (dx=-0.0, dy=-0.1) still=32.47 target=(166.0, 283.6)
2025-12-07 18:21:19 [WARNING] pet_follower - Movement blocked by safety check
2025-12-07 18:21:19 [INFO] pet_follower - Smart snapshot movement=0.23 (dx=-0.1, dy=0.2) still=32.84 target=(165.8, 283.8)
2025-12-07 18:21:19 [WARNING] pet_follower - Movement blocked by safety check
2025-12-07 18:21:20 [INFO] pet_follower - Smart snapshot movement=1.51 (dx=0.3, dy=-1.5) still=33.21 target=(166.2, 282.4)
2025-12-07 18:21:20 [WARNING] pet_follower - Movement blocked by safety check
2025-12-07 18:21:20 [INFO] pet_follower - Smart snapshot movement=37.44 (dx=13.7, dy=-34.8) still=33.60 target=(179.9, 247.5)
2025-12-07 18:21:20 [WARNING] pet_follower - Movement blocked by safety check
2025-12-07 18:21:20 [INFO] pet_follower - Smart snapshot movement=2.75 (dx=-1.5, dy=-2.3) still=0.38 target=(178.4, 245.2)
2025-12-07 18:21:20 [WARNING] pet_follower - Movement blocked by safety check
2025-12-07 18:21:21 [WARNING] pet_follower - Movement blocked by safety check
2025-12-07 18:21:21 [WARNING] pet_follower - Movement blocked by safety check
2025-12-07 18:21:21 [INFO] pet_follower - Smart snapshot movement=12.07 (dx=-12.0, dy=-0.8) still=0.38 target=(384.4, 236.7)
2025-12-07 18:21:21 [WARNING] pet_follower - Movement blocked by safety check
2025-12-07 18:21:22 [INFO] pet_follower - Smart snapshot movement=16.83 (dx=-16.8, dy=-1.4) still=0.76 target=(367.6, 235.2)
2025-12-07 18:21:22 [WARNING] pet_follower - Movement blocked by safety check
2025-12-07 18:21:22 [INFO] pet_follower - Smart snapshot movement=6.05 (dx=-5.0, dy=3.3) still=1.14 target=(362.6, 238.6)
2025-12-07 18:21:22 [WARNING] pet_follower - Movement blocked by safety check
2025-12-07 18:21:23 [INFO] pet_follower - Smart snapshot movement=5.65 (dx=5.6, dy=0.5) still=1.53 target=(368.2, 239.0)
2025-12-07 18:21:23 [WARNING] pet_follower - Movement blocked by safety check
2025-12-07 18:21:23 [INFO] pet_follower - Smart snapshot movement=4.02 (dx=4.0, dy=-0.3) still=1.91 target=(372.2, 238.7)
2025-12-07 18:21:23 [WARNING] pet_follower - Movement blocked by safety check
2025-12-07 18:21:23 [INFO] pet_follower - Smart snapshot movement=31.42 (dx=31.4, dy=0.8) still=2.28 target=(403.6, 239.5)
2025-12-07 18:21:23 [WARNING] pet_follower - Movement blocked by safety check
2025-12-07 18:21:24 [INFO] pet_follower - Smart snapshot movement=1.87 (dx=1.8, dy=0.5) still=0.37 target=(405.4, 240.0)
2025-12-07 18:21:24 [WARNING] pet_follower - Movement blocked by safety check
2025-12-07 18:21:24 [INFO] pet_follower - Smart snapshot movement=2.58 (dx=-2.6, dy=-0.0) still=0.77 target=(402.8, 240.0)
2025-12-07 18:21:24 [WARNING] pet_follower - Movement blocked by safety check
2025-12-07 18:21:25 [INFO] pet_follower - Smart snapshot movement=7.10 (dx=6.8, dy=-2.2) still=1.14 target=(409.6, 237.8)
2025-12-07 18:21:25 [WARNING] pet_follower - Movement blocked by safety check
2025-12-07 18:21:25 [INFO] pet_follower - Smart snapshot movement=6.97 (dx=-6.7, dy=2.0) still=1.51 target=(402.9, 239.7)
2025-12-07 18:21:25 [WARNING] pet_follower - Movement blocked by safety check
2025-12-07 18:21:25 [INFO] pet_follower - Smart snapshot movement=196.36 (dx=-196.2, dy=-8.3) still=1.90 target=(206.7, 231.4)
2025-12-07 18:21:25 [WARNING] pet_follower - Movement blocked by safety check
2025-12-07 18:21:26 [INFO] pet_follower - Smart snapshot movement=51.71 (dx=49.0, dy=-16.5) still=0.38 target=(255.7, 214.9)
2025-12-07 18:21:26 [INFO] pet_follower - Ultrasonic distance 32.1 cm <= interaction threshold 40.0 cm
2025-12-07 18:21:26 [INFO] pet_follower - Starting celebration: _celebration_bounce
2025-12-07 18:21:26 [WARNING] pet_follower - Celebration sound missing: /home/pi/cl4750/test/picar-x/sounds/dog_sound.wav
2025-12-07 18:21:26 [INFO] pet_follower - Target acquired; following
2025-12-07 18:21:26 [INFO] pet_follower - Smart snapshot movement=42.00 (dx=-32.6, dy=26.5) still=0.38 target=(223.1, 241.4)
2025-12-07 18:21:26 [INFO] pet_follower - Ultrasonic distance 29.5 cm <= interaction threshold 40.0 cm
2025-12-07 18:21:26 [INFO] pet_follower - Smart snapshot movement=4.00 (dx=3.4, dy=-2.0) still=0.38 target=(226.6, 239.4)
2025-12-07 18:21:26 [INFO] pet_follower - Ultrasonic distance 28.6 cm <= interaction threshold 40.0 cm
2025-12-07 18:21:27 [INFO] pet_follower - Smart snapshot movement=4.49 (dx=-4.5, dy=0.1) still=0.74 target=(222.1, 239.4)
2025-12-07 18:21:27 [WARNING] pet_follower - Movement blocked by safety check
2025-12-07 18:21:27 [INFO] pet_follower - Smart snapshot movement=4.93 (dx=-4.9, dy=-0.5) still=1.12 target=(217.2, 239.0)
2025-12-07 18:21:27 [INFO] pet_follower - Ultrasonic distance 22.8 cm <= interaction threshold 40.0 cm
2025-12-07 18:21:27 [INFO] pet_follower - Target acquired; following
2025-12-07 18:21:28 [INFO] pet_follower - Smart snapshot movement=5.72 (dx=3.9, dy=-4.1) still=1.49 target=(221.1, 234.8)
2025-12-07 18:21:28 [WARNING] pet_follower - Movement blocked by safety check
2025-12-07 18:21:28 [INFO] pet_follower - Smart snapshot movement=6.02 (dx=-5.2, dy=-3.0) still=1.87 target=(215.9, 231.8)
2025-12-07 18:21:28 [INFO] pet_follower - Ultrasonic distance 20.2 cm <= interaction threshold 40.0 cm
2025-12-07 18:21:28 [INFO] pet_follower - Target acquired; following
2025-12-07 18:21:28 [INFO] pet_follower - Smart snapshot movement=15.72 (dx=-15.6, dy=-1.9) still=2.25 target=(200.3, 229.9)
2025-12-07 18:21:28 [WARNING] pet_follower - Movement blocked by safety check
2025-12-07 18:21:29 [INFO] pet_follower - Smart snapshot movement=2.24 (dx=-0.1, dy=-2.2) still=2.64 target=(200.2, 227.7)
2025-12-07 18:21:29 [INFO] pet_follower - Ultrasonic distance 29.5 cm <= interaction threshold 40.0 cm
2025-12-07 18:21:29 [INFO] pet_follower - Target acquired; following
2025-12-07 18:21:29 [INFO] pet_follower - Smart snapshot movement=3.74 (dx=-3.3, dy=1.7) still=3.02 target=(196.9, 229.4)
2025-12-07 18:21:29 [WARNING] pet_follower - Movement blocked by safety check
2025-12-07 18:21:29 [INFO] pet_follower - Smart snapshot movement=7.27 (dx=1.3, dy=-7.2) still=3.41 target=(198.1, 222.2)
2025-12-07 18:21:29 [WARNING] pet_follower - Movement blocked by safety check
2025-12-07 18:21:30 [INFO] pet_follower - Smart snapshot movement=2.24 (dx=-1.5, dy=1.7) still=3.80 target=(196.7, 223.9)
2025-12-07 18:21:30 [WARNING] pet_follower - Movement blocked by safety check
2025-12-07 18:21:30 [INFO] pet_follower - Smart snapshot movement=15.47 (dx=15.5, dy=0.4) still=4.17 target=(212.1, 224.3)
2025-12-07 18:21:30 [WARNING] pet_follower - Movement blocked by safety check
2025-12-07 18:21:31 [INFO] pet_follower - Smart snapshot movement=25.35 (dx=-22.6, dy=11.5) still=4.54 target=(189.5, 235.8)
2025-12-07 18:21:31 [WARNING] pet_follower - Movement blocked by safety check
2025-12-07 18:21:31 [INFO] pet_follower - Smart snapshot movement=4.37 (dx=-1.6, dy=4.1) still=4.92 target=(187.9, 239.9)
2025-12-07 18:21:31 [WARNING] pet_follower - Movement blocked by safety check
2025-12-07 18:21:31 [INFO] pet_follower - Smart snapshot movement=31.76 (dx=18.5, dy=25.8) still=5.30 target=(206.4, 265.6)
2025-12-07 18:21:31 [INFO] pet_follower - Target acquired; following
2025-12-07 18:21:32 [INFO] pet_follower - Smart snapshot movement=36.77 (dx=-33.1, dy=15.9) still=0.37 target=(173.3, 281.6)
2025-12-07 18:21:32 [WARNING] pet_follower - Obstacle 8.3 cm ahead - backing up
2025-12-07 18:21:32 [WARNING] pet_follower - Movement blocked by safety check
2025-12-07 18:21:32 [INFO] pet_follower - Smart snapshot movement=48.17 (dx=24.6, dy=-41.4) still=0.57 target=(197.9, 240.1)
2025-12-07 18:21:32 [WARNING] pet_follower - Obstacle 9.7 cm ahead - backing up
2025-12-07 18:21:32 [WARNING] pet_follower - Movement blocked by safety check
2025-12-07 18:21:33 [INFO] pet_follower - Smart snapshot movement=18.77 (dx=-9.4, dy=16.2) still=0.58 target=(188.4, 256.4)
2025-12-07 18:21:33 [WARNING] pet_follower - Movement blocked by safety check
2025-12-07 18:21:33 [INFO] pet_follower - Smart snapshot movement=15.21 (dx=-9.0, dy=12.2) still=0.96 target=(179.4, 268.6)
2025-12-07 18:21:33 [WARNING] pet_follower - Movement blocked by safety check
2025-12-07 18:21:34 [INFO] pet_follower - Smart snapshot movement=0.70 (dx=-0.7, dy=0.1) still=1.36 target=(178.7, 268.7)
2025-12-07 18:21:34 [WARNING] pet_follower - Movement blocked by safety check
2025-12-07 18:21:34 [INFO] pet_follower - Smart snapshot movement=0.56 (dx=0.5, dy=0.2) still=1.75 target=(179.2, 268.9)
2025-12-07 18:21:34 [WARNING] pet_follower - Movement blocked by safety check
2025-12-07 18:21:34 [INFO] pet_follower - Smart snapshot movement=0.57 (dx=-0.6, dy=-0.1) still=2.14 target=(178.7, 268.7)
2025-12-07 18:21:34 [WARNING] pet_follower - Movement blocked by safety check
2025-12-07 18:21:35 [INFO] pet_follower - Smart snapshot movement=0.09 (dx=-0.1, dy=-0.0) still=2.51 target=(178.6, 268.7)
2025-12-07 18:21:35 [WARNING] pet_follower - Movement blocked by safety check
2025-12-07 18:21:35 [INFO] pet_follower - Smart snapshot movement=0.63 (dx=0.6, dy=0.2) still=2.88 target=(179.2, 268.9)
2025-12-07 18:21:35 [WARNING] pet_follower - Movement blocked by safety check
2025-12-07 18:21:36 [INFO] pet_follower - Smart snapshot movement=0.63 (dx=-0.6, dy=-0.2) still=3.26 target=(178.6, 268.7)
2025-12-07 18:21:36 [WARNING] pet_follower - Movement blocked by safety check
2025-12-07 18:21:36 [INFO] pet_follower - Smart snapshot movement=0.15 (dx=-0.1, dy=0.1) still=3.62 target=(178.5, 268.8)
2025-12-07 18:21:36 [WARNING] pet_follower - Movement blocked by safety check
2025-12-07 18:21:36 [INFO] pet_follower - Smart snapshot movement=0.07 (dx=0.0, dy=-0.1) still=3.98 target=(178.5, 268.7)
2025-12-07 18:21:36 [WARNING] pet_follower - Movement blocked by safety check
2025-12-07 18:21:37 [INFO] pet_follower - Smart snapshot movement=0.04 (dx=0.0, dy=0.0) still=4.34 target=(178.5, 268.7)
2025-12-07 18:21:37 [WARNING] pet_follower - Movement blocked by safety check
2025-12-07 18:21:37 [INFO] pet_follower - Smart snapshot movement=0.05 (dx=0.0, dy=0.0) still=4.70 target=(178.6, 268.8)
2025-12-07 18:21:37 [WARNING] pet_follower - Movement blocked by safety check
2025-12-07 18:21:37 [INFO] pet_follower - Smart snapshot movement=0.08 (dx=-0.1, dy=0.0) still=5.08 target=(178.5, 268.8)
2025-12-07 18:21:37 [WARNING] pet_follower - Movement blocked by safety check
2025-12-07 18:21:38 [INFO] pet_follower - Smart snapshot movement=0.04 (dx=0.0, dy=-0.0) still=5.45 target=(178.5, 268.8)
2025-12-07 18:21:38 [WARNING] pet_follower - Movement blocked by safety check
2025-12-07 18:21:38 [INFO] pet_follower - Smart snapshot movement=0.12 (dx=0.1, dy=-0.1) still=5.82 target=(178.6, 268.7)
2025-12-07 18:21:38 [WARNING] pet_follower - Movement blocked by safety check
2025-12-07 18:21:38 [INFO] pet_follower - Smart snapshot movement=0.07 (dx=0.0, dy=0.1) still=6.19 target=(178.6, 268.7)
2025-12-07 18:21:38 [WARNING] pet_follower - Movement blocked by safety check
2025-12-07 18:21:39 [INFO] pet_follower - Smart snapshot movement=0.09 (dx=-0.0, dy=-0.1) still=6.55 target=(178.6, 268.6)
2025-12-07 18:21:39 [WARNING] pet_follower - Movement blocked by safety check
2025-12-07 18:21:39 [INFO] pet_follower - Smart snapshot movement=0.08 (dx=-0.1, dy=0.0) still=6.91 target=(178.5, 268.7)
2025-12-07 18:21:39 [WARNING] pet_follower - Movement blocked by safety check
2025-12-07 18:21:40 [INFO] pet_follower - Smart snapshot movement=0.69 (dx=0.7, dy=0.1) still=7.28 target=(179.2, 268.8)
2025-12-07 18:21:40 [WARNING] pet_follower - Movement blocked by safety check
2025-12-07 18:21:40 [INFO] pet_follower - Smart snapshot movement=0.65 (dx=-0.6, dy=-0.1) still=7.64 target=(178.6, 268.7)
2025-12-07 18:21:40 [WARNING] pet_follower - Movement blocked by safety check
2025-12-07 18:21:40 [INFO] pet_follower - Smart snapshot movement=0.07 (dx=0.0, dy=-0.1) still=8.02 target=(178.6, 268.6)
2025-12-07 18:21:40 [WARNING] pet_follower - Movement blocked by safety check
2025-12-07 18:21:41 [INFO] pet_follower - Smart snapshot movement=0.04 (dx=0.0, dy=0.0) still=8.39 target=(178.6, 268.7)
2025-12-07 18:21:41 [WARNING] pet_follower - Movement blocked by safety check
2025-12-07 18:21:41 [INFO] pet_follower - Smart snapshot movement=0.04 (dx=0.0, dy=0.0) still=8.78 target=(178.7, 268.7)
2025-12-07 18:21:41 [WARNING] pet_follower - Movement blocked by safety check
2025-12-07 18:21:41 [INFO] pet_follower - Smart snapshot movement=0.07 (dx=-0.1, dy=-0.0) still=9.15 target=(178.6, 268.7)
2025-12-07 18:21:41 [WARNING] pet_follower - Movement blocked by safety check
2025-12-07 18:21:42 [INFO] pet_follower - Smart snapshot movement=0.08 (dx=-0.1, dy=-0.0) still=9.53 target=(178.5, 268.6)
2025-12-07 18:21:42 [WARNING] pet_follower - Movement blocked by safety check
2025-12-07 18:21:42 [INFO] pet_follower - Smart snapshot movement=0.05 (dx=0.0, dy=-0.0) still=9.90 target=(178.6, 268.6)
2025-12-07 18:21:42 [WARNING] pet_follower - Movement blocked by safety check
2025-12-07 18:21:43 [INFO] pet_follower - Smart snapshot movement=0.09 (dx=-0.0, dy=0.1) still=10.28 target=(178.6, 268.7)
2025-12-07 18:21:43 [WARNING] pet_follower - Movement blocked by safety check
2025-12-07 18:21:43 [INFO] pet_follower - Smart snapshot movement=0.08 (dx=0.1, dy=-0.0) still=10.66 target=(178.6, 268.7)
2025-12-07 18:21:43 [WARNING] pet_follower - Movement blocked by safety check
2025-12-07 18:21:43 [INFO] pet_follower - Smart snapshot movement=0.06 (dx=-0.1, dy=-0.0) still=11.06 target=(178.6, 268.7)
2025-12-07 18:21:43 [WARNING] pet_follower - Movement blocked by safety check
2025-12-07 18:21:44 [INFO] pet_follower - Smart snapshot movement=0.03 (dx=-0.0, dy=-0.0) still=11.43 target=(178.6, 268.7)
2025-12-07 18:21:44 [WARNING] pet_follower - Movement blocked by safety check
2025-12-07 18:21:44 [INFO] pet_follower - Smart snapshot movement=0.01 (dx=-0.0, dy=-0.0) still=11.83 target=(178.6, 268.7)
2025-12-07 18:21:44 [WARNING] pet_follower - Movement blocked by safety check
2025-12-07 18:21:44 [INFO] pet_follower - Smart snapshot movement=0.06 (dx=0.0, dy=-0.1) still=12.20 target=(178.6, 268.6)
2025-12-07 18:21:44 [WARNING] pet_follower - Movement blocked by safety check
2025-12-07 18:21:45 [INFO] pet_follower - Smart snapshot movement=0.12 (dx=0.1, dy=0.1) still=12.58 target=(178.6, 268.7)
2025-12-07 18:21:45 [WARNING] pet_follower - Movement blocked by safety check
2025-12-07 18:21:45 [INFO] pet_follower - Smart snapshot movement=0.09 (dx=0.1, dy=-0.0) still=12.96 target=(178.7, 268.7)
2025-12-07 18:21:45 [WARNING] pet_follower - Movement blocked by safety check
2025-12-07 18:21:46 [INFO] pet_follower - Smart snapshot movement=32.45 (dx=13.7, dy=-29.4) still=13.36 target=(192.4, 239.3)
2025-12-07 18:21:46 [WARNING] pet_follower - Movement blocked by safety check
2025-12-07 18:21:46 [INFO] pet_follower - Smart snapshot movement=2.53 (dx=-2.4, dy=0.8) still=0.40 target=(190.0, 240.1)
2025-12-07 18:21:46 [WARNING] pet_follower - Movement blocked by safety check
2025-12-07 18:21:46 [INFO] pet_follower - Smart snapshot movement=191.05 (dx=191.0, dy=1.6) still=0.78 target=(381.1, 241.7)
2025-12-07 18:21:46 [WARNING] pet_follower - Movement blocked by safety check
2025-12-07 18:21:47 [INFO] pet_follower - Smart snapshot movement=15.58 (dx=15.5, dy=1.0) still=0.38 target=(396.6, 242.7)
2025-12-07 18:21:47 [WARNING] pet_follower - Movement blocked by safety check
2025-12-07 18:21:47 [INFO] pet_follower - Smart snapshot movement=35.57 (dx=-35.5, dy=-1.5) still=0.76 target=(361.1, 241.2)
2025-12-07 18:21:47 [WARNING] pet_follower - Movement blocked by safety check
2025-12-07 18:21:48 [INFO] pet_follower - Smart snapshot movement=16.18 (dx=-15.9, dy=3.0) still=0.38 target=(345.2, 244.2)
2025-12-07 18:21:48 [WARNING] pet_follower - Movement blocked by safety check
2025-12-07 18:21:48 [INFO] pet_follower - Smart snapshot movement=9.42 (dx=-8.5, dy=-4.2) still=0.76 target=(336.7, 240.0)
2025-12-07 18:21:48 [WARNING] pet_follower - Movement blocked by safety check
2025-12-07 18:21:48 [INFO] pet_follower - Smart snapshot movement=3.01 (dx=-0.5, dy=3.0) still=1.15 target=(336.3, 243.0)
2025-12-07 18:21:48 [WARNING] pet_follower - Movement blocked by safety check
2025-12-07 18:21:49 [INFO] pet_follower - Smart snapshot movement=7.62 (dx=-6.1, dy=-4.6) still=1.54 target=(330.2, 238.4)
2025-12-07 18:21:49 [WARNING] pet_follower - Movement blocked by safety check
2025-12-07 18:21:49 [INFO] pet_follower - Smart snapshot movement=4.78 (dx=4.6, dy=1.4) still=1.91 target=(334.7, 239.8)
2025-12-07 18:21:49 [WARNING] pet_follower - Movement blocked by safety check
2025-12-07 18:21:49 [INFO] pet_follower - Smart snapshot movement=4.76 (dx=3.2, dy=3.5) still=2.30 target=(337.9, 243.4)
2025-12-07 18:21:49 [WARNING] pet_follower - Movement blocked by safety check
2025-12-07 18:21:50 [INFO] pet_follower - Smart snapshot movement=7.98 (dx=-7.9, dy=-0.9) still=2.67 target=(330.0, 242.4)
2025-12-07 18:21:50 [WARNING] pet_follower - Movement blocked by safety check
2025-12-07 18:21:50 [INFO] pet_follower - Smart snapshot movement=4.32 (dx=4.3, dy=0.2) still=3.05 target=(334.3, 242.6)
2025-12-07 18:21:50 [WARNING] pet_follower - Movement blocked by safety check
2025-12-07 18:21:51 [INFO] pet_follower - Smart snapshot movement=6.06 (dx=4.9, dy=-3.6) still=3.42 target=(339.2, 239.0)
2025-12-07 18:21:51 [WARNING] pet_follower - Movement blocked by safety check
2025-12-07 18:21:51 [INFO] pet_follower - Smart snapshot movement=0.35 (dx=-0.3, dy=-0.1) still=3.81 target=(338.9, 238.9)
2025-12-07 18:21:51 [WARNING] pet_follower - Movement blocked by safety check
2025-12-07 18:21:51 [INFO] pet_follower - Smart snapshot movement=5.13 (dx=5.1, dy=0.4) still=4.21 target=(344.0, 239.4)
2025-12-07 18:21:51 [WARNING] pet_follower - Movement blocked by safety check
2025-12-07 18:21:52 [INFO] pet_follower - Smart snapshot movement=47.60 (dx=-47.6, dy=0.3) still=4.60 target=(296.4, 239.7)
2025-12-07 18:21:52 [WARNING] pet_follower - Movement blocked by safety check
2025-12-07 18:21:52 [INFO] pet_follower - Smart snapshot movement=111.99 (dx=-112.0, dy=2.9) still=0.38 target=(184.4, 242.6)
2025-12-07 18:21:52 [WARNING] pet_follower - Movement blocked by safety check
2025-12-07 18:21:53 [INFO] pet_follower - Smart snapshot movement=21.94 (dx=-9.7, dy=19.7) still=0.38 target=(174.7, 262.3)
2025-12-07 18:21:53 [WARNING] pet_follower - Movement blocked by safety check
2025-12-07 18:21:53 [INFO] pet_follower - Smart snapshot movement=7.12 (dx=3.6, dy=6.1) still=0.76 target=(178.3, 268.4)
2025-12-07 18:21:53 [WARNING] pet_follower - Movement blocked by safety check
2025-12-07 18:21:53 [INFO] pet_follower - Smart snapshot movement=0.74 (dx=0.7, dy=0.2) still=1.13 target=(179.0, 268.6)
2025-12-07 18:21:53 [WARNING] pet_follower - Movement blocked by safety check
2025-12-07 18:21:54 [INFO] pet_follower - Smart snapshot movement=0.05 (dx=-0.0, dy=0.0) still=1.51 target=(179.0, 268.6)
2025-12-07 18:21:54 [WARNING] pet_follower - Movement blocked by safety check
2025-12-07 18:21:54 [INFO] pet_follower - Smart snapshot movement=0.06 (dx=-0.0, dy=-0.1) still=1.88 target=(179.0, 268.6)
2025-12-07 18:21:54 [WARNING] pet_follower - Movement blocked by safety check
2025-12-07 18:21:54 [INFO] pet_follower - Smart snapshot movement=0.13 (dx=0.1, dy=-0.0) still=2.27 target=(179.1, 268.5)
2025-12-07 18:21:54 [WARNING] pet_follower - Movement blocked by safety check
2025-12-07 18:21:55 [INFO] pet_follower - Smart snapshot movement=0.09 (dx=-0.0, dy=0.1) still=2.64 target=(179.1, 268.6)
2025-12-07 18:21:55 [WARNING] pet_follower - Movement blocked by safety check
2025-12-07 18:21:55 [INFO] pet_follower - Smart snapshot movement=0.08 (dx=0.0, dy=-0.1) still=3.03 target=(179.1, 268.6)
2025-12-07 18:21:55 [WARNING] pet_follower - Movement blocked by safety check
2025-12-07 18:21:56 [INFO] pet_follower - Smart snapshot movement=0.07 (dx=-0.0, dy=0.1) still=3.41 target=(179.1, 268.6)
2025-12-07 18:21:56 [WARNING] pet_follower - Movement blocked by safety check
2025-12-07 18:21:56 [INFO] pet_follower - Smart snapshot movement=0.06 (dx=0.0, dy=0.1) still=3.78 target=(179.1, 268.7)
2025-12-07 18:21:56 [WARNING] pet_follower - Movement blocked by safety check
2025-12-07 18:21:56 [INFO] pet_follower - Smart snapshot movement=0.04 (dx=0.0, dy=-0.0) still=4.17 target=(179.1, 268.6)
2025-12-07 18:21:56 [WARNING] pet_follower - Movement blocked by safety check
2025-12-07 18:21:57 [INFO] pet_follower - Smart snapshot movement=0.06 (dx=0.0, dy=0.1) still=4.58 target=(179.2, 268.7)
2025-12-07 18:21:57 [WARNING] pet_follower - Movement blocked by safety check
2025-12-07 18:21:57 [INFO] pet_follower - Smart snapshot movement=0.03 (dx=-0.0, dy=-0.0) still=4.97 target=(179.1, 268.7)
2025-12-07 18:21:57 [WARNING] pet_follower - Movement blocked by safety check
2025-12-07 18:21:57 [INFO] pet_follower - Smart snapshot movement=0.03 (dx=-0.0, dy=-0.0) still=5.36 target=(179.1, 268.7)
2025-12-07 18:21:58 [WARNING] pet_follower - Movement blocked by safety check
2025-12-07 18:21:58 [INFO] pet_follower - Smart snapshot movement=0.01 (dx=-0.0, dy=0.0) still=5.73 target=(179.1, 268.7)
2025-12-07 18:21:58 [WARNING] pet_follower - Movement blocked by safety check
2025-12-07 18:21:58 [INFO] pet_follower - Smart snapshot movement=0.04 (dx=0.0, dy=-0.0) still=6.11 target=(179.1, 268.7)
2025-12-07 18:21:58 [WARNING] pet_follower - Movement blocked by safety check
2025-12-07 18:21:59 [INFO] pet_follower - Smart snapshot movement=0.03 (dx=-0.0, dy=0.0) still=6.49 target=(179.1, 268.7)
2025-12-07 18:21:59 [WARNING] pet_follower - Movement blocked by safety check
2025-12-07 18:21:59 [INFO] pet_follower - Pet follower loop stopped
2025-12-07 18:22:41 [INFO] pet_follower - Pet follower loop starting
2025-12-07 18:22:41 [INFO] pet_follower - Smart snapshot movement=1.79 (dx=1.6, dy=-0.7) still=48.87 target=(180.8, 268.0)
2025-12-07 18:22:41 [WARNING] pet_follower - Movement blocked by safety check
2025-12-07 18:22:41 [INFO] pet_follower - Smart snapshot movement=0.18 (dx=0.1, dy=-0.2) still=49.25 target=(180.8, 267.8)
2025-12-07 18:22:41 [WARNING] pet_follower - Movement blocked by safety check
2025-12-07 18:22:42 [INFO] pet_follower - Smart snapshot movement=0.03 (dx=0.0, dy=-0.0) still=49.65 target=(180.8, 267.8)
2025-12-07 18:22:42 [WARNING] pet_follower - Movement blocked by safety check
2025-12-07 18:22:42 [INFO] pet_follower - Smart snapshot movement=0.14 (dx=-0.0, dy=0.1) still=50.01 target=(180.8, 267.9)
2025-12-07 18:22:42 [WARNING] pet_follower - Movement blocked by safety check
2025-12-07 18:22:43 [INFO] pet_follower - Smart snapshot movement=0.05 (dx=0.0, dy=0.1) still=50.37 target=(180.8, 268.0)
2025-12-07 18:22:43 [WARNING] pet_follower - Movement blocked by safety check
2025-12-07 18:22:43 [INFO] pet_follower - Smart snapshot movement=0.05 (dx=-0.0, dy=-0.1) still=50.74 target=(180.8, 267.9)
2025-12-07 18:22:43 [WARNING] pet_follower - Movement blocked by safety check
2025-12-07 18:22:43 [INFO] pet_follower - Smart snapshot movement=0.02 (dx=0.0, dy=-0.0) still=51.12 target=(180.8, 267.9)
2025-12-07 18:22:43 [WARNING] pet_follower - Movement blocked by safety check
2025-12-07 18:22:44 [INFO] pet_follower - Smart snapshot movement=0.03 (dx=-0.0, dy=-0.0) still=51.51 target=(180.8, 267.9)
2025-12-07 18:22:44 [WARNING] pet_follower - Movement blocked by safety check
2025-12-07 18:22:44 [INFO] pet_follower - Smart snapshot movement=0.09 (dx=-0.0, dy=-0.1) still=51.90 target=(180.8, 267.8)
2025-12-07 18:22:44 [WARNING] pet_follower - Movement blocked by safety check
2025-12-07 18:22:44 [INFO] pet_follower - Smart snapshot movement=0.05 (dx=0.0, dy=0.0) still=52.28 target=(180.8, 267.8)
2025-12-07 18:22:44 [WARNING] pet_follower - Movement blocked by safety check
2025-12-07 18:22:45 [INFO] pet_follower - Smart snapshot movement=0.04 (dx=-0.0, dy=0.0) still=52.66 target=(180.8, 267.8)
2025-12-07 18:22:45 [WARNING] pet_follower - Movement blocked by safety check
2025-12-07 18:22:45 [INFO] pet_follower - Smart snapshot movement=0.19 (dx=-0.1, dy=0.2) still=53.04 target=(180.7, 268.0)
2025-12-07 18:22:45 [WARNING] pet_follower - Movement blocked by safety check
2025-12-07 18:22:46 [INFO] pet_follower - Smart snapshot movement=0.10 (dx=0.1, dy=0.0) still=53.41 target=(180.8, 268.1)
2025-12-07 18:22:46 [WARNING] pet_follower - Movement blocked by safety check
2025-12-07 18:22:46 [INFO] pet_follower - Smart snapshot movement=0.20 (dx=0.2, dy=-0.0) still=53.78 target=(181.0, 268.0)
2025-12-07 18:22:46 [WARNING] pet_follower - Movement blocked by safety check
2025-12-07 18:22:46 [INFO] pet_follower - Smart snapshot movement=0.02 (dx=0.0, dy=0.0) still=54.15 target=(181.0, 268.0)
2025-12-07 18:22:46 [WARNING] pet_follower - Movement blocked by safety check
2025-12-07 18:22:47 [INFO] pet_follower - Smart snapshot movement=3.00 (dx=3.0, dy=-0.4) still=54.52 target=(184.0, 267.7)
2025-12-07 18:22:47 [WARNING] pet_follower - Movement blocked by safety check
2025-12-07 18:22:47 [INFO] pet_follower - Smart snapshot movement=3.27 (dx=-3.3, dy=0.2) still=54.89 target=(180.7, 267.8)
2025-12-07 18:22:47 [WARNING] pet_follower - Movement blocked by safety check
2025-12-07 18:22:47 [INFO] pet_follower - Smart snapshot movement=3.09 (dx=3.1, dy=-0.2) still=55.28 target=(183.8, 267.6)
2025-12-07 18:22:47 [WARNING] pet_follower - Movement blocked by safety check
2025-12-07 18:22:48 [INFO] pet_follower - Smart snapshot movement=3.16 (dx=-3.1, dy=0.4) still=55.65 target=(180.7, 268.0)
2025-12-07 18:22:48 [WARNING] pet_follower - Movement blocked by safety check
2025-12-07 18:22:48 [INFO] pet_follower - Smart snapshot movement=0.03 (dx=0.0, dy=0.0) still=56.02 target=(180.7, 268.0)
2025-12-07 18:22:48 [WARNING] pet_follower - Movement blocked by safety check
2025-12-07 18:22:49 [INFO] pet_follower - Smart snapshot movement=0.05 (dx=-0.0, dy=-0.0) still=56.39 target=(180.7, 268.0)
2025-12-07 18:22:49 [WARNING] pet_follower - Movement blocked by safety check
2025-12-07 18:22:49 [INFO] pet_follower - Smart snapshot movement=0.05 (dx=0.0, dy=0.0) still=56.79 target=(180.7, 268.0)
2025-12-07 18:22:49 [WARNING] pet_follower - Movement blocked by safety check
2025-12-07 18:22:49 [INFO] pet_follower - Smart snapshot movement=0.13 (dx=0.1, dy=0.0) still=57.16 target=(180.8, 268.1)
2025-12-07 18:22:49 [WARNING] pet_follower - Movement blocked by safety check
2025-12-07 18:22:50 [INFO] pet_follower - Smart snapshot movement=0.50 (dx=0.5, dy=-0.0) still=57.54 target=(181.3, 268.0)
2025-12-07 18:22:50 [WARNING] pet_follower - Movement blocked by safety check
2025-12-07 18:22:50 [INFO] pet_follower - Smart snapshot movement=0.61 (dx=-0.6, dy=-0.0) still=57.90 target=(180.7, 268.0)
2025-12-07 18:22:50 [WARNING] pet_follower - Movement blocked by safety check
2025-12-07 18:22:50 [INFO] pet_follower - Smart snapshot movement=0.04 (dx=-0.0, dy=0.0) still=58.27 target=(180.7, 268.0)
2025-12-07 18:22:50 [WARNING] pet_follower - Movement blocked by safety check
2025-12-07 18:22:51 [INFO] pet_follower - Smart snapshot movement=0.03 (dx=0.0, dy=-0.0) still=58.65 target=(180.7, 268.0)
2025-12-07 18:22:51 [WARNING] pet_follower - Movement blocked by safety check
2025-12-07 18:22:51 [INFO] pet_follower - Smart snapshot movement=0.02 (dx=0.0, dy=0.0) still=59.01 target=(180.7, 268.0)
2025-12-07 18:22:51 [WARNING] pet_follower - Movement blocked by safety check
2025-12-07 18:22:52 [INFO] pet_follower - Smart snapshot movement=0.03 (dx=-0.0, dy=-0.0) still=59.39 target=(180.7, 268.0)
2025-12-07 18:22:52 [WARNING] pet_follower - Movement blocked by safety check
2025-12-07 18:22:52 [INFO] pet_follower - Smart snapshot movement=0.06 (dx=-0.0, dy=0.0) still=59.76 target=(180.7, 268.1)
2025-12-07 18:22:52 [WARNING] pet_follower - Movement blocked by safety check
2025-12-07 18:22:52 [INFO] pet_follower - Smart snapshot movement=0.04 (dx=-0.0, dy=0.0) still=60.13 target=(180.7, 268.1)
2025-12-07 18:22:52 [WARNING] pet_follower - Movement blocked by safety check
2025-12-07 18:22:53 [INFO] pet_follower - Smart snapshot movement=0.10 (dx=0.0, dy=-0.1) still=60.51 target=(180.7, 268.0)
2025-12-07 18:22:53 [WARNING] pet_follower - Movement blocked by safety check
2025-12-07 18:22:53 [INFO] pet_follower - Smart snapshot movement=0.07 (dx=0.1, dy=0.0) still=60.87 target=(180.8, 268.0)
2025-12-07 18:22:53 [WARNING] pet_follower - Movement blocked by safety check
2025-12-07 18:22:53 [INFO] pet_follower - Smart snapshot movement=0.11 (dx=-0.1, dy=-0.1) still=61.27 target=(180.7, 267.9)
2025-12-07 18:22:53 [WARNING] pet_follower - Movement blocked by safety check
2025-12-07 18:22:54 [INFO] pet_follower - Smart snapshot movement=0.13 (dx=0.1, dy=0.1) still=61.65 target=(180.8, 268.0)
2025-12-07 18:22:54 [WARNING] pet_follower - Movement blocked by safety check
2025-12-07 18:22:54 [INFO] pet_follower - Smart snapshot movement=0.79 (dx=0.8, dy=-0.0) still=62.02 target=(181.6, 268.0)
2025-12-07 18:22:54 [WARNING] pet_follower - Movement blocked by safety check
2025-12-07 18:22:55 [INFO] pet_follower - Smart snapshot movement=0.88 (dx=-0.9, dy=0.0) still=62.39 target=(180.7, 268.0)
2025-12-07 18:22:55 [WARNING] pet_follower - Movement blocked by safety check
2025-12-07 18:22:55 [INFO] pet_follower - Smart snapshot movement=0.01 (dx=0.0, dy=-0.0) still=62.77 target=(180.7, 268.0)
2025-12-07 18:22:55 [WARNING] pet_follower - Movement blocked by safety check
2025-12-07 18:22:55 [INFO] pet_follower - Smart snapshot movement=0.29 (dx=0.3, dy=0.0) still=63.14 target=(181.0, 268.0)
2025-12-07 18:22:55 [WARNING] pet_follower - Movement blocked by safety check
2025-12-07 18:22:56 [INFO] pet_follower - Smart snapshot movement=0.12 (dx=-0.1, dy=-0.1) still=63.53 target=(180.9, 268.0)
2025-12-07 18:22:56 [WARNING] pet_follower - Movement blocked by safety check
2025-12-07 18:22:56 [INFO] pet_follower - Smart snapshot movement=0.05 (dx=-0.1, dy=-0.0) still=63.90 target=(180.8, 268.0)
2025-12-07 18:22:56 [WARNING] pet_follower - Movement blocked by safety check
2025-12-07 18:22:56 [INFO] pet_follower - Smart snapshot movement=0.07 (dx=-0.1, dy=-0.0) still=64.27 target=(180.8, 268.0)
2025-12-07 18:22:56 [WARNING] pet_follower - Movement blocked by safety check
2025-12-07 18:22:57 [INFO] pet_follower - Smart snapshot movement=0.06 (dx=-0.0, dy=0.0) still=64.65 target=(180.7, 268.0)
2025-12-07 18:22:57 [WARNING] pet_follower - Movement blocked by safety check
2025-12-07 18:22:57 [INFO] pet_follower - Smart snapshot movement=0.02 (dx=0.0, dy=-0.0) still=65.03 target=(180.7, 268.0)
2025-12-07 18:22:57 [WARNING] pet_follower - Movement blocked by safety check
2025-12-07 18:22:58 [INFO] pet_follower - Smart snapshot movement=0.10 (dx=-0.0, dy=-0.1) still=65.40 target=(180.7, 267.9)
2025-12-07 18:22:58 [WARNING] pet_follower - Movement blocked by safety check
2025-12-07 18:22:58 [INFO] pet_follower - Smart snapshot movement=0.07 (dx=0.0, dy=0.1) still=65.81 target=(180.7, 268.0)
2025-12-07 18:22:58 [WARNING] pet_follower - Movement blocked by safety check
2025-12-07 18:22:58 [INFO] pet_follower - Smart snapshot movement=0.03 (dx=-0.0, dy=-0.0) still=66.19 target=(180.7, 267.9)
2025-12-07 18:22:58 [WARNING] pet_follower - Movement blocked by safety check
2025-12-07 18:22:59 [INFO] pet_follower - Smart snapshot movement=0.17 (dx=0.1, dy=0.1) still=66.57 target=(180.8, 268.1)
2025-12-07 18:22:59 [WARNING] pet_follower - Movement blocked by safety check
2025-12-07 18:22:59 [INFO] pet_follower - Smart snapshot movement=0.13 (dx=-0.0, dy=-0.1) still=66.95 target=(180.7, 268.0)
2025-12-07 18:22:59 [WARNING] pet_follower - Movement blocked by safety check
2025-12-07 18:22:59 [INFO] pet_follower - Smart snapshot movement=0.19 (dx=0.2, dy=0.0) still=67.35 target=(180.9, 268.0)
2025-12-07 18:22:59 [WARNING] pet_follower - Movement blocked by safety check
2025-12-07 18:23:00 [INFO] pet_follower - Smart snapshot movement=0.22 (dx=-0.2, dy=-0.0) still=67.72 target=(180.7, 268.0)
2025-12-07 18:23:00 [WARNING] pet_follower - Movement blocked by safety check
2025-12-07 18:23:00 [INFO] pet_follower - Smart snapshot movement=0.03 (dx=0.0, dy=-0.0) still=68.11 target=(180.7, 267.9)
2025-12-07 18:23:00 [WARNING] pet_follower - Movement blocked by safety check
2025-12-07 18:23:01 [INFO] pet_follower - Smart snapshot movement=0.07 (dx=-0.0, dy=0.0) still=68.48 target=(180.7, 268.0)
2025-12-07 18:23:01 [WARNING] pet_follower - Movement blocked by safety check
2025-12-07 18:23:01 [INFO] pet_follower - Smart snapshot movement=0.02 (dx=0.0, dy=0.0) still=68.85 target=(180.7, 268.0)
2025-12-07 18:23:01 [WARNING] pet_follower - Movement blocked by safety check
2025-12-07 18:23:01 [INFO] pet_follower - Smart snapshot movement=0.05 (dx=-0.0, dy=0.0) still=69.21 target=(180.6, 268.0)
2025-12-07 18:23:01 [WARNING] pet_follower - Movement blocked by safety check
2025-12-07 18:23:02 [INFO] pet_follower - Smart snapshot movement=0.55 (dx=0.6, dy=0.0) still=69.60 target=(181.2, 268.0)
2025-12-07 18:23:02 [WARNING] pet_follower - Movement blocked by safety check
2025-12-07 18:23:02 [INFO] pet_follower - Smart snapshot movement=0.57 (dx=0.6, dy=-0.1) still=69.96 target=(181.7, 268.0)
2025-12-07 18:23:02 [WARNING] pet_follower - Movement blocked by safety check
2025-12-07 18:23:02 [INFO] pet_follower - Smart snapshot movement=0.55 (dx=-0.5, dy=0.0) still=70.34 target=(181.2, 268.0)
2025-12-07 18:23:02 [WARNING] pet_follower - Movement blocked by safety check
2025-12-07 18:23:03 [INFO] pet_follower - Pet follower loop stopped
2025-12-07 18:23:18 [INFO] pet_follower - Motion controller initialized
2025-12-07 18:23:18 [INFO] pet_follower - Interaction ready with 2 celebration behaviors
2025-12-07 18:23:18 [INFO] pet_follower - Loading YOLO model from yolov8n.pt
2025-12-07 18:23:18 [INFO] pet_follower - Camera manager starting up
2025-12-07 18:23:18 [INFO] pet_follower - Web API server started
2025-12-07 18:23:19 [INFO] pet_follower - Picamera2 started with resolution 640x480 format=RGB888
2025-12-07 18:23:29 [INFO] pet_follower - Pet follower loop starting
2025-12-07 18:23:29 [WARNING] pet_follower - Movement blocked by safety check
2025-12-07 18:23:30 [INFO] pet_follower - Smart snapshot movement=0.41 (dx=-0.4, dy=0.1) still=0.38 target=(179.1, 266.9)
2025-12-07 18:23:30 [WARNING] pet_follower - Movement blocked by safety check
2025-12-07 18:23:30 [INFO] pet_follower - Smart snapshot movement=0.06 (dx=0.1, dy=-0.0) still=0.76 target=(179.1, 266.9)
2025-12-07 18:23:30 [WARNING] pet_follower - Movement blocked by safety check
2025-12-07 18:23:31 [INFO] pet_follower - Smart snapshot movement=0.19 (dx=-0.2, dy=0.1) still=1.14 target=(179.0, 267.0)
2025-12-07 18:23:31 [WARNING] pet_follower - Movement blocked by safety check
2025-12-07 18:23:31 [INFO] pet_follower - Smart snapshot movement=0.16 (dx=0.2, dy=0.0) still=1.55 target=(179.1, 267.0)
2025-12-07 18:23:31 [WARNING] pet_follower - Movement blocked by safety check
2025-12-07 18:23:31 [INFO] pet_follower - Smart snapshot movement=0.32 (dx=-0.3, dy=0.0) still=1.95 target=(178.8, 267.1)
2025-12-07 18:23:31 [WARNING] pet_follower - Movement blocked by safety check
2025-12-07 18:23:32 [INFO] pet_follower - Smart snapshot movement=0.26 (dx=0.2, dy=-0.1) still=2.34 target=(179.1, 267.0)
2025-12-07 18:23:32 [WARNING] pet_follower - Movement blocked by safety check
2025-12-07 18:23:32 [INFO] pet_follower - Smart snapshot movement=0.07 (dx=0.0, dy=0.1) still=2.72 target=(179.1, 267.0)
2025-12-07 18:23:32 [WARNING] pet_follower - Movement blocked by safety check
2025-12-07 18:23:32 [INFO] pet_follower - Smart snapshot movement=0.09 (dx=-0.1, dy=0.0) still=3.09 target=(179.0, 267.1)
2025-12-07 18:23:32 [WARNING] pet_follower - Movement blocked by safety check
2025-12-07 18:23:33 [INFO] pet_follower - Smart snapshot movement=0.11 (dx=0.1, dy=-0.0) still=3.50 target=(179.1, 267.0)
2025-12-07 18:23:33 [WARNING] pet_follower - Movement blocked by safety check
2025-12-07 18:23:33 [INFO] pet_follower - Smart snapshot movement=0.40 (dx=0.4, dy=-0.1) still=3.87 target=(179.5, 266.9)
2025-12-07 18:23:33 [WARNING] pet_follower - Movement blocked by safety check
2025-12-07 18:23:34 [INFO] pet_follower - Smart snapshot movement=0.31 (dx=-0.3, dy=0.2) still=4.24 target=(179.2, 267.1)
2025-12-07 18:23:34 [WARNING] pet_follower - Movement blocked by safety check
2025-12-07 18:23:34 [INFO] pet_follower - Smart snapshot movement=0.27 (dx=0.3, dy=-0.1) still=4.60 target=(179.5, 267.0)
2025-12-07 18:23:34 [WARNING] pet_follower - Movement blocked by safety check
2025-12-07 18:23:34 [INFO] pet_follower - Smart snapshot movement=0.09 (dx=0.1, dy=0.0) still=4.98 target=(179.6, 267.0)
2025-12-07 18:23:34 [WARNING] pet_follower - Movement blocked by safety check
2025-12-07 18:23:35 [INFO] pet_follower - Smart snapshot movement=0.46 (dx=-0.5, dy=0.1) still=5.37 target=(179.1, 267.0)
2025-12-07 18:23:35 [WARNING] pet_follower - Movement blocked by safety check
2025-12-07 18:23:35 [INFO] pet_follower - Smart snapshot movement=0.27 (dx=0.3, dy=-0.0) still=5.75 target=(179.4, 267.0)
2025-12-07 18:23:35 [WARNING] pet_follower - Movement blocked by safety check
2025-12-07 18:23:36 [INFO] pet_follower - Smart snapshot movement=0.24 (dx=0.2, dy=-0.1) still=6.14 target=(179.6, 267.0)
2025-12-07 18:23:36 [WARNING] pet_follower - Movement blocked by safety check
2025-12-07 18:23:36 [INFO] pet_follower - Smart snapshot movement=0.07 (dx=0.1, dy=-0.0) still=6.51 target=(179.7, 266.9)
2025-12-07 18:23:36 [WARNING] pet_follower - Movement blocked by safety check
2025-12-07 18:23:36 [INFO] pet_follower - Smart snapshot movement=0.11 (dx=-0.1, dy=-0.1) still=6.90 target=(179.6, 266.9)
2025-12-07 18:23:36 [WARNING] pet_follower - Movement blocked by safety check
2025-12-07 18:23:37 [INFO] pet_follower - Smart snapshot movement=0.08 (dx=-0.0, dy=0.1) still=7.29 target=(179.6, 266.9)
2025-12-07 18:23:37 [WARNING] pet_follower - Movement blocked by safety check
2025-12-07 18:23:37 [INFO] pet_follower - Smart snapshot movement=0.33 (dx=-0.3, dy=0.1) still=7.68 target=(179.2, 267.0)
2025-12-07 18:23:37 [WARNING] pet_follower - Movement blocked by safety check
2025-12-07 18:23:37 [INFO] pet_follower - Smart snapshot movement=0.02 (dx=0.0, dy=-0.0) still=8.05 target=(179.3, 267.0)
2025-12-07 18:23:37 [WARNING] pet_follower - Movement blocked by safety check
2025-12-07 18:23:38 [INFO] pet_follower - Smart snapshot movement=0.33 (dx=-0.3, dy=-0.1) still=8.44 target=(178.9, 266.9)
2025-12-07 18:23:38 [WARNING] pet_follower - Movement blocked by safety check
2025-12-07 18:23:38 [INFO] pet_follower - Smart snapshot movement=0.17 (dx=0.1, dy=0.2) still=8.83 target=(179.0, 267.0)
2025-12-07 18:23:38 [WARNING] pet_follower - Movement blocked by safety check
2025-12-07 18:23:39 [INFO] pet_follower - Smart snapshot movement=0.10 (dx=0.1, dy=-0.1) still=9.22 target=(179.1, 266.9)
2025-12-07 18:23:39 [WARNING] pet_follower - Movement blocked by safety check
2025-12-07 18:23:39 [INFO] pet_follower - Smart snapshot movement=0.24 (dx=0.2, dy=-0.1) still=9.62 target=(179.3, 266.8)
2025-12-07 18:23:39 [WARNING] pet_follower - Movement blocked by safety check
2025-12-07 18:23:39 [INFO] pet_follower - Smart snapshot movement=0.17 (dx=-0.2, dy=-0.0) still=10.02 target=(179.1, 266.8)
2025-12-07 18:23:42 [INFO] pet_follower - Smart snapshot uploaded - pet resting
2025-12-07 18:23:42 [WARNING] pet_follower - Movement blocked by safety check
2025-12-07 18:23:42 [INFO] pet_follower - Smart snapshot movement=0.43 (dx=0.4, dy=0.1) still=2.82 target=(179.5, 266.9)
2025-12-07 18:23:42 [WARNING] pet_follower - Movement blocked by safety check
2025-12-07 18:23:43 [INFO] pet_follower - Smart snapshot movement=0.28 (dx=-0.3, dy=-0.0) still=3.22 target=(179.3, 266.8)
2025-12-07 18:23:43 [WARNING] pet_follower - Movement blocked by safety check
2025-12-07 18:23:43 [INFO] pet_follower - Smart snapshot movement=0.58 (dx=0.6, dy=-0.0) still=3.64 target=(179.8, 266.8)
2025-12-07 18:23:43 [WARNING] pet_follower - Movement blocked by safety check
2025-12-07 18:23:43 [INFO] pet_follower - Smart snapshot movement=0.35 (dx=-0.3, dy=-0.0) still=4.01 target=(179.5, 266.8)
2025-12-07 18:23:43 [WARNING] pet_follower - Movement blocked by safety check
2025-12-07 18:23:44 [INFO] pet_follower - Smart snapshot movement=0.24 (dx=-0.2, dy=-0.0) still=4.38 target=(179.3, 266.7)
2025-12-07 18:23:44 [WARNING] pet_follower - Movement blocked by safety check
2025-12-07 18:23:44 [INFO] pet_follower - Smart snapshot movement=0.15 (dx=-0.1, dy=0.1) still=4.75 target=(179.1, 266.8)
2025-12-07 18:23:44 [WARNING] pet_follower - Movement blocked by safety check
2025-12-07 18:23:45 [INFO] pet_follower - Smart snapshot movement=0.07 (dx=-0.0, dy=0.1) still=5.12 target=(179.1, 266.9)
2025-12-07 18:23:45 [WARNING] pet_follower - Movement blocked by safety check
2025-12-07 18:23:45 [INFO] pet_follower - Smart snapshot movement=0.11 (dx=0.1, dy=0.1) still=5.52 target=(179.2, 266.9)
2025-12-07 18:23:45 [WARNING] pet_follower - Movement blocked by safety check
2025-12-07 18:23:45 [INFO] pet_follower - Smart snapshot movement=4.46 (dx=-0.2, dy=-4.5) still=5.90 target=(179.0, 262.5)
2025-12-07 18:23:45 [WARNING] pet_follower - Movement blocked by safety check
2025-12-07 18:23:46 [INFO] pet_follower - Smart snapshot movement=23.91 (dx=7.9, dy=-22.5) still=6.30 target=(187.0, 239.9)
2025-12-07 18:23:46 [WARNING] pet_follower - Movement blocked by safety check
2025-12-07 18:23:46 [WARNING] pet_follower - Movement blocked by safety check
2025-12-07 18:23:46 [WARNING] pet_follower - Movement blocked by safety check
2025-12-07 18:23:47 [INFO] pet_follower - Smart snapshot movement=8.57 (dx=-7.7, dy=-3.7) still=0.39 target=(382.2, 243.1)
2025-12-07 18:23:47 [WARNING] pet_follower - Movement blocked by safety check
2025-12-07 18:23:47 [INFO] pet_follower - Smart snapshot movement=65.03 (dx=64.2, dy=-10.4) still=0.76 target=(446.4, 232.8)
2025-12-07 18:23:47 [WARNING] pet_follower - Movement blocked by safety check
2025-12-07 18:23:48 [WARNING] pet_follower - Movement blocked by safety check
2025-12-07 18:23:48 [WARNING] pet_follower - Movement blocked by safety check
2025-12-07 18:23:48 [INFO] pet_follower - Smart snapshot movement=31.20 (dx=-31.2, dy=1.0) still=0.39 target=(94.9, 239.1)
2025-12-07 18:23:48 [WARNING] pet_follower - Movement blocked by safety check
2025-12-07 18:23:49 [INFO] pet_follower - Smart snapshot movement=12.32 (dx=-12.3, dy=-0.6) still=0.38 target=(82.6, 238.5)
2025-12-07 18:23:49 [WARNING] pet_follower - Movement blocked by safety check
2025-12-07 18:23:49 [INFO] pet_follower - Smart snapshot movement=0.96 (dx=-0.9, dy=0.2) still=0.76 target=(81.6, 238.7)
2025-12-07 18:23:49 [WARNING] pet_follower - Movement blocked by safety check
2025-12-07 18:23:50 [INFO] pet_follower - Smart snapshot movement=3.73 (dx=-1.2, dy=-3.5) still=1.13 target=(80.4, 235.2)
2025-12-07 18:23:50 [WARNING] pet_follower - Movement blocked by safety check
2025-12-07 18:23:50 [INFO] pet_follower - Smart snapshot movement=0.24 (dx=-0.2, dy=-0.1) still=1.51 target=(80.2, 235.1)
2025-12-07 18:23:50 [WARNING] pet_follower - Movement blocked by safety check
2025-12-07 18:23:50 [INFO] pet_follower - Smart snapshot movement=0.58 (dx=0.1, dy=0.6) still=1.89 target=(80.3, 235.6)
2025-12-07 18:23:50 [WARNING] pet_follower - Movement blocked by safety check
2025-12-07 18:23:51 [WARNING] pet_follower - Movement blocked by safety check
2025-12-07 18:23:51 [WARNING] pet_follower - Movement blocked by safety check
2025-12-07 18:23:51 [INFO] pet_follower - Smart snapshot movement=75.56 (dx=75.2, dy=7.9) still=0.37 target=(379.2, 249.2)
2025-12-07 18:23:51 [WARNING] pet_follower - Movement blocked by safety check
2025-12-07 18:23:52 [INFO] pet_follower - Smart snapshot movement=7.01 (dx=6.4, dy=-2.8) still=0.38 target=(385.6, 246.3)
2025-12-07 18:23:52 [WARNING] pet_follower - Movement blocked by safety check
2025-12-07 18:23:52 [INFO] pet_follower - Smart snapshot movement=5.78 (dx=3.1, dy=4.9) still=0.76 target=(388.7, 251.2)
2025-12-07 18:23:52 [WARNING] pet_follower - Movement blocked by safety check
2025-12-07 18:23:53 [INFO] pet_follower - Smart snapshot movement=2.97 (dx=-1.1, dy=-2.8) still=1.13 target=(387.6, 248.4)
2025-12-07 18:23:53 [WARNING] pet_follower - Movement blocked by safety check
2025-12-07 18:23:53 [INFO] pet_follower - Smart snapshot movement=1.78 (dx=1.1, dy=-1.4) still=1.50 target=(388.6, 247.0)
2025-12-07 18:23:53 [INFO] pet_follower - Target acquired; following
2025-12-07 18:23:53 [WARNING] pet_follower - Obstacle 8.6 cm ahead - backing up
2025-12-07 18:23:54 [WARNING] pet_follower - Movement blocked by safety check
2025-12-07 18:23:54 [WARNING] pet_follower - Obstacle 7.3 cm ahead - backing up
2025-12-07 18:23:54 [WARNING] pet_follower - Movement blocked by safety check
2025-12-07 18:23:55 [WARNING] pet_follower - Movement blocked by safety check
2025-12-07 18:23:55 [WARNING] pet_follower - Movement blocked by safety check
2025-12-07 18:23:55 [INFO] pet_follower - Smart snapshot movement=4.52 (dx=4.4, dy=1.2) still=0.39 target=(138.5, 240.3)
2025-12-07 18:23:55 [WARNING] pet_follower - Obstacle 9.7 cm ahead - backing up
2025-12-07 18:23:56 [WARNING] pet_follower - Movement blocked by safety check
2025-12-07 18:23:56 [INFO] pet_follower - Smart snapshot movement=37.74 (dx=37.7, dy=-0.2) still=1.00 target=(176.3, 240.1)
2025-12-07 18:23:56 [WARNING] pet_follower - Movement blocked by safety check
2025-12-07 18:23:56 [INFO] pet_follower - Smart snapshot movement=13.08 (dx=13.0, dy=1.6) still=0.37 target=(189.3, 241.6)
2025-12-07 18:23:56 [WARNING] pet_follower - Movement blocked by safety check
2025-12-07 18:23:57 [INFO] pet_follower - Smart snapshot movement=4.30 (dx=-3.7, dy=2.2) still=0.75 target=(185.6, 243.9)
2025-12-07 18:23:57 [WARNING] pet_follower - Movement blocked by safety check
2025-12-07 18:23:57 [INFO] pet_follower - Smart snapshot movement=1.60 (dx=-0.4, dy=-1.5) still=1.12 target=(185.2, 242.3)
2025-12-07 18:23:57 [WARNING] pet_follower - Movement blocked by safety check
2025-12-07 18:23:57 [INFO] pet_follower - Smart snapshot movement=0.85 (dx=0.8, dy=-0.4) still=1.52 target=(185.9, 242.0)
2025-12-07 18:23:57 [WARNING] pet_follower - Movement blocked by safety check
2025-12-07 18:23:58 [INFO] pet_follower - Smart snapshot movement=6.40 (dx=6.1, dy=-2.0) still=1.91 target=(192.0, 240.0)
2025-12-07 18:23:58 [WARNING] pet_follower - Movement blocked by safety check
2025-12-07 18:23:58 [INFO] pet_follower - Smart snapshot movement=2.90 (dx=-2.9, dy=0.0) still=2.29 target=(189.1, 240.0)
2025-12-07 18:23:58 [WARNING] pet_follower - Movement blocked by safety check
2025-12-07 18:23:59 [INFO] pet_follower - Smart snapshot movement=0.40 (dx=-0.3, dy=0.3) still=2.68 target=(188.8, 240.3)
2025-12-07 18:23:59 [WARNING] pet_follower - Movement blocked by safety check
2025-12-07 18:23:59 [INFO] pet_follower - Smart snapshot movement=4.77 (dx=-3.4, dy=3.3) still=3.07 target=(185.4, 243.6)
2025-12-07 18:23:59 [WARNING] pet_follower - Movement blocked by safety check
2025-12-07 18:23:59 [INFO] pet_follower - Smart snapshot movement=2.58 (dx=1.7, dy=-2.0) still=3.45 target=(187.1, 241.6)
2025-12-07 18:23:59 [WARNING] pet_follower - Movement blocked by safety check
2025-12-07 18:24:00 [INFO] pet_follower - Smart snapshot movement=0.59 (dx=-0.4, dy=0.4) still=3.84 target=(186.6, 242.0)
2025-12-07 18:24:00 [WARNING] pet_follower - Movement blocked by safety check
2025-12-07 18:24:00 [INFO] pet_follower - Smart snapshot movement=1.42 (dx=-1.0, dy=1.0) still=4.21 target=(185.7, 243.0)
2025-12-07 18:24:00 [WARNING] pet_follower - Movement blocked by safety check
2025-12-07 18:24:01 [INFO] pet_follower - Smart snapshot movement=41.83 (dx=40.6, dy=10.1) still=4.60 target=(226.3, 253.1)
2025-12-07 18:24:01 [WARNING] pet_follower - Movement blocked by safety check
2025-12-07 18:24:01 [INFO] pet_follower - Smart snapshot movement=23.39 (dx=22.0, dy=-8.1) still=0.38 target=(248.2, 245.0)
2025-12-07 18:24:01 [WARNING] pet_follower - Movement blocked by safety check
2025-12-07 18:24:01 [INFO] pet_follower - Smart snapshot movement=28.43 (dx=28.4, dy=-1.0) still=0.77 target=(276.6, 244.0)
2025-12-07 18:24:01 [WARNING] pet_follower - Movement blocked by safety check
2025-12-07 18:24:02 [INFO] pet_follower - Smart snapshot movement=11.60 (dx=-11.5, dy=1.2) still=1.14 target=(265.1, 245.2)
2025-12-07 18:24:02 [WARNING] pet_follower - Movement blocked by safety check
2025-12-07 18:24:02 [INFO] pet_follower - Smart snapshot movement=4.17 (dx=3.8, dy=-1.7) still=1.54 target=(268.9, 243.5)
2025-12-07 18:24:02 [WARNING] pet_follower - Movement blocked by safety check
2025-12-07 18:24:02 [INFO] pet_follower - Smart snapshot movement=6.29 (dx=0.7, dy=6.3) still=1.91 target=(269.6, 249.7)
2025-12-07 18:24:02 [WARNING] pet_follower - Movement blocked by safety check
2025-12-07 18:24:03 [INFO] pet_follower - Smart snapshot movement=48.49 (dx=48.2, dy=-4.8) still=2.29 target=(317.9, 244.9)
2025-12-07 18:24:03 [WARNING] pet_follower - Movement blocked by safety check
2025-12-07 18:24:03 [INFO] pet_follower - Smart snapshot movement=1.23 (dx=0.3, dy=1.2) still=0.37 target=(318.2, 246.1)
2025-12-07 18:24:03 [WARNING] pet_follower - Movement blocked by safety check
2025-12-07 18:24:04 [INFO] pet_follower - Smart snapshot movement=34.96 (dx=-34.4, dy=-6.1) still=0.75 target=(283.8, 240.0)
2025-12-07 18:24:04 [WARNING] pet_follower - Movement blocked by safety check
2025-12-07 18:24:04 [INFO] pet_follower - Smart snapshot movement=24.01 (dx=-23.9, dy=1.8) still=0.38 target=(259.8, 241.8)
2025-12-07 18:24:04 [WARNING] pet_follower - Movement blocked by safety check
2025-12-07 18:24:04 [INFO] pet_follower - Smart snapshot movement=4.23 (dx=4.2, dy=0.4) still=0.76 target=(264.1, 242.3)
2025-12-07 18:24:04 [WARNING] pet_follower - Movement blocked by safety check
2025-12-07 18:24:05 [INFO] pet_follower - Smart snapshot movement=26.19 (dx=-26.2, dy=-1.1) still=1.14 target=(237.9, 241.2)
2025-12-07 18:24:05 [WARNING] pet_follower - Movement blocked by safety check
2025-12-07 18:24:05 [INFO] pet_follower - Smart snapshot movement=44.53 (dx=-44.5, dy=-1.7) still=1.54 target=(193.4, 239.4)
2025-12-07 18:24:05 [WARNING] pet_follower - Movement blocked by safety check
2025-12-07 18:24:06 [INFO] pet_follower - Smart snapshot movement=14.56 (dx=-14.6, dy=0.6) still=0.42 target=(178.8, 240.0)
2025-12-07 18:24:06 [WARNING] pet_follower - Movement blocked by safety check
2025-12-07 18:24:06 [INFO] pet_follower - Smart snapshot movement=1.07 (dx=-0.9, dy=0.6) still=0.80 target=(177.9, 240.6)
2025-12-07 18:24:06 [WARNING] pet_follower - Movement blocked by safety check
2025-12-07 18:24:06 [INFO] pet_follower - Smart snapshot movement=4.62 (dx=-4.3, dy=1.7) still=1.18 target=(173.6, 242.3)
2025-12-07 18:24:06 [WARNING] pet_follower - Movement blocked by safety check
2025-12-07 18:24:07 [INFO] pet_follower - Smart snapshot movement=2.34 (dx=-1.4, dy=1.9) still=1.56 target=(172.3, 244.2)
2025-12-07 18:24:07 [WARNING] pet_follower - Movement blocked by safety check
2025-12-07 18:24:07 [INFO] pet_follower - Smart snapshot movement=7.96 (dx=-7.6, dy=-2.3) still=1.94 target=(164.6, 241.9)
2025-12-07 18:24:07 [WARNING] pet_follower - Movement blocked by safety check
2025-12-07 18:24:07 [INFO] pet_follower - Smart snapshot movement=11.16 (dx=-11.0, dy=2.1) still=2.31 target=(153.7, 243.9)
2025-12-07 18:24:07 [WARNING] pet_follower - Movement blocked by safety check
2025-12-07 18:24:08 [INFO] pet_follower - Smart snapshot movement=0.82 (dx=-0.7, dy=0.5) still=2.69 target=(153.0, 244.4)
2025-12-07 18:24:08 [WARNING] pet_follower - Movement blocked by safety check
2025-12-07 18:24:08 [INFO] pet_follower - Smart snapshot movement=0.71 (dx=-0.1, dy=0.7) still=3.08 target=(152.9, 245.1)
2025-12-07 18:24:08 [WARNING] pet_follower - Movement blocked by safety check
2025-12-07 18:24:09 [INFO] pet_follower - Smart snapshot movement=0.78 (dx=-0.5, dy=0.6) still=3.46 target=(152.4, 245.7)
2025-12-07 18:24:09 [WARNING] pet_follower - Movement blocked by safety check
2025-12-07 18:24:09 [INFO] pet_follower - Smart snapshot movement=14.02 (dx=-3.5, dy=13.6) still=3.87 target=(148.9, 259.3)
2025-12-07 18:24:09 [WARNING] pet_follower - Movement blocked by safety check
2025-12-07 18:24:09 [INFO] pet_follower - Smart snapshot movement=7.50 (dx=-1.3, dy=7.4) still=4.26 target=(147.6, 266.7)
2025-12-07 18:24:09 [WARNING] pet_follower - Movement blocked by safety check
2025-12-07 18:24:10 [INFO] pet_follower - Smart snapshot movement=9.33 (dx=2.8, dy=8.9) still=4.66 target=(150.4, 275.6)
2025-12-07 18:24:10 [WARNING] pet_follower - Movement blocked by safety check
2025-12-07 18:24:10 [INFO] pet_follower - Smart snapshot movement=0.31 (dx=-0.1, dy=0.3) still=5.05 target=(150.3, 275.9)
2025-12-07 18:24:10 [WARNING] pet_follower - Movement blocked by safety check
2025-12-07 18:24:11 [INFO] pet_follower - Smart snapshot movement=0.05 (dx=-0.0, dy=0.1) still=5.43 target=(150.3, 275.9)
2025-12-07 18:24:11 [WARNING] pet_follower - Movement blocked by safety check
2025-12-07 18:24:11 [INFO] pet_follower - Smart snapshot movement=0.12 (dx=-0.1, dy=-0.1) still=5.79 target=(150.3, 275.8)
2025-12-07 18:24:11 [WARNING] pet_follower - Movement blocked by safety check
2025-12-07 18:24:11 [INFO] pet_follower - Smart snapshot movement=0.10 (dx=-0.0, dy=0.1) still=6.18 target=(150.2, 275.9)
2025-12-07 18:24:11 [WARNING] pet_follower - Movement blocked by safety check
2025-12-07 18:24:12 [INFO] pet_follower - Smart snapshot movement=0.03 (dx=0.0, dy=0.0) still=6.56 target=(150.3, 275.9)
2025-12-07 18:24:12 [WARNING] pet_follower - Movement blocked by safety check
2025-12-07 18:24:12 [INFO] pet_follower - Smart snapshot movement=0.05 (dx=-0.0, dy=0.0) still=6.96 target=(150.3, 276.0)
2025-12-07 18:24:12 [WARNING] pet_follower - Movement blocked by safety check
2025-12-07 18:24:12 [INFO] pet_follower - Smart snapshot movement=0.12 (dx=0.0, dy=0.1) still=7.34 target=(150.3, 276.1)
2025-12-07 18:24:12 [WARNING] pet_follower - Movement blocked by safety check
2025-12-07 18:24:13 [INFO] pet_follower - Smart snapshot movement=0.19 (dx=0.1, dy=-0.2) still=7.72 target=(150.3, 275.9)
2025-12-07 18:24:13 [WARNING] pet_follower - Movement blocked by safety check
2025-12-07 18:24:13 [INFO] pet_follower - Smart snapshot movement=0.10 (dx=-0.1, dy=-0.1) still=8.09 target=(150.3, 275.8)
2025-12-07 18:24:13 [WARNING] pet_follower - Movement blocked by safety check
2025-12-07 18:24:14 [INFO] pet_follower - Smart snapshot movement=0.09 (dx=-0.1, dy=0.0) still=8.47 target=(150.2, 275.9)
2025-12-07 18:24:14 [WARNING] pet_follower - Movement blocked by safety check
2025-12-07 18:24:14 [INFO] pet_follower - Smart snapshot movement=0.17 (dx=0.1, dy=-0.1) still=8.86 target=(150.3, 275.7)
2025-12-07 18:24:14 [WARNING] pet_follower - Movement blocked by safety check
2025-12-07 18:24:14 [INFO] pet_follower - Smart snapshot movement=0.12 (dx=-0.1, dy=0.1) still=9.25 target=(150.2, 275.8)
2025-12-07 18:24:14 [WARNING] pet_follower - Movement blocked by safety check
2025-12-07 18:24:15 [INFO] pet_follower - Smart snapshot movement=0.05 (dx=-0.0, dy=-0.0) still=9.61 target=(150.2, 275.8)
2025-12-07 18:24:15 [WARNING] pet_follower - Movement blocked by safety check
2025-12-07 18:24:15 [INFO] pet_follower - Smart snapshot movement=0.06 (dx=0.0, dy=0.1) still=10.00 target=(150.2, 275.8)
2025-12-07 18:24:15 [WARNING] pet_follower - Movement blocked by safety check
2025-12-07 18:24:16 [INFO] pet_follower - Smart snapshot movement=0.07 (dx=-0.0, dy=-0.0) still=10.40 target=(150.2, 275.8)
2025-12-07 18:24:16 [WARNING] pet_follower - Movement blocked by safety check
2025-12-07 18:24:16 [INFO] pet_follower - Smart snapshot movement=0.03 (dx=0.0, dy=0.0) still=10.77 target=(150.2, 275.8)
2025-12-07 18:24:16 [WARNING] pet_follower - Movement blocked by safety check
2025-12-07 18:24:16 [INFO] pet_follower - Smart snapshot movement=0.01 (dx=-0.0, dy=-0.0) still=11.16 target=(150.2, 275.8)
2025-12-07 18:24:16 [WARNING] pet_follower - Movement blocked by safety check
2025-12-07 18:24:17 [INFO] pet_follower - Smart snapshot movement=0.10 (dx=-0.0, dy=-0.1) still=11.52 target=(150.2, 275.7)
2025-12-07 18:24:17 [WARNING] pet_follower - Movement blocked by safety check
2025-12-07 18:24:17 [INFO] pet_follower - Smart snapshot movement=0.02 (dx=-0.0, dy=-0.0) still=11.92 target=(150.2, 275.7)
2025-12-07 18:24:17 [WARNING] pet_follower - Movement blocked by safety check
2025-12-07 18:24:17 [INFO] pet_follower - Smart snapshot movement=0.06 (dx=0.0, dy=-0.0) still=12.30 target=(150.2, 275.7)
2025-12-07 18:24:17 [WARNING] pet_follower - Movement blocked by safety check
2025-12-07 18:24:18 [INFO] pet_follower - Smart snapshot movement=0.03 (dx=-0.0, dy=0.0) still=12.68 target=(150.2, 275.7)
2025-12-07 18:24:18 [WARNING] pet_follower - Movement blocked by safety check
2025-12-07 18:25:35 [INFO] pet_follower - Motion controller initialized
2025-12-07 18:25:36 [INFO] pet_follower - Interaction ready with 2 celebration behaviors
2025-12-07 18:25:36 [INFO] pet_follower - Loading YOLO model from yolov8n.pt
2025-12-07 18:25:36 [INFO] pet_follower - Camera manager starting up
2025-12-07 18:25:36 [INFO] pet_follower - Web API server started
2025-12-07 18:25:37 [INFO] pet_follower - Picamera2 started with resolution 640x480 format=RGB888
2025-12-07 18:25:41 [INFO] pet_follower - Pet follower loop starting
2025-12-07 18:25:41 [WARNING] pet_follower - Movement blocked by safety check
2025-12-07 18:25:42 [INFO] pet_follower - Smart snapshot movement=0.02 (dx=0.0, dy=0.0) still=0.40 target=(150.1, 275.3)
2025-12-07 18:25:42 [WARNING] pet_follower - Movement blocked by safety check
2025-12-07 18:25:42 [INFO] pet_follower - Smart snapshot movement=0.09 (dx=0.1, dy=-0.0) still=0.77 target=(150.2, 275.3)
2025-12-07 18:25:42 [WARNING] pet_follower - Movement blocked by safety check
2025-12-07 18:25:42 [INFO] pet_follower - Smart snapshot movement=0.01 (dx=-0.0, dy=-0.0) still=1.14 target=(150.2, 275.3)
2025-12-07 18:25:42 [WARNING] pet_follower - Movement blocked by safety check
2025-12-07 18:25:43 [INFO] pet_follower - Smart snapshot movement=0.03 (dx=-0.0, dy=0.0) still=1.50 target=(150.2, 275.3)
2025-12-07 18:25:43 [WARNING] pet_follower - Movement blocked by safety check
2025-12-07 18:25:43 [INFO] pet_follower - Smart snapshot movement=0.04 (dx=-0.0, dy=-0.0) still=1.88 target=(150.2, 275.3)
2025-12-07 18:25:43 [WARNING] pet_follower - Movement blocked by safety check
2025-12-07 18:25:43 [INFO] pet_follower - Smart snapshot movement=0.02 (dx=0.0, dy=-0.0) still=2.27 target=(150.2, 275.3)
2025-12-07 18:25:43 [WARNING] pet_follower - Movement blocked by safety check
2025-12-07 18:25:44 [INFO] pet_follower - Smart snapshot movement=0.03 (dx=0.0, dy=0.0) still=2.66 target=(150.2, 275.3)
2025-12-07 18:25:44 [WARNING] pet_follower - Movement blocked by safety check
2025-12-07 18:25:44 [INFO] pet_follower - Smart snapshot movement=0.06 (dx=-0.0, dy=-0.1) still=3.04 target=(150.2, 275.3)
2025-12-07 18:25:44 [WARNING] pet_follower - Movement blocked by safety check
2025-12-07 18:25:45 [INFO] pet_follower - Smart snapshot movement=0.08 (dx=-0.0, dy=0.1) still=3.41 target=(150.2, 275.3)
2025-12-07 18:25:45 [WARNING] pet_follower - Movement blocked by safety check
2025-12-07 18:25:45 [INFO] pet_follower - Smart snapshot movement=0.04 (dx=0.0, dy=0.0) still=3.79 target=(150.2, 275.4)
2025-12-07 18:25:45 [WARNING] pet_follower - Movement blocked by safety check
2025-12-07 18:25:45 [INFO] pet_follower - Smart snapshot movement=0.03 (dx=-0.0, dy=-0.0) still=4.18 target=(150.2, 275.3)
2025-12-07 18:25:45 [WARNING] pet_follower - Movement blocked by safety check
2025-12-07 18:25:46 [INFO] pet_follower - Smart snapshot movement=0.02 (dx=0.0, dy=-0.0) still=4.57 target=(150.2, 275.3)
2025-12-07 18:25:46 [WARNING] pet_follower - Movement blocked by safety check
2025-12-07 18:25:46 [INFO] pet_follower - Smart snapshot movement=0.08 (dx=0.1, dy=-0.0) still=4.95 target=(150.3, 275.3)
2025-12-07 18:25:46 [WARNING] pet_follower - Movement blocked by safety check
2025-12-07 18:25:47 [INFO] pet_follower - Smart snapshot movement=0.02 (dx=0.0, dy=0.0) still=5.32 target=(150.3, 275.3)
2025-12-07 18:25:47 [WARNING] pet_follower - Movement blocked by safety check
2025-12-07 18:25:47 [INFO] pet_follower - Smart snapshot movement=0.11 (dx=-0.1, dy=-0.1) still=5.70 target=(150.2, 275.2)
2025-12-07 18:25:47 [WARNING] pet_follower - Movement blocked by safety check
2025-12-07 18:25:47 [INFO] pet_follower - Smart snapshot movement=0.06 (dx=-0.0, dy=-0.1) still=6.08 target=(150.2, 275.2)
2025-12-07 18:25:47 [WARNING] pet_follower - Movement blocked by safety check
2025-12-07 18:25:48 [INFO] pet_follower - Smart snapshot movement=0.06 (dx=-0.0, dy=0.0) still=6.46 target=(150.2, 275.2)
2025-12-07 18:25:48 [WARNING] pet_follower - Movement blocked by safety check
2025-12-07 18:25:48 [INFO] pet_follower - Smart snapshot movement=0.04 (dx=0.0, dy=0.0) still=6.86 target=(150.2, 275.2)
2025-12-07 18:25:48 [WARNING] pet_follower - Movement blocked by safety check
2025-12-07 18:25:48 [INFO] pet_follower - Smart snapshot movement=0.05 (dx=0.0, dy=-0.0) still=7.24 target=(150.2, 275.2)
2025-12-07 18:25:48 [WARNING] pet_follower - Movement blocked by safety check
2025-12-07 18:25:49 [INFO] pet_follower - Smart snapshot movement=0.03 (dx=0.0, dy=-0.0) still=7.65 target=(150.2, 275.2)
2025-12-07 18:25:49 [WARNING] pet_follower - Movement blocked by safety check
2025-12-07 18:25:49 [INFO] pet_follower - Smart snapshot movement=0.07 (dx=-0.1, dy=0.0) still=8.03 target=(150.2, 275.2)
2025-12-07 18:25:49 [WARNING] pet_follower - Movement blocked by safety check
2025-12-07 18:25:50 [INFO] pet_follower - Smart snapshot movement=0.08 (dx=0.1, dy=0.0) still=8.41 target=(150.2, 275.2)
2025-12-07 18:25:50 [WARNING] pet_follower - Movement blocked by safety check
2025-12-07 18:25:50 [INFO] pet_follower - Smart snapshot movement=0.03 (dx=-0.0, dy=-0.0) still=8.79 target=(150.2, 275.2)
2025-12-07 18:25:50 [WARNING] pet_follower - Movement blocked by safety check
2025-12-07 18:25:50 [INFO] pet_follower - Smart snapshot movement=0.04 (dx=-0.0, dy=0.0) still=9.17 target=(150.2, 275.2)
2025-12-07 18:25:50 [WARNING] pet_follower - Movement blocked by safety check
2025-12-07 18:25:51 [INFO] pet_follower - Smart snapshot movement=0.07 (dx=0.0, dy=0.1) still=9.55 target=(150.2, 275.3)
2025-12-07 18:25:51 [WARNING] pet_follower - Movement blocked by safety check
2025-12-07 18:25:51 [INFO] pet_follower - Smart snapshot movement=0.05 (dx=0.0, dy=-0.0) still=9.93 target=(150.2, 275.2)
2025-12-07 18:25:51 [WARNING] pet_follower - Movement blocked by safety check
2025-12-07 18:25:52 [INFO] pet_follower - Smart snapshot movement=0.01 (dx=-0.0, dy=-0.0) still=10.31 target=(150.2, 275.2)
2025-12-07 18:25:54 [INFO] pet_follower - Smart snapshot uploaded - pet resting
2025-12-07 18:25:54 [WARNING] pet_follower - Movement blocked by safety check
2025-12-07 18:25:54 [INFO] pet_follower - Smart snapshot movement=0.02 (dx=-0.0, dy=0.0) still=2.64 target=(150.2, 275.2)
2025-12-07 18:25:54 [WARNING] pet_follower - Movement blocked by safety check
2025-12-07 18:25:55 [INFO] pet_follower - Smart snapshot movement=0.04 (dx=0.0, dy=0.0) still=3.02 target=(150.2, 275.2)
2025-12-07 18:25:55 [WARNING] pet_follower - Movement blocked by safety check
2025-12-07 18:25:55 [INFO] pet_follower - Smart snapshot movement=0.07 (dx=-0.0, dy=-0.1) still=3.40 target=(150.2, 275.2)
2025-12-07 18:25:55 [WARNING] pet_follower - Movement blocked by safety check
2025-12-07 18:25:55 [INFO] pet_follower - Smart snapshot movement=0.07 (dx=0.1, dy=-0.0) still=3.78 target=(150.2, 275.2)
2025-12-07 18:25:55 [WARNING] pet_follower - Movement blocked by safety check
2025-12-07 18:25:56 [INFO] pet_follower - Smart snapshot movement=0.03 (dx=0.0, dy=0.0) still=4.16 target=(150.2, 275.2)
2025-12-07 18:25:56 [WARNING] pet_follower - Movement blocked by safety check
2025-12-07 18:25:56 [INFO] pet_follower - Smart snapshot movement=0.06 (dx=-0.0, dy=0.1) still=4.57 target=(150.2, 275.3)
2025-12-07 18:25:56 [WARNING] pet_follower - Movement blocked by safety check
2025-12-07 18:25:56 [INFO] pet_follower - Smart snapshot movement=0.09 (dx=0.0, dy=-0.1) still=4.95 target=(150.2, 275.2)
2025-12-07 18:25:56 [WARNING] pet_follower - Movement blocked by safety check
2025-12-07 18:25:57 [INFO] pet_follower - Smart snapshot movement=0.01 (dx=-0.0, dy=0.0) still=5.35 target=(150.2, 275.2)
2025-12-07 18:25:57 [WARNING] pet_follower - Movement blocked by safety check
2025-12-07 18:25:57 [INFO] pet_follower - Smart snapshot movement=0.02 (dx=-0.0, dy=0.0) still=5.73 target=(150.2, 275.2)
2025-12-07 18:25:57 [WARNING] pet_follower - Movement blocked by safety check
2025-12-07 18:25:58 [INFO] pet_follower - Smart snapshot movement=0.02 (dx=0.0, dy=-0.0) still=6.13 target=(150.2, 275.2)
2025-12-07 18:25:58 [WARNING] pet_follower - Movement blocked by safety check
2025-12-07 18:25:58 [INFO] pet_follower - Smart snapshot movement=3.50 (dx=0.2, dy=-3.5) still=6.50 target=(150.5, 271.7)
2025-12-07 18:25:58 [WARNING] pet_follower - Movement blocked by safety check
2025-12-07 18:25:58 [INFO] pet_follower - Smart snapshot movement=11.84 (dx=1.7, dy=-11.7) still=6.89 target=(152.2, 260.0)
2025-12-07 18:25:58 [WARNING] pet_follower - Obstacle 9.7 cm ahead - backing up
2025-12-07 18:25:59 [WARNING] pet_follower - Movement blocked by safety check
2025-12-07 18:25:59 [INFO] pet_follower - Smart snapshot movement=30.81 (dx=28.9, dy=-10.6) still=7.48 target=(181.1, 249.4)
2025-12-07 18:25:59 [WARNING] pet_follower - Movement blocked by safety check
2025-12-07 18:25:59 [INFO] pet_follower - Smart snapshot movement=27.48 (dx=23.6, dy=14.2) still=0.40 target=(204.7, 263.5)
2025-12-07 18:25:59 [WARNING] pet_follower - Movement blocked by safety check
2025-12-07 18:26:00 [INFO] pet_follower - Smart snapshot movement=107.35 (dx=107.1, dy=7.5) still=0.79 target=(311.8, 271.0)
2025-12-07 18:26:00 [WARNING] pet_follower - Movement blocked by safety check
2025-12-07 18:26:00 [INFO] pet_follower - Smart snapshot movement=47.78 (dx=-47.0, dy=-8.4) still=0.41 target=(264.8, 262.6)
2025-12-07 18:26:00 [WARNING] pet_follower - Movement blocked by safety check
2025-12-07 18:26:01 [INFO] pet_follower - Smart snapshot movement=17.95 (dx=17.2, dy=-5.2) still=0.38 target=(281.9, 257.3)
2025-12-07 18:26:01 [WARNING] pet_follower - Movement blocked by safety check
2025-12-07 18:26:01 [INFO] pet_follower - Smart snapshot movement=39.45 (dx=37.7, dy=-11.6) still=0.76 target=(319.6, 245.8)
2025-12-07 18:26:01 [WARNING] pet_follower - Movement blocked by safety check
2025-12-07 18:26:01 [INFO] pet_follower - Smart snapshot movement=21.19 (dx=21.2, dy=0.7) still=0.38 target=(340.8, 246.5)
2025-12-07 18:26:01 [WARNING] pet_follower - Movement blocked by safety check
2025-12-07 18:26:02 [INFO] pet_follower - Smart snapshot movement=56.17 (dx=56.0, dy=-5.0) still=0.76 target=(396.8, 241.5)
2025-12-07 18:26:02 [INFO] pet_follower - Target acquired; following
2025-12-07 18:26:02 [INFO] pet_follower - Smart snapshot movement=32.40 (dx=32.4, dy=0.1) still=0.38 target=(429.2, 241.6)
2025-12-07 18:26:02 [WARNING] pet_follower - Obstacle 8.0 cm ahead - backing up
2025-12-07 18:26:02 [WARNING] pet_follower - Movement blocked by safety check
2025-12-07 18:26:03 [INFO] pet_follower - Smart snapshot movement=175.74 (dx=-173.2, dy=-29.8) still=0.58 target=(256.0, 211.8)
2025-12-07 18:26:03 [WARNING] pet_follower - Obstacle 7.7 cm ahead - backing up
2025-12-07 18:26:03 [WARNING] pet_follower - Movement blocked by safety check
2025-12-07 18:26:03 [WARNING] pet_follower - Movement blocked by safety check
2025-12-07 18:26:04 [WARNING] pet_follower - Movement blocked by safety check
2025-12-07 18:26:04 [INFO] pet_follower - Smart snapshot movement=43.77 (dx=43.7, dy=3.0) still=0.40 target=(279.5, 242.3)
2025-12-07 18:26:04 [WARNING] pet_follower - Obstacle 9.5 cm ahead - backing up
2025-12-07 18:26:04 [WARNING] pet_follower - Movement blocked by safety check
2025-12-07 18:26:05 [INFO] pet_follower - Smart snapshot movement=27.82 (dx=-23.5, dy=14.9) still=0.58 target=(256.0, 257.2)
2025-12-07 18:26:05 [INFO] pet_follower - Target acquired; following
2025-12-07 18:26:05 [INFO] pet_follower - Smart snapshot movement=47.31 (dx=43.4, dy=18.9) still=0.96 target=(299.4, 276.1)
2025-12-07 18:26:05 [WARNING] pet_follower - Obstacle 7.0 cm ahead - backing up
2025-12-07 18:26:05 [WARNING] pet_follower - Movement blocked by safety check
2025-12-07 18:26:06 [WARNING] pet_follower - Obstacle 9.3 cm ahead - backing up
2025-12-07 18:26:06 [WARNING] pet_follower - Movement blocked by safety check
2025-12-07 18:26:06 [WARNING] pet_follower - Movement blocked by safety check
2025-12-07 18:26:07 [INFO] pet_follower - Smart snapshot movement=105.96 (dx=-105.6, dy=9.3) still=0.39 target=(249.1, 249.5)
2025-12-07 18:26:07 [WARNING] pet_follower - Movement blocked by safety check
2025-12-07 18:26:07 [INFO] pet_follower - Smart snapshot movement=6.99 (dx=-1.8, dy=6.7) still=0.39 target=(247.3, 256.2)
2025-12-07 18:26:07 [WARNING] pet_follower - Movement blocked by safety check
2025-12-07 18:26:07 [INFO] pet_follower - Smart snapshot movement=1.10 (dx=0.5, dy=1.0) still=0.76 target=(247.8, 257.2)
2025-12-07 18:26:07 [WARNING] pet_follower - Movement blocked by safety check
2025-12-07 18:26:08 [INFO] pet_follower - Smart snapshot movement=2.22 (dx=1.2, dy=1.9) still=1.14 target=(248.9, 259.1)
2025-12-07 18:26:08 [WARNING] pet_follower - Movement blocked by safety check
2025-12-07 18:26:08 [INFO] pet_follower - Smart snapshot movement=27.63 (dx=24.2, dy=-13.3) still=1.52 target=(273.2, 245.8)
2025-12-07 18:26:08 [WARNING] pet_follower - Movement blocked by safety check
2025-12-07 18:26:09 [INFO] pet_follower - Smart snapshot movement=65.48 (dx=65.4, dy=-2.6) still=1.90 target=(338.6, 243.1)
2025-12-07 18:26:09 [WARNING] pet_follower - Movement blocked by safety check
2025-12-07 18:26:09 [INFO] pet_follower - Smart snapshot movement=26.64 (dx=26.6, dy=0.3) still=0.39 target=(365.2, 243.4)
2025-12-07 18:26:09 [WARNING] pet_follower - Movement blocked by safety check
2025-12-07 18:26:09 [INFO] pet_follower - Smart snapshot movement=17.04 (dx=17.0, dy=0.5) still=0.78 target=(382.3, 243.9)
2025-12-07 18:26:09 [WARNING] pet_follower - Movement blocked by safety check
2025-12-07 18:26:10 [INFO] pet_follower - Smart snapshot movement=24.71 (dx=24.6, dy=-2.5) still=1.16 target=(406.8, 241.4)
2025-12-07 18:26:10 [WARNING] pet_follower - Movement blocked by safety check
2025-12-07 18:26:10 [INFO] pet_follower - Smart snapshot movement=6.13 (dx=6.0, dy=1.2) still=1.54 target=(412.9, 242.6)
2025-12-07 18:26:10 [WARNING] pet_follower - Movement blocked by safety check
2025-12-07 18:26:10 [INFO] pet_follower - Smart snapshot movement=6.39 (dx=-6.4, dy=0.3) still=1.92 target=(406.5, 242.9)
2025-12-07 18:26:10 [WARNING] pet_follower - Movement blocked by safety check
2025-12-07 18:26:11 [INFO] pet_follower - Smart snapshot movement=177.86 (dx=-61.1, dy=-167.0) still=2.30 target=(345.4, 75.9)
2025-12-07 18:26:11 [WARNING] pet_follower - Movement blocked by safety check
2025-12-07 18:26:11 [INFO] pet_follower - Smart snapshot movement=220.00 (dx=-138.6, dy=170.8) still=0.40 target=(206.8, 246.7)
2025-12-07 18:26:11 [WARNING] pet_follower - Movement blocked by safety check
2025-12-07 18:26:12 [INFO] pet_follower - Smart snapshot movement=24.78 (dx=-24.7, dy=2.3) still=0.37 target=(182.1, 249.0)
2025-12-07 18:26:12 [WARNING] pet_follower - Movement blocked by safety check
2025-12-07 18:26:12 [INFO] pet_follower - Smart snapshot movement=16.99 (dx=-11.5, dy=12.5) still=0.74 target=(170.6, 261.6)
2025-12-07 18:26:12 [WARNING] pet_follower - Movement blocked by safety check
2025-12-07 18:26:12 [INFO] pet_follower - Smart snapshot movement=0.13 (dx=0.1, dy=0.1) still=1.14 target=(170.6, 261.7)
2025-12-07 18:26:12 [WARNING] pet_follower - Movement blocked by safety check
2025-12-07 18:26:13 [INFO] pet_follower - Smart snapshot movement=0.27 (dx=0.3, dy=0.1) still=1.52 target=(170.9, 261.7)
2025-12-07 18:26:13 [WARNING] pet_follower - Movement blocked by safety check
2025-12-07 18:26:13 [INFO] pet_follower - Smart snapshot movement=2.59 (dx=2.1, dy=-1.5) still=1.90 target=(173.1, 260.3)
2025-12-07 18:26:13 [WARNING] pet_follower - Movement blocked by safety check
2025-12-07 18:26:14 [INFO] pet_follower - Smart snapshot movement=21.74 (dx=15.2, dy=-15.6) still=2.27 target=(188.2, 244.7)
2025-12-07 18:26:14 [WARNING] pet_follower - Movement blocked by safety check
2025-12-07 18:26:14 [INFO] pet_follower - Smart snapshot movement=248.96 (dx=248.9, dy=-3.5) still=2.67 target=(437.1, 241.2)
2025-12-07 18:26:14 [INFO] pet_follower - Target acquired; following
2025-12-07 18:26:14 [INFO] pet_follower - Smart snapshot movement=22.44 (dx=-22.2, dy=3.3) still=0.37 target=(415.0, 244.4)
2025-12-07 18:26:14 [WARNING] pet_follower - Obstacle 7.6 cm ahead - backing up
2025-12-07 18:26:14 [WARNING] pet_follower - Movement blocked by safety check
2025-12-07 18:26:15 [WARNING] pet_follower - Obstacle 8.3 cm ahead - backing up
2025-12-07 18:26:15 [WARNING] pet_follower - Movement blocked by safety check
2025-12-07 18:26:15 [WARNING] pet_follower - Movement blocked by safety check
2025-12-07 18:26:16 [INFO] pet_follower - Smart snapshot movement=29.65 (dx=29.6, dy=0.2) still=0.39 target=(403.6, 240.0)
2025-12-07 18:26:16 [WARNING] pet_follower - Movement blocked by safety check
2025-12-07 18:26:16 [INFO] pet_follower - Smart snapshot movement=4.12 (dx=4.1, dy=-0.1) still=0.77 target=(407.7, 239.9)
2025-12-07 18:26:16 [WARNING] pet_follower - Movement blocked by safety check
2025-12-07 18:26:17 [INFO] pet_follower - Smart snapshot movement=10.93 (dx=-10.8, dy=1.8) still=1.15 target=(396.9, 241.7)
2025-12-07 18:26:17 [WARNING] pet_follower - Movement blocked by safety check
2025-12-07 18:26:17 [INFO] pet_follower - Smart snapshot movement=156.85 (dx=-156.8, dy=-2.1) still=1.53 target=(240.1, 239.6)
2025-12-07 18:26:17 [WARNING] pet_follower - Movement blocked by safety check
2025-12-07 18:26:17 [INFO] pet_follower - Smart snapshot movement=17.99 (dx=-18.0, dy=0.7) still=0.40 target=(222.1, 240.3)
2025-12-07 18:26:17 [WARNING] pet_follower - Movement blocked by safety check
2025-12-07 18:26:18 [INFO] pet_follower - Smart snapshot movement=2.61 (dx=2.6, dy=0.1) still=0.79 target=(224.7, 240.3)
2025-12-07 18:26:18 [WARNING] pet_follower - Movement blocked by safety check
2025-12-07 18:26:18 [INFO] pet_follower - Smart snapshot movement=1.96 (dx=2.0, dy=-0.0) still=1.17 target=(226.7, 240.3)
2025-12-07 18:26:18 [WARNING] pet_follower - Movement blocked by safety check
2025-12-07 18:26:19 [INFO] pet_follower - Smart snapshot movement=0.95 (dx=-0.9, dy=0.0) still=1.54 target=(225.7, 240.3)
2025-12-07 18:26:19 [WARNING] pet_follower - Movement blocked by safety check
2025-12-07 18:26:19 [INFO] pet_follower - Smart snapshot movement=1.17 (dx=-1.2, dy=-0.1) still=1.92 target=(224.6, 240.2)
2025-12-07 18:26:19 [WARNING] pet_follower - Movement blocked by safety check
2025-12-07 18:26:19 [INFO] pet_follower - Smart snapshot movement=1.32 (dx=-1.3, dy=0.0) still=2.32 target=(223.3, 240.2)
2025-12-07 18:26:19 [WARNING] pet_follower - Movement blocked by safety check
2025-12-07 18:26:20 [INFO] pet_follower - Smart snapshot movement=10.58 (dx=10.6, dy=-0.2) still=2.70 target=(233.8, 240.0)
2025-12-07 18:26:20 [WARNING] pet_follower - Movement blocked by safety check
2025-12-07 18:26:20 [INFO] pet_follower - Smart snapshot movement=7.58 (dx=-7.6, dy=-0.0) still=3.10 target=(226.3, 240.0)
2025-12-07 18:26:20 [WARNING] pet_follower - Movement blocked by safety check
2025-12-07 18:26:20 [INFO] pet_follower - Smart snapshot movement=6.27 (dx=-6.3, dy=-0.0) still=3.48 target=(220.0, 240.0)
2025-12-07 18:26:20 [WARNING] pet_follower - Movement blocked by safety check
2025-12-07 18:26:21 [INFO] pet_follower - Smart snapshot movement=1.43 (dx=1.4, dy=0.0) still=3.86 target=(221.4, 240.0)
2025-12-07 18:26:21 [WARNING] pet_follower - Movement blocked by safety check
2025-12-07 18:26:21 [INFO] pet_follower - Smart snapshot movement=233.76 (dx=164.4, dy=-166.2) still=4.24 target=(385.8, 73.8)
2025-12-07 18:26:21 [WARNING] pet_follower - Movement blocked by safety check
2025-12-07 18:26:22 [INFO] pet_follower - Smart snapshot movement=166.58 (dx=-8.5, dy=166.4) still=0.38 target=(377.4, 240.1)
2025-12-07 18:26:22 [WARNING] pet_follower - Movement blocked by safety check
2025-12-07 18:26:22 [INFO] pet_follower - Smart snapshot movement=7.35 (dx=-5.4, dy=5.0) still=0.41 target=(371.9, 245.1)
2025-12-07 18:26:22 [WARNING] pet_follower - Movement blocked by safety check
2025-12-07 18:26:22 [INFO] pet_follower - Smart snapshot movement=2.76 (dx=2.7, dy=-0.3) still=0.80 target=(374.7, 244.8)
2025-12-07 18:26:22 [WARNING] pet_follower - Movement blocked by safety check
2025-12-07 18:26:23 [INFO] pet_follower - Smart snapshot movement=1.12 (dx=-0.0, dy=1.1) still=1.18 target=(374.7, 246.0)
2025-12-07 18:26:23 [WARNING] pet_follower - Movement blocked by safety check
2025-12-07 18:26:23 [INFO] pet_follower - Smart snapshot movement=3.19 (dx=-1.4, dy=-2.9) still=1.56 target=(373.3, 243.1)
2025-12-07 18:26:23 [WARNING] pet_follower - Movement blocked by safety check
2025-12-07 18:26:24 [INFO] pet_follower - Smart snapshot movement=15.63 (dx=-15.4, dy=-2.4) still=1.93 target=(357.8, 240.6)
2025-12-07 18:26:24 [WARNING] pet_follower - Obstacle -2.0 cm ahead - backing up
2025-12-07 18:26:24 [WARNING] pet_follower - Movement blocked by safety check
2025-12-07 18:26:24 [INFO] pet_follower - Smart snapshot movement=56.18 (dx=51.0, dy=23.5) still=2.59 target=(408.9, 264.1)
2025-12-07 18:26:24 [INFO] pet_follower - Target acquired; following
2025-12-07 18:26:25 [INFO] pet_follower - Smart snapshot movement=30.13 (dx=28.4, dy=10.1) still=0.37 target=(437.2, 274.3)
2025-12-07 18:26:25 [WARNING] pet_follower - Obstacle 8.9 cm ahead - backing up
2025-12-07 18:26:25 [WARNING] pet_follower - Movement blocked by safety check
2025-12-07 18:26:25 [WARNING] pet_follower - Movement blocked by safety check
2025-12-07 18:26:26 [WARNING] pet_follower - Movement blocked by safety check
2025-12-07 18:26:26 [INFO] pet_follower - Smart snapshot movement=1.38 (dx=-1.3, dy=0.4) still=0.39 target=(373.0, 240.2)
2025-12-07 18:26:26 [WARNING] pet_follower - Movement blocked by safety check
2025-12-07 18:26:26 [INFO] pet_follower - Smart snapshot movement=0.49 (dx=-0.5, dy=0.1) still=0.77 target=(372.6, 240.3)
2025-12-07 18:26:26 [WARNING] pet_follower - Movement blocked by safety check
2025-12-07 18:26:27 [INFO] pet_follower - Smart snapshot movement=0.58 (dx=-0.6, dy=-0.2) still=1.15 target=(372.0, 240.2)
2025-12-07 18:26:27 [WARNING] pet_follower - Movement blocked by safety check
2025-12-07 18:26:27 [INFO] pet_follower - Smart snapshot movement=0.31 (dx=-0.2, dy=0.2) still=1.53 target=(371.8, 240.4)
2025-12-07 18:26:27 [WARNING] pet_follower - Movement blocked by safety check
2025-12-07 18:26:27 [INFO] pet_follower - Smart snapshot movement=1.42 (dx=-1.4, dy=-0.2) still=1.92 target=(370.4, 240.2)
2025-12-07 18:26:27 [WARNING] pet_follower - Movement blocked by safety check
2025-12-07 18:26:28 [INFO] pet_follower - Smart snapshot movement=1.27 (dx=1.2, dy=0.3) still=2.30 target=(371.6, 240.5)
2025-12-07 18:26:28 [WARNING] pet_follower - Movement blocked by safety check
2025-12-07 18:26:28 [INFO] pet_follower - Smart snapshot movement=0.22 (dx=0.2, dy=-0.1) still=2.67 target=(371.8, 240.4)
2025-12-07 18:26:28 [WARNING] pet_follower - Movement blocked by safety check
2025-12-07 18:26:29 [INFO] pet_follower - Smart snapshot movement=1.23 (dx=-1.2, dy=0.1) still=3.04 target=(370.6, 240.5)
2025-12-07 18:26:29 [WARNING] pet_follower - Movement blocked by safety check
2025-12-07 18:26:29 [INFO] pet_follower - Smart snapshot movement=1.96 (dx=2.0, dy=-0.2) still=3.45 target=(372.5, 240.3)
2025-12-07 18:26:29 [WARNING] pet_follower - Movement blocked by safety check
2025-12-07 18:26:29 [INFO] pet_follower - Smart snapshot movement=0.27 (dx=-0.2, dy=-0.1) still=3.83 target=(372.3, 240.1)
2025-12-07 18:26:29 [WARNING] pet_follower - Movement blocked by safety check
2025-12-07 18:26:30 [INFO] pet_follower - Smart snapshot movement=0.51 (dx=-0.1, dy=0.5) still=4.22 target=(372.2, 240.7)
2025-12-07 18:26:30 [WARNING] pet_follower - Movement blocked by safety check
2025-12-07 18:29:07 [INFO] pet_follower - Motion controller initialized
2025-12-07 18:29:07 [INFO] pet_follower - Interaction ready with 2 celebration behaviors
2025-12-07 18:29:07 [INFO] pet_follower - Loading YOLO model from yolov8n.pt
2025-12-07 18:29:08 [INFO] pet_follower - Camera manager starting up
2025-12-07 18:29:08 [INFO] pet_follower - Web API server started
2025-12-07 18:29:08 [INFO] pet_follower - Picamera2 started with resolution 640x480 format=RGB888
2025-12-07 18:29:12 [INFO] pet_follower - Pet follower loop starting
2025-12-07 18:29:12 [WARNING] pet_follower - Movement blocked by safety check
2025-12-07 18:29:13 [INFO] pet_follower - Smart snapshot movement=2.90 (dx=0.0, dy=-2.9) still=0.39 target=(381.1, 253.7)
2025-12-07 18:29:13 [WARNING] pet_follower - Movement blocked by safety check
2025-12-07 18:29:13 [INFO] pet_follower - Smart snapshot movement=0.39 (dx=-0.2, dy=0.4) still=0.78 target=(380.9, 254.1)
2025-12-07 18:29:13 [WARNING] pet_follower - Movement blocked by safety check
2025-12-07 18:29:14 [INFO] pet_follower - Smart snapshot movement=6.22 (dx=0.4, dy=6.2) still=1.16 target=(381.4, 260.3)
2025-12-07 18:29:14 [WARNING] pet_follower - Movement blocked by safety check
2025-12-07 18:29:14 [INFO] pet_follower - Smart snapshot movement=0.53 (dx=0.4, dy=0.4) still=1.55 target=(381.7, 260.6)
2025-12-07 18:29:14 [WARNING] pet_follower - Movement blocked by safety check
2025-12-07 18:29:14 [INFO] pet_follower - Smart snapshot movement=5.27 (dx=-0.4, dy=-5.3) still=1.95 target=(381.4, 255.4)
2025-12-07 18:29:14 [WARNING] pet_follower - Movement blocked by safety check
2025-12-07 18:29:15 [INFO] pet_follower - Smart snapshot movement=14.74 (dx=-0.9, dy=-14.7) still=2.33 target=(380.4, 240.7)
2025-12-07 18:29:15 [WARNING] pet_follower - Movement blocked by safety check
2025-12-07 18:29:15 [INFO] pet_follower - Smart snapshot movement=0.40 (dx=-0.3, dy=-0.3) still=2.72 target=(380.1, 240.4)
2025-12-07 18:29:15 [WARNING] pet_follower - Movement blocked by safety check
2025-12-07 18:29:16 [INFO] pet_follower - Smart snapshot movement=3.56 (dx=-3.6, dy=-0.0) still=3.11 target=(376.6, 240.4)
2025-12-07 18:29:16 [WARNING] pet_follower - Movement blocked by safety check
2025-12-07 18:29:16 [INFO] pet_follower - Smart snapshot movement=3.86 (dx=3.8, dy=0.7) still=3.50 target=(380.4, 241.0)
2025-12-07 18:29:16 [WARNING] pet_follower - Movement blocked by safety check
2025-12-07 18:29:16 [INFO] pet_follower - Smart snapshot movement=0.36 (dx=0.1, dy=-0.3) still=3.89 target=(380.5, 240.7)
2025-12-07 18:29:16 [WARNING] pet_follower - Movement blocked by safety check
2025-12-07 18:29:17 [INFO] pet_follower - Smart snapshot movement=4.97 (dx=-0.9, dy=-4.9) still=4.28 target=(379.5, 235.8)
2025-12-07 18:29:17 [WARNING] pet_follower - Movement blocked by safety check
2025-12-07 18:29:17 [INFO] pet_follower - Smart snapshot movement=5.41 (dx=-3.0, dy=4.5) still=4.65 target=(376.5, 240.3)
2025-12-07 18:29:17 [WARNING] pet_follower - Movement blocked by safety check
2025-12-07 18:29:17 [INFO] pet_follower - Smart snapshot movement=4.02 (dx=4.0, dy=-0.1) still=5.02 target=(380.6, 240.3)
2025-12-07 18:29:17 [WARNING] pet_follower - Movement blocked by safety check
2025-12-07 18:29:18 [INFO] pet_follower - Smart snapshot movement=4.31 (dx=-0.9, dy=-4.2) still=5.39 target=(379.7, 236.0)
2025-12-07 18:29:18 [WARNING] pet_follower - Movement blocked by safety check
2025-12-07 18:29:18 [INFO] pet_follower - Smart snapshot movement=0.40 (dx=0.2, dy=-0.4) still=5.75 target=(379.8, 235.7)
2025-12-07 18:29:18 [WARNING] pet_follower - Movement blocked by safety check
2025-12-07 18:29:19 [INFO] pet_follower - Smart snapshot movement=4.78 (dx=1.1, dy=4.7) still=6.15 target=(380.9, 240.3)
2025-12-07 18:29:19 [WARNING] pet_follower - Movement blocked by safety check
2025-12-07 18:29:19 [INFO] pet_follower - Smart snapshot movement=4.31 (dx=-4.3, dy=0.1) still=6.52 target=(376.6, 240.5)
2025-12-07 18:29:19 [WARNING] pet_follower - Movement blocked by safety check
2025-12-07 18:29:19 [INFO] pet_follower - Smart snapshot movement=4.00 (dx=4.0, dy=-0.4) still=6.91 target=(380.6, 240.0)
2025-12-07 18:29:19 [WARNING] pet_follower - Movement blocked by safety check
2025-12-07 18:29:20 [INFO] pet_follower - Smart snapshot movement=0.06 (dx=-0.0, dy=-0.1) still=7.27 target=(380.6, 239.9)
2025-12-07 18:29:20 [WARNING] pet_follower - Movement blocked by safety check
2025-12-07 18:29:20 [INFO] pet_follower - Smart snapshot movement=4.37 (dx=-1.0, dy=-4.3) still=7.64 target=(379.6, 235.7)
2025-12-07 18:29:20 [WARNING] pet_follower - Movement blocked by safety check
2025-12-07 18:29:20 [INFO] pet_follower - Smart snapshot movement=0.20 (dx=0.1, dy=0.1) still=8.02 target=(379.8, 235.8)
2025-12-07 18:29:20 [WARNING] pet_follower - Movement blocked by safety check
2025-12-07 18:29:21 [INFO] pet_follower - Smart snapshot movement=0.30 (dx=-0.0, dy=-0.3) still=8.40 target=(379.7, 235.5)
2025-12-07 18:29:21 [WARNING] pet_follower - Movement blocked by safety check
2025-12-07 18:29:21 [INFO] pet_follower - Smart snapshot movement=0.01 (dx=-0.0, dy=-0.0) still=8.79 target=(379.7, 235.5)
2025-12-07 18:29:21 [WARNING] pet_follower - Movement blocked by safety check
2025-12-07 18:29:22 [INFO] pet_follower - Smart snapshot movement=0.12 (dx=0.0, dy=-0.1) still=9.16 target=(379.8, 235.4)
2025-12-07 18:29:22 [WARNING] pet_follower - Movement blocked by safety check
2025-12-07 18:29:22 [INFO] pet_follower - Smart snapshot movement=4.65 (dx=0.9, dy=4.6) still=9.54 target=(380.7, 240.0)
2025-12-07 18:29:22 [WARNING] pet_follower - Movement blocked by safety check
2025-12-07 18:29:22 [INFO] pet_follower - Smart snapshot movement=0.54 (dx=-0.1, dy=0.5) still=9.92 target=(380.6, 240.5)
2025-12-07 18:29:22 [WARNING] pet_follower - Movement blocked by safety check
2025-12-07 18:29:23 [INFO] pet_follower - Smart snapshot movement=5.27 (dx=-0.8, dy=-5.2) still=10.29 target=(379.8, 235.3)
2025-12-07 18:29:25 [INFO] pet_follower - Smart snapshot uploaded - pet resting
2025-12-07 18:29:25 [WARNING] pet_follower - Movement blocked by safety check
2025-12-07 18:29:26 [INFO] pet_follower - Smart snapshot movement=0.74 (dx=-0.2, dy=0.7) still=3.16 target=(379.5, 236.0)
2025-12-07 18:29:26 [WARNING] pet_follower - Movement blocked by safety check
2025-12-07 18:29:26 [INFO] pet_follower - Smart snapshot movement=4.32 (dx=1.3, dy=4.1) still=3.57 target=(380.8, 240.1)
2025-12-07 18:29:26 [WARNING] pet_follower - Movement blocked by safety check
2025-12-07 18:29:27 [INFO] pet_follower - Smart snapshot movement=0.33 (dx=-0.3, dy=0.2) still=3.93 target=(380.5, 240.3)
2025-12-07 18:29:27 [WARNING] pet_follower - Movement blocked by safety check
2025-12-07 18:29:27 [INFO] pet_follower - Smart snapshot movement=0.41 (dx=-0.3, dy=0.3) still=4.32 target=(380.3, 240.6)
2025-12-07 18:29:27 [WARNING] pet_follower - Movement blocked by safety check
2025-12-07 18:29:27 [INFO] pet_follower - Smart snapshot movement=0.54 (dx=0.3, dy=-0.5) still=4.71 target=(380.6, 240.1)
2025-12-07 18:29:27 [WARNING] pet_follower - Movement blocked by safety check
2025-12-07 18:29:28 [INFO] pet_follower - Smart snapshot movement=0.18 (dx=-0.2, dy=-0.0) still=5.09 target=(380.4, 240.1)
2025-12-07 18:29:28 [WARNING] pet_follower - Movement blocked by safety check
2025-12-07 18:29:28 [INFO] pet_follower - Smart snapshot movement=0.95 (dx=0.3, dy=0.9) still=5.48 target=(380.7, 241.0)
2025-12-07 18:29:28 [WARNING] pet_follower - Movement blocked by safety check
2025-12-07 18:29:29 [INFO] pet_follower - Smart snapshot movement=19.55 (dx=-0.6, dy=19.5) still=5.86 target=(380.1, 260.6)
2025-12-07 18:29:29 [WARNING] pet_follower - Movement blocked by safety check
2025-12-07 18:29:29 [INFO] pet_follower - Smart snapshot movement=18.97 (dx=-1.5, dy=-18.9) still=6.24 target=(378.6, 241.7)
2025-12-07 18:29:29 [WARNING] pet_follower - Movement blocked by safety check
2025-12-07 18:29:29 [INFO] pet_follower - Smart snapshot movement=20.33 (dx=-0.9, dy=20.3) still=6.60 target=(377.7, 262.0)
2025-12-07 18:29:29 [WARNING] pet_follower - Obstacle 8.9 cm ahead - backing up
2025-12-07 18:29:29 [WARNING] pet_follower - Movement blocked by safety check
2025-12-07 18:29:30 [INFO] pet_follower - Smart snapshot movement=23.12 (dx=15.6, dy=-17.0) still=7.20 target=(393.3, 244.9)
2025-12-07 18:29:30 [WARNING] pet_follower - Movement blocked by safety check
2025-12-07 18:29:30 [WARNING] pet_follower - Movement blocked by safety check
2025-12-07 18:29:31 [WARNING] pet_follower - Movement blocked by safety check
2025-12-07 18:29:31 [WARNING] pet_follower - Movement blocked by safety check
2025-12-07 18:29:31 [WARNING] pet_follower - Movement blocked by safety check
2025-12-07 18:29:32 [WARNING] pet_follower - Movement blocked by safety check
2025-12-07 18:29:32 [WARNING] pet_follower - Movement blocked by safety check
2025-12-07 18:29:33 [WARNING] pet_follower - Movement blocked by safety check
2025-12-07 18:29:33 [INFO] pet_follower - Ultrasonic distance 30.6 cm <= interaction threshold 40.0 cm
2025-12-07 18:29:33 [INFO] pet_follower - Starting celebration: _celebration_bounce
2025-12-07 18:29:33 [WARNING] pet_follower - Celebration sound missing: /home/pi/cl4750/test/picar-x/sounds/dog_sound.wav
2025-12-07 18:29:33 [INFO] pet_follower - Target acquired; following
2025-12-07 18:29:33 [WARNING] pet_follower - Movement blocked by safety check
2025-12-07 18:29:34 [WARNING] pet_follower - Movement blocked by safety check
2025-12-07 18:29:34 [WARNING] pet_follower - Movement blocked by safety check
2025-12-07 18:29:34 [WARNING] pet_follower - Movement blocked by safety check
2025-12-07 18:29:35 [WARNING] pet_follower - Movement blocked by safety check
2025-12-07 18:29:35 [WARNING] pet_follower - Movement blocked by safety check
2025-12-07 18:29:36 [WARNING] pet_follower - Movement blocked by safety check
2025-12-07 18:29:36 [WARNING] pet_follower - Movement blocked by safety check
2025-12-07 18:29:37 [WARNING] pet_follower - Movement blocked by safety check
2025-12-07 18:29:37 [WARNING] pet_follower - Movement blocked by safety check
2025-12-07 18:29:37 [WARNING] pet_follower - Movement blocked by safety check
2025-12-07 18:29:38 [WARNING] pet_follower - Movement blocked by safety check
2025-12-07 18:29:38 [WARNING] pet_follower - Movement blocked by safety check
2025-12-07 18:29:39 [INFO] pet_follower - Smart snapshot movement=72.60 (dx=-21.6, dy=69.3) still=0.38 target=(471.0, 210.5)
2025-12-07 18:29:39 [WARNING] pet_follower - Movement blocked by safety check
2025-12-07 18:29:39 [INFO] pet_follower - Smart snapshot movement=22.25 (dx=16.4, dy=-15.0) still=0.38 target=(487.4, 195.5)
2025-12-07 18:29:39 [WARNING] pet_follower - Movement blocked by safety check
2025-12-07 18:29:39 [INFO] pet_follower - Smart snapshot movement=59.12 (dx=3.5, dy=-59.0) still=0.76 target=(490.9, 136.4)
2025-12-07 18:29:39 [WARNING] pet_follower - Movement blocked by safety check
2025-12-07 18:29:40 [INFO] pet_follower - Smart snapshot movement=59.11 (dx=-13.4, dy=57.6) still=0.38 target=(477.5, 194.0)
2025-12-07 18:29:40 [WARNING] pet_follower - Movement blocked by safety check
2025-12-07 18:29:40 [INFO] pet_follower - Smart snapshot movement=45.82 (dx=-44.8, dy=9.5) still=0.41 target=(432.7, 203.5)
2025-12-07 18:29:40 [WARNING] pet_follower - Movement blocked by safety check
2025-12-07 18:29:41 [INFO] pet_follower - Smart snapshot movement=55.15 (dx=-53.7, dy=12.4) still=0.39 target=(378.9, 215.9)
2025-12-07 18:29:41 [WARNING] pet_follower - Movement blocked by safety check
2025-12-07 18:29:41 [INFO] pet_follower - Smart snapshot movement=36.16 (dx=-19.1, dy=30.7) still=0.37 target=(359.8, 246.6)
2025-12-07 18:29:41 [WARNING] pet_follower - Movement blocked by safety check
2025-12-07 18:29:41 [INFO] pet_follower - Smart snapshot movement=12.10 (dx=-8.9, dy=8.2) still=0.38 target=(350.9, 254.8)
2025-12-07 18:29:41 [WARNING] pet_follower - Movement blocked by safety check
2025-12-07 18:29:42 [INFO] pet_follower - Smart snapshot movement=1.70 (dx=-1.4, dy=-0.9) still=0.75 target=(349.5, 253.9)
2025-12-07 18:29:42 [WARNING] pet_follower - Movement blocked by safety check
2025-12-07 18:29:42 [INFO] pet_follower - Smart snapshot movement=14.87 (dx=12.4, dy=-8.3) still=1.12 target=(361.9, 245.6)
2025-12-07 18:29:42 [WARNING] pet_follower - Movement blocked by safety check
2025-12-07 18:29:42 [INFO] pet_follower - Smart snapshot movement=33.02 (dx=-27.7, dy=-17.9) still=1.50 target=(334.2, 227.7)
2025-12-07 18:29:42 [WARNING] pet_follower - Movement blocked by safety check
2025-12-07 18:29:43 [INFO] pet_follower - Smart snapshot movement=17.43 (dx=16.5, dy=-5.6) still=0.37 target=(350.7, 222.1)
2025-12-07 18:29:43 [WARNING] pet_follower - Movement blocked by safety check
2025-12-07 18:29:43 [INFO] pet_follower - Smart snapshot movement=18.32 (dx=17.6, dy=5.0) still=0.75 target=(368.3, 227.1)
2025-12-07 18:29:43 [WARNING] pet_follower - Movement blocked by safety check
2025-12-07 18:29:44 [INFO] pet_follower - Smart snapshot movement=90.59 (dx=90.6, dy=0.8) still=1.12 target=(458.9, 227.8)
2025-12-07 18:29:44 [WARNING] pet_follower - Movement blocked by safety check
2025-12-07 18:29:44 [INFO] pet_follower - Smart snapshot movement=34.00 (dx=-33.3, dy=-6.8) still=0.39 target=(425.6, 221.0)
2025-12-07 18:29:44 [WARNING] pet_follower - Movement blocked by safety check
2025-12-07 18:29:44 [INFO] pet_follower - Smart snapshot movement=26.10 (dx=-9.2, dy=24.4) still=0.41 target=(416.5, 245.4)
2025-12-07 18:29:44 [WARNING] pet_follower - Movement blocked by safety check
2025-12-07 18:29:45 [INFO] pet_follower - Smart snapshot movement=18.36 (dx=10.5, dy=15.1) still=0.80 target=(426.9, 260.5)
2025-12-07 18:29:45 [WARNING] pet_follower - Movement blocked by safety check
2025-12-07 18:29:45 [INFO] pet_follower - Smart snapshot movement=14.00 (dx=5.2, dy=13.0) still=1.18 target=(432.1, 273.5)
2025-12-07 18:29:45 [WARNING] pet_follower - Movement blocked by safety check
2025-12-07 18:29:45 [INFO] pet_follower - Smart snapshot movement=0.47 (dx=0.4, dy=0.2) still=1.55 target=(432.6, 273.7)
2025-12-07 18:29:45 [WARNING] pet_follower - Movement blocked by safety check
2025-12-07 18:29:46 [INFO] pet_follower - Smart snapshot movement=2.90 (dx=-2.3, dy=-1.8) still=1.94 target=(430.3, 271.9)
2025-12-07 18:29:46 [WARNING] pet_follower - Movement blocked by safety check
2025-12-07 18:29:46 [INFO] pet_follower - Smart snapshot movement=0.45 (dx=0.1, dy=0.4) still=2.32 target=(430.4, 272.3)
2025-12-07 18:29:46 [WARNING] pet_follower - Movement blocked by safety check
2025-12-07 18:29:47 [INFO] pet_follower - Smart snapshot movement=0.84 (dx=-0.6, dy=0.6) still=2.72 target=(429.8, 272.9)
2025-12-07 18:29:47 [WARNING] pet_follower - Movement blocked by safety check
2025-12-07 18:29:47 [INFO] pet_follower - Smart snapshot movement=0.70 (dx=0.1, dy=-0.7) still=3.10 target=(430.0, 272.2)
2025-12-07 18:29:47 [WARNING] pet_follower - Movement blocked by safety check
2025-12-07 18:29:47 [INFO] pet_follower - Smart snapshot movement=0.12 (dx=0.1, dy=-0.1) still=3.48 target=(430.1, 272.1)
2025-12-07 18:29:47 [WARNING] pet_follower - Movement blocked by safety check
2025-12-07 18:29:48 [INFO] pet_follower - Smart snapshot movement=0.36 (dx=-0.2, dy=0.3) still=3.86 target=(429.9, 272.4)
2025-12-07 18:29:48 [WARNING] pet_follower - Movement blocked by safety check
2025-12-07 18:29:48 [INFO] pet_follower - Smart snapshot movement=0.50 (dx=0.3, dy=-0.4) still=4.24 target=(430.2, 272.0)
2025-12-07 18:29:48 [WARNING] pet_follower - Movement blocked by safety check
2025-12-07 18:29:49 [INFO] pet_follower - Smart snapshot movement=0.19 (dx=-0.2, dy=-0.1) still=4.63 target=(430.0, 271.9)
2025-12-07 18:29:49 [WARNING] pet_follower - Movement blocked by safety check
2025-12-07 18:29:49 [INFO] pet_follower - Smart snapshot movement=3.48 (dx=3.0, dy=1.7) still=5.01 target=(433.0, 273.7)
2025-12-07 18:29:49 [WARNING] pet_follower - Movement blocked by safety check
2025-12-07 18:29:49 [INFO] pet_follower - Smart snapshot movement=0.16 (dx=0.2, dy=0.0) still=5.42 target=(433.2, 273.7)
2025-12-07 18:29:49 [WARNING] pet_follower - Movement blocked by safety check
2025-12-07 18:29:50 [INFO] pet_follower - Smart snapshot movement=0.57 (dx=-0.5, dy=0.2) still=5.80 target=(432.7, 273.9)
2025-12-07 18:29:50 [WARNING] pet_follower - Movement blocked by safety check
2025-12-07 18:29:50 [INFO] pet_follower - Smart snapshot movement=3.78 (dx=-3.0, dy=-2.3) still=6.18 target=(429.7, 271.6)
2025-12-07 18:29:50 [WARNING] pet_follower - Movement blocked by safety check
2025-12-07 18:29:50 [INFO] pet_follower - Smart snapshot movement=4.04 (dx=3.3, dy=2.4) still=6.55 target=(433.0, 273.9)
2025-12-07 18:29:50 [WARNING] pet_follower - Movement blocked by safety check
2025-12-07 18:29:51 [INFO] pet_follower - Smart snapshot movement=3.92 (dx=-3.3, dy=-2.2) still=6.92 target=(429.7, 271.7)
2025-12-07 18:29:51 [WARNING] pet_follower - Movement blocked by safety check
2025-12-07 18:30:59 [INFO] pet_follower - Motion controller initialized
2025-12-07 18:30:59 [INFO] pet_follower - Interaction ready with 2 celebration behaviors
2025-12-07 18:30:59 [INFO] pet_follower - Loading YOLO model from yolov8n.pt
2025-12-07 18:30:59 [INFO] pet_follower - Camera manager starting up
2025-12-07 18:30:59 [INFO] pet_follower - Web API server started
2025-12-07 18:31:00 [INFO] pet_follower - Picamera2 started with resolution 640x480 format=RGB888
2025-12-07 18:31:13 [INFO] pet_follower - Pet follower loop starting
2025-12-07 18:31:13 [WARNING] pet_follower - Movement blocked by safety check
2025-12-07 18:31:14 [WARNING] pet_follower - Movement blocked by safety check
2025-12-07 18:31:14 [WARNING] pet_follower - Movement blocked by safety check
2025-12-07 18:31:14 [WARNING] pet_follower - Movement blocked by safety check
2025-12-07 18:31:15 [WARNING] pet_follower - Movement blocked by safety check
2025-12-07 18:31:15 [WARNING] pet_follower - Movement blocked by safety check
2025-12-07 18:31:16 [WARNING] pet_follower - Movement blocked by safety check
2025-12-07 18:31:16 [WARNING] pet_follower - Movement blocked by safety check
2025-12-07 18:31:16 [WARNING] pet_follower - Movement blocked by safety check
2025-12-07 18:31:17 [WARNING] pet_follower - Movement blocked by safety check
2025-12-07 18:31:17 [WARNING] pet_follower - Movement blocked by safety check
2025-12-07 18:31:18 [WARNING] pet_follower - Movement blocked by safety check
2025-12-07 18:31:18 [WARNING] pet_follower - Movement blocked by safety check
2025-12-07 18:31:18 [WARNING] pet_follower - Movement blocked by safety check
2025-12-07 18:31:19 [WARNING] pet_follower - Movement blocked by safety check
2025-12-07 18:31:19 [WARNING] pet_follower - Movement blocked by safety check
2025-12-07 18:31:19 [WARNING] pet_follower - Movement blocked by safety check
2025-12-07 18:31:20 [WARNING] pet_follower - Movement blocked by safety check
2025-12-07 18:31:20 [WARNING] pet_follower - Movement blocked by safety check
2025-12-07 18:31:21 [WARNING] pet_follower - Movement blocked by safety check
2025-12-07 18:31:21 [WARNING] pet_follower - Movement blocked by safety check
2025-12-07 18:31:21 [WARNING] pet_follower - Movement blocked by safety check
2025-12-07 18:31:22 [WARNING] pet_follower - Movement blocked by safety check
2025-12-07 18:31:22 [WARNING] pet_follower - Movement blocked by safety check
2025-12-07 18:31:23 [WARNING] pet_follower - Movement blocked by safety check
2025-12-07 18:31:23 [INFO] pet_follower - Search timeout exceeded - request chassis turn
2025-12-07 18:31:27 [INFO] pet_follower - Target acquired; following
2025-12-07 18:31:27 [INFO] pet_follower - Smart snapshot movement=140.16 (dx=136.5, dy=31.7) still=0.38 target=(529.1, 298.0)
2025-12-07 18:31:27 [INFO] pet_follower - Ultrasonic distance 36.8 cm <= interaction threshold 40.0 cm
2025-12-07 18:31:27 [INFO] pet_follower - Starting celebration: _celebration_bounce
2025-12-07 18:31:27 [WARNING] pet_follower - Celebration sound missing: /home/pi/cl4750/test/picar-x/sounds/dog_sound.wav
2025-12-07 18:31:27 [INFO] pet_follower - Smart snapshot movement=304.78 (dx=-303.7, dy=-25.6) still=0.37 target=(225.4, 272.4)
2025-12-07 18:31:28 [INFO] pet_follower - Smart snapshot movement=27.72 (dx=-24.1, dy=13.8) still=0.38 target=(201.4, 286.1)
2025-12-07 18:31:28 [WARNING] pet_follower - Obstacle 9.3 cm ahead - backing up
2025-12-07 18:31:28 [WARNING] pet_follower - Movement blocked by safety check
2025-12-07 18:31:28 [INFO] pet_follower - Smart snapshot movement=49.72 (dx=19.0, dy=-46.0) still=0.94 target=(220.4, 240.2)
2025-12-07 18:31:28 [WARNING] pet_follower - Obstacle 10.0 cm ahead - backing up
2025-12-07 18:31:29 [WARNING] pet_follower - Movement blocked by safety check
2025-12-07 18:31:29 [INFO] pet_follower - Smart snapshot movement=62.28 (dx=50.6, dy=36.3) still=0.57 target=(271.0, 276.5)
2025-12-07 18:31:29 [WARNING] pet_follower - Movement blocked by safety check
2025-12-07 18:31:29 [INFO] pet_follower - Smart snapshot movement=71.25 (dx=-70.9, dy=7.4) still=0.39 target=(200.1, 283.9)
2025-12-07 18:31:29 [INFO] pet_follower - Target acquired; following
2025-12-07 18:31:30 [INFO] pet_follower - Smart snapshot movement=0.44 (dx=0.1, dy=-0.4) still=0.40 target=(200.2, 283.5)
2025-12-07 18:31:30 [WARNING] pet_follower - Obstacle 6.3 cm ahead - backing up
2025-12-07 18:31:30 [WARNING] pet_follower - Movement blocked by safety check
2025-12-07 18:31:30 [INFO] pet_follower - Smart snapshot movement=117.79 (dx=108.9, dy=-44.8) still=0.98 target=(309.2, 238.7)
2025-12-07 18:31:30 [WARNING] pet_follower - Obstacle 9.0 cm ahead - backing up
2025-12-07 18:31:31 [WARNING] pet_follower - Movement blocked by safety check
2025-12-07 18:31:31 [INFO] pet_follower - Smart snapshot movement=83.75 (dx=-83.0, dy=11.2) still=0.57 target=(226.2, 249.9)
2025-12-07 18:31:31 [WARNING] pet_follower - Movement blocked by safety check
2025-12-07 18:31:31 [INFO] pet_follower - Smart snapshot movement=17.36 (dx=-8.6, dy=15.1) still=0.38 target=(217.6, 265.0)
2025-12-07 18:31:31 [WARNING] pet_follower - Movement blocked by safety check
2025-12-07 18:31:32 [INFO] pet_follower - Smart snapshot movement=0.61 (dx=-0.5, dy=-0.4) still=0.78 target=(217.1, 264.7)
2025-12-07 18:31:32 [WARNING] pet_follower - Movement blocked by safety check
2025-12-07 18:31:32 [INFO] pet_follower - Smart snapshot movement=0.07 (dx=0.1, dy=-0.0) still=1.15 target=(217.1, 264.6)
2025-12-07 18:31:32 [WARNING] pet_follower - Movement blocked by safety check
2025-12-07 18:31:32 [INFO] pet_follower - Smart snapshot movement=0.26 (dx=-0.3, dy=-0.0) still=1.54 target=(216.9, 264.6)
2025-12-07 18:31:32 [WARNING] pet_follower - Movement blocked by safety check
2025-12-07 18:31:33 [INFO] pet_follower - Smart snapshot movement=0.42 (dx=0.3, dy=0.3) still=1.93 target=(217.2, 264.9)
2025-12-07 18:31:33 [WARNING] pet_follower - Movement blocked by safety check
2025-12-07 18:31:33 [INFO] pet_follower - Smart snapshot movement=0.35 (dx=-0.2, dy=-0.3) still=2.29 target=(217.0, 264.6)
2025-12-07 18:31:33 [WARNING] pet_follower - Movement blocked by safety check
2025-12-07 18:31:34 [INFO] pet_follower - Smart snapshot movement=0.31 (dx=-0.1, dy=0.3) still=2.68 target=(216.8, 264.9)
2025-12-07 18:31:34 [WARNING] pet_follower - Movement blocked by safety check
2025-12-07 18:31:34 [INFO] pet_follower - Smart snapshot movement=0.12 (dx=0.0, dy=0.1) still=3.06 target=(216.8, 265.0)
2025-12-07 18:31:34 [WARNING] pet_follower - Movement blocked by safety check
2025-12-07 18:31:34 [INFO] pet_follower - Smart snapshot movement=0.10 (dx=-0.1, dy=-0.0) still=3.45 target=(216.7, 265.0)
2025-12-07 18:31:34 [WARNING] pet_follower - Movement blocked by safety check
2025-12-07 18:31:35 [INFO] pet_follower - Smart snapshot movement=0.28 (dx=0.2, dy=-0.2) still=3.83 target=(216.9, 264.8)
2025-12-07 18:31:35 [WARNING] pet_follower - Movement blocked by safety check
2025-12-07 18:31:35 [INFO] pet_follower - Smart snapshot movement=0.34 (dx=-0.2, dy=0.3) still=4.20 target=(216.7, 265.0)
2025-12-07 18:31:35 [WARNING] pet_follower - Movement blocked by safety check
2025-12-07 18:31:36 [INFO] pet_follower - Smart snapshot movement=0.30 (dx=0.1, dy=-0.3) still=4.59 target=(216.8, 264.8)
2025-12-07 18:31:36 [WARNING] pet_follower - Movement blocked by safety check
2025-12-07 18:31:36 [INFO] pet_follower - Smart snapshot movement=0.23 (dx=0.0, dy=0.2) still=4.96 target=(216.8, 265.0)
2025-12-07 18:31:36 [WARNING] pet_follower - Movement blocked by safety check
2025-12-07 18:31:36 [INFO] pet_follower - Smart snapshot movement=0.38 (dx=0.2, dy=-0.3) still=5.34 target=(217.0, 264.7)
2025-12-07 18:31:36 [WARNING] pet_follower - Movement blocked by safety check
2025-12-07 18:31:37 [INFO] pet_follower - Smart snapshot movement=0.19 (dx=-0.0, dy=0.2) still=5.73 target=(216.9, 264.8)
2025-12-07 18:31:37 [WARNING] pet_follower - Movement blocked by safety check
2025-12-07 18:31:37 [INFO] pet_follower - Smart snapshot movement=0.05 (dx=-0.0, dy=-0.0) still=6.10 target=(216.9, 264.8)
2025-12-07 18:31:37 [WARNING] pet_follower - Movement blocked by safety check
2025-12-07 18:31:37 [INFO] pet_follower - Smart snapshot movement=0.12 (dx=0.0, dy=-0.1) still=6.48 target=(216.9, 264.7)
2025-12-07 18:31:37 [WARNING] pet_follower - Movement blocked by safety check
2025-12-07 18:31:38 [INFO] pet_follower - Smart snapshot movement=0.12 (dx=-0.0, dy=0.1) still=6.86 target=(216.9, 264.8)
2025-12-07 18:31:38 [WARNING] pet_follower - Movement blocked by safety check
2025-12-07 18:31:38 [INFO] pet_follower - Smart snapshot movement=0.05 (dx=0.0, dy=-0.0) still=7.23 target=(217.0, 264.8)
2025-12-07 18:31:38 [WARNING] pet_follower - Movement blocked by safety check
2025-12-07 18:31:39 [INFO] pet_follower - Smart snapshot movement=0.11 (dx=-0.1, dy=-0.0) still=7.60 target=(216.9, 264.8)
2025-12-07 18:31:39 [WARNING] pet_follower - Movement blocked by safety check
2025-12-07 18:31:39 [INFO] pet_follower - Smart snapshot movement=0.11 (dx=0.1, dy=-0.1) still=7.98 target=(217.0, 264.7)
2025-12-07 18:31:39 [WARNING] pet_follower - Movement blocked by safety check
2025-12-07 18:31:39 [INFO] pet_follower - Smart snapshot movement=0.23 (dx=0.0, dy=0.2) still=8.37 target=(217.0, 264.9)
2025-12-07 18:31:39 [WARNING] pet_follower - Movement blocked by safety check
2025-12-07 18:31:40 [INFO] pet_follower - Smart snapshot movement=0.09 (dx=-0.1, dy=-0.0) still=8.76 target=(216.9, 264.9)
2025-12-07 18:31:40 [WARNING] pet_follower - Movement blocked by safety check
2025-12-07 18:31:40 [INFO] pet_follower - Smart snapshot movement=0.06 (dx=-0.0, dy=0.0) still=9.14 target=(216.9, 264.9)
2025-12-07 18:31:40 [WARNING] pet_follower - Movement blocked by safety check
2025-12-07 18:31:40 [INFO] pet_follower - Smart snapshot movement=0.07 (dx=0.0, dy=-0.0) still=9.54 target=(216.9, 264.9)
2025-12-07 18:31:40 [WARNING] pet_follower - Movement blocked by safety check
2025-12-07 18:31:41 [INFO] pet_follower - Smart snapshot movement=0.10 (dx=0.1, dy=-0.1) still=9.91 target=(217.0, 264.8)
2025-12-07 18:31:41 [WARNING] pet_follower - Movement blocked by safety check
2025-12-07 18:31:41 [INFO] pet_follower - Smart snapshot movement=0.11 (dx=-0.1, dy=-0.1) still=10.27 target=(216.9, 264.8)
2025-12-07 18:31:44 [INFO] pet_follower - Smart snapshot uploaded - pet resting
2025-12-07 18:31:44 [WARNING] pet_follower - Movement blocked by safety check
2025-12-07 18:31:44 [INFO] pet_follower - Smart snapshot movement=0.36 (dx=0.0, dy=0.4) still=2.87 target=(217.0, 265.1)
2025-12-07 18:31:44 [WARNING] pet_follower - Movement blocked by safety check
2025-12-07 18:31:44 [INFO] pet_follower - Smart snapshot movement=0.16 (dx=-0.1, dy=-0.1) still=3.26 target=(216.9, 265.0)
2025-12-07 18:31:44 [WARNING] pet_follower - Movement blocked by safety check
2025-12-07 18:31:45 [INFO] pet_follower - Smart snapshot movement=0.12 (dx=-0.0, dy=0.1) still=3.63 target=(216.8, 265.1)
2025-12-07 18:31:45 [WARNING] pet_follower - Movement blocked by safety check
2025-12-07 18:31:45 [INFO] pet_follower - Smart snapshot movement=0.07 (dx=-0.0, dy=0.1) still=4.00 target=(216.8, 265.2)
2025-12-07 18:31:45 [WARNING] pet_follower - Movement blocked by safety check
2025-12-07 18:31:46 [INFO] pet_follower - Smart snapshot movement=0.32 (dx=0.1, dy=-0.3) still=4.39 target=(216.9, 264.9)
2025-12-07 18:31:46 [WARNING] pet_follower - Movement blocked by safety check
2025-12-07 18:31:46 [INFO] pet_follower - Smart snapshot movement=0.08 (dx=0.0, dy=-0.1) still=4.78 target=(217.0, 264.8)
2025-12-07 18:31:46 [WARNING] pet_follower - Movement blocked by safety check
2025-12-07 18:31:46 [INFO] pet_follower - Smart snapshot movement=0.14 (dx=-0.1, dy=0.1) still=5.14 target=(216.9, 264.9)
2025-12-07 18:31:46 [WARNING] pet_follower - Movement blocked by safety check
2025-12-07 18:31:47 [INFO] pet_follower - Smart snapshot movement=0.05 (dx=-0.0, dy=-0.0) still=5.55 target=(216.9, 264.9)
2025-12-07 18:31:47 [WARNING] pet_follower - Movement blocked by safety check
2025-12-07 18:31:47 [INFO] pet_follower - Smart snapshot movement=0.27 (dx=0.0, dy=0.3) still=5.93 target=(216.9, 265.2)
2025-12-07 18:31:47 [WARNING] pet_follower - Movement blocked by safety check
2025-12-07 18:31:48 [INFO] pet_follower - Smart snapshot movement=0.08 (dx=0.0, dy=-0.1) still=6.30 target=(216.9, 265.1)
2025-12-07 18:31:48 [WARNING] pet_follower - Movement blocked by safety check
2025-12-07 18:31:48 [INFO] pet_follower - Smart snapshot movement=0.28 (dx=-0.0, dy=-0.3) still=6.71 target=(216.9, 264.8)
2025-12-07 18:31:48 [WARNING] pet_follower - Movement blocked by safety check
2025-12-07 18:31:48 [INFO] pet_follower - Smart snapshot movement=0.18 (dx=0.0, dy=-0.2) still=7.10 target=(216.9, 264.7)
2025-12-07 18:31:48 [WARNING] pet_follower - Movement blocked by safety check
2025-12-07 18:31:49 [INFO] pet_follower - Smart snapshot movement=0.15 (dx=-0.1, dy=0.1) still=7.47 target=(216.8, 264.7)
2025-12-07 18:31:49 [WARNING] pet_follower - Movement blocked by safety check
2025-12-07 18:31:49 [INFO] pet_follower - Smart snapshot movement=0.04 (dx=0.0, dy=-0.0) still=7.84 target=(216.8, 264.7)
2025-12-07 18:31:49 [WARNING] pet_follower - Movement blocked by safety check
2025-12-07 18:31:49 [INFO] pet_follower - Smart snapshot movement=0.17 (dx=-0.0, dy=-0.2) still=8.20 target=(216.7, 264.5)
2025-12-07 18:31:49 [WARNING] pet_follower - Movement blocked by safety check
2025-12-07 18:31:50 [INFO] pet_follower - Smart snapshot movement=0.42 (dx=0.0, dy=-0.4) still=8.58 target=(216.8, 264.1)
2025-12-07 18:31:50 [WARNING] pet_follower - Movement blocked by safety check
2025-12-07 18:31:50 [INFO] pet_follower - Smart snapshot movement=0.35 (dx=0.3, dy=0.2) still=8.96 target=(217.1, 264.3)
2025-12-07 18:31:50 [WARNING] pet_follower - Movement blocked by safety check
2025-12-07 18:31:51 [INFO] pet_follower - Smart snapshot movement=0.24 (dx=-0.2, dy=0.1) still=9.35 target=(216.9, 264.4)
2025-12-07 18:31:51 [WARNING] pet_follower - Movement blocked by safety check
2025-12-07 18:31:51 [INFO] pet_follower - Smart snapshot movement=0.16 (dx=-0.0, dy=-0.2) still=9.74 target=(216.9, 264.3)
2025-12-07 18:31:51 [WARNING] pet_follower - Movement blocked by safety check
2025-12-07 18:31:51 [INFO] pet_follower - Smart snapshot movement=0.19 (dx=0.1, dy=0.2) still=10.12 target=(216.9, 264.4)
2025-12-07 18:31:51 [WARNING] pet_follower - Movement blocked by safety check
2025-12-07 18:31:52 [INFO] pet_follower - Smart snapshot movement=0.79 (dx=0.4, dy=-0.7) still=10.51 target=(217.4, 263.8)
2025-12-07 18:31:52 [WARNING] pet_follower - Movement blocked by safety check
2025-12-07 18:31:52 [WARNING] pet_follower - Movement blocked by safety check
2025-12-07 18:31:52 [WARNING] pet_follower - Obstacle 8.7 cm ahead - backing up
2025-12-07 18:31:53 [WARNING] pet_follower - Movement blocked by safety check
2025-12-07 18:31:53 [INFO] pet_follower - Smart snapshot movement=151.87 (dx=-151.9, dy=-0.3) still=0.58 target=(188.4, 239.1)
2025-12-07 18:31:53 [WARNING] pet_follower - Movement blocked by safety check
2025-12-07 18:31:53 [INFO] pet_follower - Smart snapshot movement=6.04 (dx=-1.4, dy=5.9) still=0.40 target=(186.9, 245.0)
2025-12-07 18:31:53 [WARNING] pet_follower - Movement blocked by safety check
2025-12-07 18:31:54 [INFO] pet_follower - Smart snapshot movement=49.38 (dx=-49.4, dy=-0.5) still=0.83 target=(137.5, 244.5)
2025-12-07 18:31:54 [WARNING] pet_follower - Movement blocked by safety check
2025-12-07 18:31:54 [INFO] pet_follower - Smart snapshot movement=10.27 (dx=10.2, dy=0.8) still=0.39 target=(147.8, 245.3)
2025-12-07 18:31:54 [WARNING] pet_follower - Movement blocked by safety check
2025-12-07 18:31:55 [INFO] pet_follower - Smart snapshot movement=19.11 (dx=-19.1, dy=-0.5) still=0.75 target=(128.7, 244.8)
2025-12-07 18:31:55 [WARNING] pet_follower - Movement blocked by safety check
2025-12-07 18:31:55 [INFO] pet_follower - Smart snapshot movement=14.09 (dx=-3.1, dy=-13.7) still=1.12 target=(125.6, 231.1)
2025-12-07 18:31:55 [WARNING] pet_follower - Movement blocked by safety check
2025-12-07 18:31:55 [INFO] pet_follower - Smart snapshot movement=0.67 (dx=0.6, dy=0.2) still=1.50 target=(126.2, 231.3)
2025-12-07 18:31:55 [WARNING] pet_follower - Movement blocked by safety check
2025-12-07 18:31:56 [INFO] pet_follower - Smart snapshot movement=21.13 (dx=-21.1, dy=-0.4) still=1.87 target=(105.1, 230.9)
2025-12-07 18:31:56 [WARNING] pet_follower - Movement blocked by safety check
2025-12-07 18:31:56 [INFO] pet_follower - Smart snapshot movement=10.11 (dx=-10.1, dy=0.2) still=2.24 target=(95.0, 231.1)
2025-12-07 18:31:56 [WARNING] pet_follower - Movement blocked by safety check
2025-12-07 18:31:57 [INFO] pet_follower - Smart snapshot movement=108.09 (dx=107.6, dy=10.3) still=2.62 target=(202.6, 241.4)
2025-12-07 18:31:57 [WARNING] pet_follower - Movement blocked by safety check
2025-12-07 18:31:57 [INFO] pet_follower - Smart snapshot movement=19.41 (dx=17.3, dy=-8.8) still=0.39 target=(219.9, 232.5)
2025-12-07 18:31:57 [WARNING] pet_follower - Movement blocked by safety check
2025-12-07 18:31:57 [INFO] pet_follower - Smart snapshot movement=4.50 (dx=1.8, dy=4.1) still=0.79 target=(221.7, 236.6)
2025-12-07 18:31:57 [WARNING] pet_follower - Movement blocked by safety check
2025-12-07 18:31:58 [INFO] pet_follower - Smart snapshot movement=23.94 (dx=-23.8, dy=-2.7) still=1.18 target=(197.9, 233.9)
2025-12-07 18:31:58 [INFO] pet_follower - Ultrasonic distance 20.2 cm <= interaction threshold 40.0 cm
2025-12-07 18:31:58 [INFO] pet_follower - Starting celebration: _celebration_spin
2025-12-07 18:31:58 [WARNING] pet_follower - Celebration sound missing: /home/pi/cl4750/test/picar-x/sounds/dog_sound.wav
2025-12-07 18:31:58 [INFO] pet_follower - Target acquired; following
2025-12-07 18:31:58 [INFO] pet_follower - Smart snapshot movement=69.92 (dx=-64.9, dy=-25.9) still=1.55 target=(132.9, 208.0)
2025-12-07 18:31:58 [WARNING] pet_follower - Movement blocked by safety check
2025-12-07 18:31:58 [INFO] pet_follower - Smart snapshot movement=8.74 (dx=-1.8, dy=8.5) still=0.39 target=(131.1, 216.6)
2025-12-07 18:31:58 [WARNING] pet_follower - Movement blocked by safety check
2025-12-07 18:31:59 [INFO] pet_follower - Smart snapshot movement=21.53 (dx=15.4, dy=15.1) still=0.78 target=(146.5, 231.6)
2025-12-07 18:31:59 [WARNING] pet_follower - Movement blocked by safety check
2025-12-07 18:31:59 [INFO] pet_follower - Smart snapshot movement=46.59 (dx=39.7, dy=24.4) still=1.17 target=(186.2, 256.0)
2025-12-07 18:31:59 [WARNING] pet_follower - Movement blocked by safety check
2025-12-07 18:32:00 [INFO] pet_follower - Smart snapshot movement=11.69 (dx=-11.4, dy=2.5) still=0.39 target=(174.8, 258.5)
2025-12-07 18:32:00 [WARNING] pet_follower - Movement blocked by safety check
2025-12-07 18:32:00 [INFO] pet_follower - Smart snapshot movement=70.25 (dx=69.5, dy=-10.1) still=0.78 target=(244.3, 248.4)
2025-12-07 18:32:00 [WARNING] pet_follower - Movement blocked by safety check
2025-12-07 18:32:00 [INFO] pet_follower - Smart snapshot movement=12.73 (dx=11.7, dy=5.1) still=0.38 target=(256.0, 253.6)
2025-12-07 18:32:00 [WARNING] pet_follower - Movement blocked by safety check
2025-12-07 18:32:01 [INFO] pet_follower - Smart snapshot movement=1.14 (dx=1.1, dy=-0.3) still=0.76 target=(257.1, 253.3)
2025-12-07 18:32:01 [WARNING] pet_follower - Movement blocked by safety check
2025-12-07 18:32:01 [INFO] pet_follower - Smart snapshot movement=1.99 (dx=-0.4, dy=1.9) still=1.12 target=(256.6, 255.2)
2025-12-07 18:32:01 [WARNING] pet_follower - Movement blocked by safety check
2025-12-07 18:32:02 [INFO] pet_follower - Smart snapshot movement=2.69 (dx=0.7, dy=-2.6) still=1.51 target=(257.3, 252.6)
2025-12-07 18:32:02 [WARNING] pet_follower - Movement blocked by safety check
2025-12-07 18:32:02 [INFO] pet_follower - Smart snapshot movement=129.19 (dx=129.1, dy=5.4) still=1.90 target=(386.4, 258.0)
2025-12-07 18:32:02 [WARNING] pet_follower - Movement blocked by safety check
2025-12-07 18:32:02 [INFO] pet_follower - Smart snapshot movement=11.38 (dx=6.3, dy=-9.5) still=0.37 target=(392.7, 248.5)
2025-12-07 18:32:02 [WARNING] pet_follower - Movement blocked by safety check
2025-12-07 18:32:03 [INFO] pet_follower - Smart snapshot movement=130.56 (dx=-130.6, dy=1.2) still=0.76 target=(262.1, 249.7)
2025-12-07 18:32:03 [WARNING] pet_follower - Movement blocked by safety check
2025-12-07 18:32:03 [INFO] pet_follower - Smart snapshot movement=1.65 (dx=1.2, dy=-1.1) still=0.38 target=(263.4, 248.6)
2025-12-07 18:32:03 [WARNING] pet_follower - Movement blocked by safety check
2025-12-07 18:32:03 [INFO] pet_follower - Smart snapshot movement=1.46 (dx=1.4, dy=0.4) still=0.77 target=(264.8, 249.0)
2025-12-07 18:32:03 [WARNING] pet_follower - Movement blocked by safety check
2025-12-07 18:32:04 [INFO] pet_follower - Smart snapshot movement=0.63 (dx=-0.3, dy=0.5) still=1.16 target=(264.4, 249.5)
2025-12-07 18:32:04 [WARNING] pet_follower - Movement blocked by safety check
2025-12-07 18:32:04 [INFO] pet_follower - Smart snapshot movement=2.25 (dx=-1.6, dy=1.6) still=1.53 target=(262.9, 251.1)
2025-12-07 18:32:04 [WARNING] pet_follower - Movement blocked by safety check
2025-12-07 18:32:05 [INFO] pet_follower - Smart snapshot movement=1.89 (dx=0.4, dy=-1.8) still=1.92 target=(263.3, 249.3)
2025-12-07 18:32:05 [WARNING] pet_follower - Movement blocked by safety check
2025-12-07 18:32:05 [INFO] pet_follower - Smart snapshot movement=1.35 (dx=-0.1, dy=1.3) still=2.31 target=(263.1, 250.6)
2025-12-07 18:32:05 [WARNING] pet_follower - Movement blocked by safety check
2025-12-07 18:32:05 [INFO] pet_follower - Smart snapshot movement=0.42 (dx=0.4, dy=0.1) still=2.70 target=(263.6, 250.7)
2025-12-07 18:32:05 [WARNING] pet_follower - Movement blocked by safety check
2025-12-07 18:32:06 [INFO] pet_follower - Smart snapshot movement=0.32 (dx=0.3, dy=0.1) still=3.08 target=(263.9, 250.8)
2025-12-07 18:32:06 [WARNING] pet_follower - Movement blocked by safety check
2025-12-07 18:32:06 [INFO] pet_follower - Smart snapshot movement=0.59 (dx=-0.4, dy=-0.4) still=3.45 target=(263.5, 250.4)
2025-12-07 18:32:06 [WARNING] pet_follower - Movement blocked by safety check
2025-12-07 18:32:07 [INFO] pet_follower - Smart snapshot movement=4.55 (dx=-4.5, dy=0.6) still=3.84 target=(258.9, 250.9)
2025-12-07 18:32:07 [WARNING] pet_follower - Movement blocked by safety check
2025-12-07 18:32:07 [INFO] pet_follower - Smart snapshot movement=1.48 (dx=-1.4, dy=0.5) still=4.22 target=(257.5, 251.4)
2025-12-07 18:32:07 [WARNING] pet_follower - Movement blocked by safety check
2025-12-07 18:32:07 [INFO] pet_follower - Smart snapshot movement=131.42 (dx=131.3, dy=4.4) still=4.61 target=(388.9, 255.8)
2025-12-07 18:32:07 [WARNING] pet_follower - Movement blocked by safety check
2025-12-07 18:32:08 [INFO] pet_follower - Smart snapshot movement=133.00 (dx=-133.0, dy=-1.8) still=0.38 target=(255.9, 254.1)
2025-12-07 18:32:08 [WARNING] pet_follower - Movement blocked by safety check
2025-12-07 18:32:08 [INFO] pet_follower - Smart snapshot movement=38.39 (dx=-37.3, dy=-8.9) still=0.39 target=(218.5, 245.2)
2025-12-07 18:32:08 [WARNING] pet_follower - Movement blocked by safety check
2025-12-07 18:32:08 [INFO] pet_follower - Smart snapshot movement=13.10 (dx=-12.5, dy=4.0) still=0.38 target=(206.1, 249.1)
2025-12-07 18:32:08 [WARNING] pet_follower - Movement blocked by safety check
2025-12-07 18:32:09 [INFO] pet_follower - Smart snapshot movement=18.99 (dx=-17.6, dy=7.2) still=0.75 target=(188.5, 256.3)
2025-12-07 18:32:09 [WARNING] pet_follower - Movement blocked by safety check
2025-12-07 18:32:09 [INFO] pet_follower - Smart snapshot movement=18.11 (dx=-4.9, dy=17.4) still=1.12 target=(183.5, 273.7)
2025-12-07 18:32:09 [INFO] pet_follower - Target acquired; following
2025-12-07 18:32:10 [INFO] pet_follower - Smart snapshot movement=4.91 (dx=-1.0, dy=4.8) still=1.49 target=(182.6, 278.6)
2025-12-07 18:32:10 [WARNING] pet_follower - Obstacle 8.6 cm ahead - backing up
2025-12-07 18:32:10 [WARNING] pet_follower - Movement blocked by safety check
2025-12-07 18:32:10 [INFO] pet_follower - Smart snapshot movement=62.76 (dx=49.5, dy=-38.5) still=2.10 target=(232.1, 240.0)
2025-12-07 18:32:10 [WARNING] pet_follower - Movement blocked by safety check
2025-12-07 18:32:11 [INFO] pet_follower - Smart snapshot movement=16.49 (dx=-16.5, dy=0.7) still=0.37 target=(215.6, 240.8)
2025-12-07 18:32:11 [WARNING] pet_follower - Movement blocked by safety check
2025-12-07 18:32:11 [INFO] pet_follower - Smart snapshot movement=0.86 (dx=-0.9, dy=0.1) still=0.78 target=(214.8, 240.9)
2025-12-07 18:32:11 [WARNING] pet_follower - Movement blocked by safety check
2025-12-07 18:32:11 [INFO] pet_follower - Smart snapshot movement=0.95 (dx=-0.9, dy=0.4) still=1.18 target=(213.9, 241.2)
2025-12-07 18:32:11 [WARNING] pet_follower - Obstacle 10.0 cm ahead - backing up
2025-12-07 18:32:12 [WARNING] pet_follower - Movement blocked by safety check
2025-12-07 18:32:12 [INFO] pet_follower - Smart snapshot movement=25.55 (dx=15.6, dy=20.2) still=1.77 target=(229.6, 261.4)
2025-12-07 18:32:12 [INFO] pet_follower - Target acquired; following
2025-12-07 18:32:12 [INFO] pet_follower - Smart snapshot movement=37.33 (dx=-35.9, dy=10.2) still=2.14 target=(193.6, 271.6)
2025-12-07 18:32:12 [WARNING] pet_follower - Obstacle 6.0 cm ahead - backing up
2025-12-07 18:32:13 [WARNING] pet_follower - Movement blocked by safety check
2025-12-07 18:32:13 [WARNING] pet_follower - Obstacle 4.2 cm ahead - backing up
2025-12-07 18:32:13 [WARNING] pet_follower - Movement blocked by safety check
2025-12-07 18:32:13 [WARNING] pet_follower - Movement blocked by safety check
2025-12-07 18:32:14 [INFO] pet_follower - Smart snapshot movement=2.47 (dx=2.4, dy=0.5) still=0.37 target=(214.2, 240.5)
2025-12-07 18:32:14 [WARNING] pet_follower - Movement blocked by safety check
2025-12-07 18:32:14 [INFO] pet_follower - Smart snapshot movement=0.51 (dx=0.5, dy=0.0) still=0.76 target=(214.7, 240.6)
2025-12-07 18:32:14 [WARNING] pet_follower - Movement blocked by safety check
2025-12-07 18:32:15 [INFO] pet_follower - Smart snapshot movement=1.11 (dx=1.1, dy=-0.0) still=1.14 target=(215.8, 240.5)
2025-12-07 18:32:15 [WARNING] pet_follower - Movement blocked by safety check
2025-12-07 18:32:15 [INFO] pet_follower - Smart snapshot movement=0.10 (dx=-0.1, dy=-0.0) still=1.52 target=(215.7, 240.5)
2025-12-07 18:32:15 [WARNING] pet_follower - Movement blocked by safety check
2025-12-07 18:32:15 [INFO] pet_follower - Smart snapshot movement=1.40 (dx=-1.4, dy=0.0) still=1.91 target=(214.3, 240.6)
2025-12-07 18:32:15 [WARNING] pet_follower - Movement blocked by safety check
2025-12-07 18:32:16 [INFO] pet_follower - Smart snapshot movement=0.17 (dx=-0.2, dy=-0.0) still=2.28 target=(214.1, 240.5)
2025-12-07 18:32:16 [WARNING] pet_follower - Movement blocked by safety check
2025-12-07 18:32:16 [INFO] pet_follower - Smart snapshot movement=1.09 (dx=1.1, dy=-0.0) still=2.66 target=(215.2, 240.5)
2025-12-07 18:32:16 [WARNING] pet_follower - Movement blocked by safety check
2025-12-07 18:32:17 [INFO] pet_follower - Smart snapshot movement=1.26 (dx=-1.3, dy=-0.0) still=3.06 target=(213.9, 240.5)
2025-12-07 18:32:17 [WARNING] pet_follower - Movement blocked by safety check
2025-12-07 18:32:17 [INFO] pet_follower - Smart snapshot movement=0.45 (dx=-0.4, dy=-0.0) still=3.46 target=(213.5, 240.5)
2025-12-07 18:32:17 [WARNING] pet_follower - Movement blocked by safety check
2025-12-07 18:32:17 [INFO] pet_follower - Smart snapshot movement=0.10 (dx=0.1, dy=0.0) still=3.86 target=(213.6, 240.5)
2025-12-07 18:32:17 [WARNING] pet_follower - Movement blocked by safety check
2025-12-07 18:32:18 [INFO] pet_follower - Smart snapshot movement=0.39 (dx=0.4, dy=0.0) still=4.24 target=(214.0, 240.5)
2025-12-07 18:32:18 [WARNING] pet_follower - Movement blocked by safety check
2025-12-07 18:33:40 [INFO] pet_follower - Motion controller initialized
2025-12-07 18:33:41 [INFO] pet_follower - Interaction ready with 2 celebration behaviors
2025-12-07 18:33:41 [INFO] pet_follower - Loading YOLO model from yolov8n.pt
2025-12-07 18:33:41 [INFO] pet_follower - Camera manager starting up
2025-12-07 18:33:41 [INFO] pet_follower - Web API server started
2025-12-07 18:33:42 [INFO] pet_follower - Picamera2 started with resolution 640x480 format=RGB888
2025-12-07 18:33:46 [INFO] pet_follower - Pet follower loop starting
2025-12-07 18:33:46 [WARNING] pet_follower - Movement blocked by safety check
2025-12-07 18:33:47 [INFO] pet_follower - Smart snapshot movement=0.36 (dx=0.4, dy=-0.0) still=0.38 target=(217.2, 240.0)
2025-12-07 18:33:47 [WARNING] pet_follower - Movement blocked by safety check
2025-12-07 18:33:47 [INFO] pet_follower - Smart snapshot movement=0.39 (dx=-0.4, dy=0.0) still=0.77 target=(216.8, 240.0)
2025-12-07 18:33:47 [WARNING] pet_follower - Movement blocked by safety check
2025-12-07 18:33:47 [INFO] pet_follower - Smart snapshot movement=0.30 (dx=0.3, dy=0.0) still=1.14 target=(217.1, 240.0)
2025-12-07 18:33:47 [WARNING] pet_follower - Movement blocked by safety check
2025-12-07 18:33:48 [INFO] pet_follower - Smart snapshot movement=0.18 (dx=-0.2, dy=0.0) still=1.53 target=(217.0, 240.1)
2025-12-07 18:33:48 [WARNING] pet_follower - Movement blocked by safety check
2025-12-07 18:33:48 [INFO] pet_follower - Smart snapshot movement=0.37 (dx=0.4, dy=0.0) still=1.91 target=(217.3, 240.1)
2025-12-07 18:33:48 [WARNING] pet_follower - Movement blocked by safety check
2025-12-07 18:33:49 [INFO] pet_follower - Smart snapshot movement=0.95 (dx=-0.9, dy=0.1) still=2.29 target=(216.4, 240.1)
2025-12-07 18:33:49 [WARNING] pet_follower - Obstacle 10.0 cm ahead - backing up
2025-12-07 18:33:49 [WARNING] pet_follower - Movement blocked by safety check
2025-12-07 18:33:49 [INFO] pet_follower - Smart snapshot movement=61.88 (dx=58.6, dy=19.9) still=2.88 target=(275.0, 260.0)
2025-12-07 18:33:49 [INFO] pet_follower - Target acquired; following
2025-12-07 18:33:50 [INFO] pet_follower - Smart snapshot movement=59.76 (dx=-57.6, dy=15.8) still=0.38 target=(217.3, 275.8)
2025-12-07 18:33:50 [WARNING] pet_follower - Obstacle 6.7 cm ahead - backing up
2025-12-07 18:33:50 [WARNING] pet_follower - Movement blocked by safety check
2025-12-07 18:33:50 [WARNING] pet_follower - Obstacle 6.3 cm ahead - backing up
2025-12-07 18:33:50 [WARNING] pet_follower - Movement blocked by safety check
2025-12-07 18:33:51 [WARNING] pet_follower - Movement blocked by safety check
2025-12-07 18:33:51 [INFO] pet_follower - Smart snapshot movement=10.66 (dx=-1.3, dy=10.6) still=0.37 target=(232.8, 250.2)
2025-12-07 18:33:51 [WARNING] pet_follower - Movement blocked by safety check
2025-12-07 18:33:51 [INFO] pet_follower - Smart snapshot movement=0.35 (dx=0.3, dy=0.1) still=0.74 target=(233.2, 250.3)
2025-12-07 18:33:51 [WARNING] pet_follower - Movement blocked by safety check
2025-12-07 18:33:52 [INFO] pet_follower - Smart snapshot movement=0.40 (dx=0.4, dy=-0.2) still=1.13 target=(233.5, 250.1)
2025-12-07 18:33:52 [WARNING] pet_follower - Movement blocked by safety check
2025-12-07 18:33:52 [INFO] pet_follower - Smart snapshot movement=0.55 (dx=-0.6, dy=-0.0) still=1.50 target=(233.0, 250.1)
2025-12-07 18:33:52 [WARNING] pet_follower - Movement blocked by safety check
2025-12-07 18:33:53 [INFO] pet_follower - Smart snapshot movement=0.05 (dx=-0.0, dy=-0.0) still=1.89 target=(232.9, 250.1)
2025-12-07 18:33:53 [WARNING] pet_follower - Movement blocked by safety check
2025-12-07 18:33:53 [INFO] pet_follower - Smart snapshot movement=1.98 (dx=2.0, dy=-0.1) still=2.27 target=(234.9, 250.1)
2025-12-07 18:33:53 [WARNING] pet_follower - Movement blocked by safety check
2025-12-07 18:33:53 [INFO] pet_follower - Smart snapshot movement=0.49 (dx=0.5, dy=-0.1) still=2.65 target=(235.4, 250.0)
2025-12-07 18:33:53 [WARNING] pet_follower - Movement blocked by safety check
2025-12-07 18:33:54 [INFO] pet_follower - Smart snapshot movement=1.93 (dx=-1.9, dy=0.1) still=3.03 target=(233.5, 250.1)
2025-12-07 18:33:54 [WARNING] pet_follower - Movement blocked by safety check
2025-12-07 18:33:54 [INFO] pet_follower - Smart snapshot movement=1.18 (dx=1.2, dy=0.0) still=3.40 target=(234.7, 250.1)
2025-12-07 18:33:54 [WARNING] pet_follower - Movement blocked by safety check
2025-12-07 18:33:55 [INFO] pet_follower - Smart snapshot movement=0.84 (dx=-0.8, dy=0.0) still=3.78 target=(233.8, 250.1)
2025-12-07 18:33:55 [WARNING] pet_follower - Movement blocked by safety check
2025-12-07 18:33:55 [INFO] pet_follower - Smart snapshot movement=0.91 (dx=0.9, dy=0.1) still=4.17 target=(234.7, 250.3)
2025-12-07 18:33:55 [WARNING] pet_follower - Movement blocked by safety check
2025-12-07 18:33:55 [INFO] pet_follower - Smart snapshot movement=0.27 (dx=0.2, dy=-0.2) still=4.54 target=(234.9, 250.1)
2025-12-07 18:33:55 [WARNING] pet_follower - Movement blocked by safety check
2025-12-07 18:33:56 [INFO] pet_follower - Smart snapshot movement=0.84 (dx=-0.8, dy=0.3) still=4.93 target=(234.1, 250.3)
2025-12-07 18:33:56 [WARNING] pet_follower - Movement blocked by safety check
2025-12-07 18:33:56 [INFO] pet_follower - Smart snapshot movement=0.62 (dx=-0.6, dy=0.0) still=5.31 target=(233.5, 250.3)
2025-12-07 18:33:56 [WARNING] pet_follower - Movement blocked by safety check
2025-12-07 18:33:56 [INFO] pet_follower - Smart snapshot movement=0.58 (dx=-0.6, dy=-0.1) still=5.69 target=(232.9, 250.2)
2025-12-07 18:33:56 [WARNING] pet_follower - Movement blocked by safety check
2025-12-07 18:33:57 [INFO] pet_follower - Smart snapshot movement=0.28 (dx=0.3, dy=0.1) still=6.06 target=(233.2, 250.3)
2025-12-07 18:33:57 [WARNING] pet_follower - Movement blocked by safety check
2025-12-07 18:33:57 [INFO] pet_follower - Smart snapshot movement=0.13 (dx=0.1, dy=0.1) still=6.45 target=(233.3, 250.3)
2025-12-07 18:33:57 [WARNING] pet_follower - Movement blocked by safety check
2025-12-07 18:33:58 [INFO] pet_follower - Smart snapshot movement=0.48 (dx=-0.5, dy=0.0) still=6.84 target=(232.8, 250.4)
2025-12-07 18:33:58 [WARNING] pet_follower - Movement blocked by safety check
2025-12-07 18:33:58 [INFO] pet_follower - Smart snapshot movement=0.11 (dx=0.1, dy=0.0) still=7.20 target=(233.0, 250.4)
2025-12-07 18:33:58 [WARNING] pet_follower - Movement blocked by safety check
2025-12-07 18:33:58 [INFO] pet_follower - Smart snapshot movement=0.42 (dx=-0.4, dy=0.0) still=7.57 target=(232.5, 250.4)
2025-12-07 18:33:58 [WARNING] pet_follower - Movement blocked by safety check
2025-12-07 18:33:59 [INFO] pet_follower - Smart snapshot movement=0.41 (dx=0.4, dy=-0.2) still=7.97 target=(232.9, 250.3)
2025-12-07 18:33:59 [WARNING] pet_follower - Movement blocked by safety check
2025-12-07 18:33:59 [INFO] pet_follower - Smart snapshot movement=0.07 (dx=-0.0, dy=0.1) still=8.36 target=(232.9, 250.3)
2025-12-07 18:33:59 [WARNING] pet_follower - Movement blocked by safety check
2025-12-07 18:33:59 [INFO] pet_follower - Smart snapshot movement=0.35 (dx=-0.3, dy=0.0) still=8.75 target=(232.5, 250.4)
2025-12-07 18:34:00 [WARNING] pet_follower - Movement blocked by safety check
2025-12-07 18:34:00 [INFO] pet_follower - Smart snapshot movement=0.02 (dx=0.0, dy=-0.0) still=9.13 target=(232.5, 250.4)
2025-12-07 18:34:00 [WARNING] pet_follower - Movement blocked by safety check
2025-12-07 18:34:00 [INFO] pet_follower - Smart snapshot movement=0.53 (dx=0.5, dy=0.0) still=9.51 target=(233.1, 250.4)
2025-12-07 18:34:00 [WARNING] pet_follower - Movement blocked by safety check
2025-12-07 18:34:01 [INFO] pet_follower - Smart snapshot movement=0.20 (dx=0.2, dy=-0.1) still=9.90 target=(233.2, 250.3)
2025-12-07 18:34:01 [WARNING] pet_follower - Movement blocked by safety check
2025-12-07 18:34:01 [INFO] pet_follower - Smart snapshot movement=0.82 (dx=0.8, dy=0.0) still=10.28 target=(234.1, 250.3)
2025-12-07 18:34:03 [INFO] pet_follower - Smart snapshot uploaded - pet resting
2025-12-07 18:34:03 [WARNING] pet_follower - Movement blocked by safety check
2025-12-07 18:34:04 [INFO] pet_follower - Smart snapshot movement=0.80 (dx=-0.8, dy=0.0) still=2.81 target=(233.3, 250.3)
2025-12-07 18:34:04 [WARNING] pet_follower - Movement blocked by safety check
2025-12-07 18:34:04 [INFO] pet_follower - Smart snapshot movement=0.43 (dx=0.4, dy=-0.1) still=3.21 target=(233.7, 250.2)
2025-12-07 18:34:04 [WARNING] pet_follower - Movement blocked by safety check
2025-12-07 18:34:05 [INFO] pet_follower - Smart snapshot movement=0.48 (dx=-0.5, dy=0.1) still=3.59 target=(233.2, 250.4)
2025-12-07 18:34:05 [WARNING] pet_follower - Movement blocked by safety check
2025-12-07 18:34:05 [INFO] pet_follower - Smart snapshot movement=0.28 (dx=0.1, dy=-0.3) still=3.97 target=(233.3, 250.1)
2025-12-07 18:34:05 [WARNING] pet_follower - Movement blocked by safety check
2025-12-07 18:34:05 [INFO] pet_follower - Smart snapshot movement=0.53 (dx=-0.5, dy=-0.0) still=4.35 target=(232.8, 250.1)
2025-12-07 18:34:05 [WARNING] pet_follower - Movement blocked by safety check
2025-12-07 18:34:06 [INFO] pet_follower - Smart snapshot movement=0.26 (dx=0.2, dy=0.2) still=4.71 target=(233.0, 250.3)
2025-12-07 18:34:06 [WARNING] pet_follower - Movement blocked by safety check
2025-12-07 18:34:06 [INFO] pet_follower - Smart snapshot movement=0.29 (dx=0.3, dy=0.1) still=5.10 target=(233.3, 250.4)
2025-12-07 18:34:06 [WARNING] pet_follower - Movement blocked by safety check
2025-12-07 18:34:07 [INFO] pet_follower - Smart snapshot movement=1.07 (dx=-1.1, dy=0.1) still=5.48 target=(232.2, 250.5)
2025-12-07 18:34:07 [WARNING] pet_follower - Movement blocked by safety check
2025-12-07 18:34:07 [INFO] pet_follower - Smart snapshot movement=0.10 (dx=-0.1, dy=-0.1) still=5.87 target=(232.1, 250.4)
2025-12-07 18:34:07 [WARNING] pet_follower - Movement blocked by safety check
2025-12-07 18:34:07 [INFO] pet_follower - Smart snapshot movement=0.29 (dx=-0.3, dy=-0.1) still=6.25 target=(231.8, 250.4)
2025-12-07 18:34:07 [WARNING] pet_follower - Movement blocked by safety check
2025-12-07 18:34:08 [INFO] pet_follower - Smart snapshot movement=0.20 (dx=0.1, dy=-0.1) still=6.63 target=(232.0, 250.2)
2025-12-07 18:34:08 [WARNING] pet_follower - Movement blocked by safety check
2025-12-07 18:34:08 [INFO] pet_follower - Smart snapshot movement=0.20 (dx=-0.1, dy=0.2) still=7.01 target=(231.9, 250.4)
2025-12-07 18:34:08 [WARNING] pet_follower - Movement blocked by safety check
2025-12-07 18:34:08 [INFO] pet_follower - Smart snapshot movement=0.47 (dx=-0.5, dy=0.0) still=7.39 target=(231.5, 250.4)
2025-12-07 18:34:08 [WARNING] pet_follower - Movement blocked by safety check
2025-12-07 18:34:09 [INFO] pet_follower - Smart snapshot movement=0.56 (dx=0.6, dy=0.0) still=7.78 target=(232.0, 250.5)
2025-12-07 18:34:09 [WARNING] pet_follower - Movement blocked by safety check
2025-12-07 18:34:09 [INFO] pet_follower - Smart snapshot movement=0.29 (dx=-0.3, dy=-0.0) still=8.16 target=(231.7, 250.5)
2025-12-07 18:34:09 [WARNING] pet_follower - Movement blocked by safety check
2025-12-07 18:34:10 [INFO] pet_follower - Smart snapshot movement=0.41 (dx=0.4, dy=0.1) still=8.54 target=(232.1, 250.5)
2025-12-07 18:34:10 [WARNING] pet_follower - Movement blocked by safety check
2025-12-07 18:34:10 [INFO] pet_follower - Smart snapshot movement=0.70 (dx=0.7, dy=0.0) still=8.92 target=(232.8, 250.5)
2025-12-07 18:34:10 [WARNING] pet_follower - Movement blocked by safety check
2025-12-07 18:34:10 [INFO] pet_follower - Smart snapshot movement=0.35 (dx=-0.2, dy=-0.3) still=9.29 target=(232.7, 250.2)
2025-12-07 18:34:10 [WARNING] pet_follower - Movement blocked by safety check
2025-12-07 18:34:11 [INFO] pet_follower - Smart snapshot movement=0.56 (dx=0.6, dy=0.1) still=9.67 target=(233.2, 250.3)
2025-12-07 18:34:11 [WARNING] pet_follower - Movement blocked by safety check
2025-12-07 18:34:11 [INFO] pet_follower - Smart snapshot movement=0.15 (dx=0.1, dy=-0.1) still=10.05 target=(233.3, 250.2)
2025-12-07 18:34:11 [WARNING] pet_follower - Movement blocked by safety check
2025-12-07 18:34:11 [INFO] pet_follower - Smart snapshot movement=0.36 (dx=0.4, dy=-0.1) still=10.45 target=(233.7, 250.1)
2025-12-07 18:34:11 [WARNING] pet_follower - Movement blocked by safety check
2025-12-07 18:34:12 [INFO] pet_follower - Smart snapshot movement=0.04 (dx=0.0, dy=0.0) still=10.83 target=(233.7, 250.2)
2025-12-07 18:34:12 [WARNING] pet_follower - Movement blocked by safety check
2025-12-07 18:34:12 [INFO] pet_follower - Smart snapshot movement=0.16 (dx=-0.1, dy=-0.1) still=11.21 target=(233.6, 250.1)
2025-12-07 18:34:12 [WARNING] pet_follower - Movement blocked by safety check
2025-12-07 18:34:13 [INFO] pet_follower - Smart snapshot movement=0.10 (dx=-0.0, dy=0.1) still=11.60 target=(233.6, 250.2)
2025-12-07 18:34:13 [WARNING] pet_follower - Movement blocked by safety check
2025-12-07 18:34:13 [INFO] pet_follower - Smart snapshot movement=0.19 (dx=0.2, dy=-0.0) still=11.98 target=(233.8, 250.1)
2025-12-07 18:34:13 [WARNING] pet_follower - Movement blocked by safety check
2025-12-07 18:34:13 [INFO] pet_follower - Smart snapshot movement=2.23 (dx=-2.2, dy=0.1) still=12.37 target=(231.5, 250.2)
2025-12-07 18:34:13 [WARNING] pet_follower - Movement blocked by safety check
2025-12-07 18:34:14 [INFO] pet_follower - Smart snapshot movement=0.79 (dx=0.7, dy=-0.3) still=12.76 target=(232.3, 249.9)
2025-12-07 18:34:14 [WARNING] pet_follower - Movement blocked by safety check
2025-12-07 18:34:14 [INFO] pet_follower - Smart snapshot movement=0.46 (dx=-0.4, dy=-0.2) still=13.15 target=(231.9, 249.7)
2025-12-07 18:34:14 [WARNING] pet_follower - Movement blocked by safety check
2025-12-07 18:34:15 [INFO] pet_follower - Smart snapshot movement=0.23 (dx=0.2, dy=0.1) still=13.54 target=(232.1, 249.8)
2025-12-07 18:34:15 [WARNING] pet_follower - Movement blocked by safety check
2025-12-07 18:34:15 [WARNING] pet_follower - Obstacle 7.0 cm ahead - backing up
2025-12-07 18:34:15 [WARNING] pet_follower - Movement blocked by safety check
2025-12-07 18:34:16 [WARNING] pet_follower - Movement blocked by safety check
2025-12-07 18:34:16 [INFO] pet_follower - Smart snapshot movement=131.81 (dx=-131.0, dy=-14.5) still=0.38 target=(197.0, 197.6)
2025-12-07 18:34:16 [WARNING] pet_follower - Movement blocked by safety check
2025-12-07 18:34:16 [INFO] pet_follower - Smart snapshot movement=4.32 (dx=4.3, dy=-0.5) still=0.39 target=(201.3, 197.1)
2025-12-07 18:34:16 [WARNING] pet_follower - Movement blocked by safety check
2025-12-07 18:34:17 [INFO] pet_follower - Smart snapshot movement=18.57 (dx=12.6, dy=13.7) still=0.77 target=(213.8, 210.8)
2025-12-07 18:34:17 [WARNING] pet_follower - Movement blocked by safety check
2025-12-07 18:34:17 [INFO] pet_follower - Smart snapshot movement=10.63 (dx=-10.6, dy=-0.5) still=1.17 target=(203.2, 210.3)
2025-12-07 18:34:17 [WARNING] pet_follower - Movement blocked by safety check
2025-12-07 18:34:17 [INFO] pet_follower - Smart snapshot movement=42.62 (dx=-30.4, dy=29.9) still=1.54 target=(172.8, 240.2)
2025-12-07 18:34:18 [WARNING] pet_follower - Movement blocked by safety check
2025-12-07 18:34:18 [INFO] pet_follower - Smart snapshot movement=25.53 (dx=-24.9, dy=5.7) still=0.37 target=(147.9, 245.9)
2025-12-07 18:34:18 [WARNING] pet_follower - Movement blocked by safety check
2025-12-07 18:34:18 [INFO] pet_follower - Smart snapshot movement=2.41 (dx=-1.9, dy=1.5) still=0.74 target=(146.0, 247.4)
2025-12-07 18:34:18 [WARNING] pet_follower - Movement blocked by safety check
2025-12-07 18:34:19 [INFO] pet_follower - Smart snapshot movement=3.20 (dx=-1.0, dy=-3.1) still=1.12 target=(145.1, 244.3)
2025-12-07 18:34:19 [WARNING] pet_follower - Movement blocked by safety check
2025-12-07 18:34:19 [INFO] pet_follower - Smart snapshot movement=23.06 (dx=-1.2, dy=23.0) still=1.49 target=(143.9, 267.4)
2025-12-07 18:34:19 [WARNING] pet_follower - Movement blocked by safety check
2025-12-07 18:34:19 [INFO] pet_follower - Smart snapshot movement=8.64 (dx=0.6, dy=8.6) still=1.88 target=(144.5, 276.0)
2025-12-07 18:34:19 [WARNING] pet_follower - Movement blocked by safety check
2025-12-07 18:34:20 [INFO] pet_follower - Smart snapshot movement=7.52 (dx=2.0, dy=7.3) still=2.25 target=(146.4, 283.3)
2025-12-07 18:34:20 [WARNING] pet_follower - Movement blocked by safety check
2025-12-07 18:34:20 [INFO] pet_follower - Smart snapshot movement=0.07 (dx=-0.0, dy=0.1) still=2.63 target=(146.4, 283.3)
2025-12-07 18:34:20 [WARNING] pet_follower - Movement blocked by safety check
2025-12-07 18:34:21 [INFO] pet_follower - Smart snapshot movement=0.10 (dx=-0.0, dy=0.1) still=3.00 target=(146.4, 283.4)
2025-12-07 18:34:21 [WARNING] pet_follower - Movement blocked by safety check
2025-12-07 18:34:21 [INFO] pet_follower - Smart snapshot movement=0.04 (dx=0.0, dy=-0.0) still=3.38 target=(146.4, 283.4)
2025-12-07 18:34:21 [WARNING] pet_follower - Movement blocked by safety check
2025-12-07 18:34:21 [INFO] pet_follower - Smart snapshot movement=0.14 (dx=-0.1, dy=0.1) still=3.77 target=(146.4, 283.5)
2025-12-07 18:34:21 [WARNING] pet_follower - Movement blocked by safety check
2025-12-07 18:34:22 [INFO] pet_follower - Smart snapshot movement=0.05 (dx=-0.0, dy=-0.0) still=4.14 target=(146.3, 283.5)
2025-12-07 18:34:22 [WARNING] pet_follower - Movement blocked by safety check
2025-12-07 18:34:22 [INFO] pet_follower - Smart snapshot movement=0.03 (dx=0.0, dy=-0.0) still=4.51 target=(146.4, 283.5)
2025-12-07 18:34:22 [WARNING] pet_follower - Movement blocked by safety check
2025-12-07 18:34:22 [INFO] pet_follower - Smart snapshot movement=0.06 (dx=-0.0, dy=0.1) still=4.91 target=(146.4, 283.5)
2025-12-07 18:34:22 [WARNING] pet_follower - Movement blocked by safety check
2025-12-07 18:34:23 [INFO] pet_follower - Smart snapshot movement=0.05 (dx=0.1, dy=0.0) still=5.29 target=(146.4, 283.6)
2025-12-07 18:34:23 [WARNING] pet_follower - Movement blocked by safety check
2025-12-07 18:34:23 [INFO] pet_follower - Smart snapshot movement=0.05 (dx=-0.0, dy=-0.0) still=5.68 target=(146.4, 283.5)
2025-12-07 18:34:23 [WARNING] pet_follower - Movement blocked by safety check
2025-12-07 18:34:24 [INFO] pet_follower - Smart snapshot movement=0.06 (dx=-0.0, dy=-0.1) still=6.08 target=(146.4, 283.5)
2025-12-07 18:34:24 [WARNING] pet_follower - Movement blocked by safety check
2025-12-07 18:34:24 [INFO] pet_follower - Smart snapshot movement=0.11 (dx=-0.0, dy=0.1) still=6.46 target=(146.3, 283.6)
2025-12-07 18:34:24 [WARNING] pet_follower - Movement blocked by safety check
2025-12-07 18:34:24 [INFO] pet_follower - Smart snapshot movement=0.11 (dx=-0.0, dy=-0.1) still=6.86 target=(146.3, 283.5)
2025-12-07 18:34:24 [WARNING] pet_follower - Movement blocked by safety check
2025-12-07 18:34:25 [INFO] pet_follower - Smart snapshot movement=0.04 (dx=0.0, dy=-0.0) still=7.24 target=(146.3, 283.4)
2025-12-07 18:34:25 [WARNING] pet_follower - Movement blocked by safety check
2025-12-07 18:34:25 [INFO] pet_follower - Smart snapshot movement=0.11 (dx=0.1, dy=0.0) still=7.64 target=(146.4, 283.5)
2025-12-07 18:34:25 [WARNING] pet_follower - Movement blocked by safety check
2025-12-07 18:34:26 [INFO] pet_follower - Smart snapshot movement=0.09 (dx=-0.1, dy=-0.0) still=8.04 target=(146.3, 283.4)
2025-12-07 18:34:26 [WARNING] pet_follower - Movement blocked by safety check
2025-12-07 18:34:26 [INFO] pet_follower - Smart snapshot movement=0.10 (dx=0.0, dy=0.1) still=8.42 target=(146.4, 283.5)
2025-12-07 18:34:26 [WARNING] pet_follower - Movement blocked by safety check
2025-12-07 18:34:26 [INFO] pet_follower - Smart snapshot movement=0.08 (dx=0.0, dy=-0.1) still=8.80 target=(146.4, 283.4)
2025-12-07 18:34:26 [WARNING] pet_follower - Movement blocked by safety check
2025-12-07 18:34:27 [INFO] pet_follower - Smart snapshot movement=0.06 (dx=0.0, dy=-0.0) still=9.18 target=(146.4, 283.4)
2025-12-07 18:34:27 [WARNING] pet_follower - Movement blocked by safety check
2025-12-07 18:34:27 [INFO] pet_follower - Smart snapshot movement=0.06 (dx=0.0, dy=0.1) still=9.58 target=(146.4, 283.5)
2025-12-07 18:34:27 [WARNING] pet_follower - Movement blocked by safety check
2025-12-07 18:34:27 [INFO] pet_follower - Smart snapshot movement=0.02 (dx=0.0, dy=-0.0) still=9.95 target=(146.5, 283.5)
2025-12-07 18:34:27 [WARNING] pet_follower - Movement blocked by safety check
2025-12-07 18:34:28 [INFO] pet_follower - Smart snapshot movement=0.12 (dx=-0.0, dy=-0.1) still=10.33 target=(146.4, 283.3)
2025-12-07 18:34:28 [WARNING] pet_follower - Movement blocked by safety check
2025-12-07 18:34:28 [INFO] pet_follower - Smart snapshot movement=0.03 (dx=-0.0, dy=-0.0) still=10.70 target=(146.4, 283.3)
2025-12-07 18:34:28 [WARNING] pet_follower - Movement blocked by safety check
2025-12-07 18:34:29 [INFO] pet_follower - Smart snapshot movement=0.11 (dx=-0.0, dy=0.1) still=11.08 target=(146.4, 283.4)
2025-12-07 18:34:29 [WARNING] pet_follower - Movement blocked by safety check
2025-12-07 18:34:29 [INFO] pet_follower - Smart snapshot movement=0.06 (dx=0.0, dy=0.1) still=11.46 target=(146.4, 283.5)
2025-12-07 18:34:29 [WARNING] pet_follower - Movement blocked by safety check
2025-12-07 18:34:29 [INFO] pet_follower - Smart snapshot movement=0.06 (dx=-0.0, dy=-0.1) still=11.85 target=(146.4, 283.4)
2025-12-07 18:34:29 [WARNING] pet_follower - Movement blocked by safety check
2025-12-07 18:34:30 [INFO] pet_follower - Smart snapshot movement=0.03 (dx=0.0, dy=-0.0) still=12.24 target=(146.4, 283.4)
2025-12-07 18:34:30 [WARNING] pet_follower - Movement blocked by safety check
2025-12-07 18:34:30 [INFO] pet_follower - Smart snapshot movement=0.21 (dx=-0.0, dy=-0.2) still=12.62 target=(146.4, 283.2)
2025-12-07 18:34:30 [WARNING] pet_follower - Movement blocked by safety check
2025-12-07 18:34:30 [INFO] pet_follower - Smart snapshot movement=0.82 (dx=-0.1, dy=0.8) still=13.00 target=(146.3, 284.0)
2025-12-07 18:34:31 [WARNING] pet_follower - Movement blocked by safety check
2025-12-07 18:34:31 [INFO] pet_follower - Smart snapshot movement=0.11 (dx=-0.1, dy=0.1) still=13.40 target=(146.2, 284.1)
2025-12-07 18:34:31 [WARNING] pet_follower - Movement blocked by safety check
2025-12-07 18:34:31 [INFO] pet_follower - Smart snapshot movement=0.04 (dx=0.0, dy=-0.0) still=13.78 target=(146.2, 284.0)
2025-12-07 18:34:31 [WARNING] pet_follower - Movement blocked by safety check
2025-12-07 18:34:32 [INFO] pet_follower - Smart snapshot movement=0.07 (dx=0.0, dy=0.1) still=14.16 target=(146.3, 284.1)
2025-12-07 18:34:32 [WARNING] pet_follower - Movement blocked by safety check
2025-12-07 18:34:32 [INFO] pet_follower - Smart snapshot movement=0.11 (dx=-0.0, dy=-0.1) still=14.54 target=(146.2, 284.0)
2025-12-07 18:34:32 [WARNING] pet_follower - Movement blocked by safety check
2025-12-07 18:34:32 [INFO] pet_follower - Smart snapshot movement=0.03 (dx=0.0, dy=-0.0) still=14.91 target=(146.2, 284.0)
2025-12-07 18:34:32 [WARNING] pet_follower - Movement blocked by safety check
2025-12-07 18:34:33 [INFO] pet_follower - Smart snapshot movement=0.02 (dx=0.0, dy=-0.0) still=15.29 target=(146.3, 284.0)
2025-12-07 18:34:33 [WARNING] pet_follower - Movement blocked by safety check
2025-12-07 18:34:33 [INFO] pet_follower - Smart snapshot movement=0.02 (dx=-0.0, dy=-0.0) still=15.68 target=(146.3, 283.9)
2025-12-07 18:34:33 [WARNING] pet_follower - Movement blocked by safety check
2025-12-07 18:34:34 [INFO] pet_follower - Smart snapshot movement=0.04 (dx=0.0, dy=0.0) still=16.05 target=(146.3, 284.0)
2025-12-07 18:34:34 [WARNING] pet_follower - Movement blocked by safety check
2025-12-07 18:34:34 [INFO] pet_follower - Smart snapshot movement=0.03 (dx=-0.0, dy=-0.0) still=16.42 target=(146.2, 284.0)
2025-12-07 18:34:34 [WARNING] pet_follower - Movement blocked by safety check
2025-12-07 18:34:34 [INFO] pet_follower - Smart snapshot movement=0.03 (dx=0.0, dy=-0.0) still=16.81 target=(146.3, 284.0)
2025-12-07 18:34:34 [WARNING] pet_follower - Movement blocked by safety check
2025-12-07 18:34:35 [INFO] pet_follower - Smart snapshot movement=0.02 (dx=-0.0, dy=0.0) still=17.20 target=(146.3, 284.0)
2025-12-07 18:34:35 [WARNING] pet_follower - Movement blocked by safety check
2025-12-07 18:34:35 [INFO] pet_follower - Smart snapshot movement=0.09 (dx=-0.0, dy=0.1) still=17.59 target=(146.2, 284.0)
2025-12-07 18:34:35 [WARNING] pet_follower - Movement blocked by safety check
2025-12-07 18:34:35 [INFO] pet_follower - Smart snapshot movement=0.02 (dx=0.0, dy=-0.0) still=17.97 target=(146.2, 284.0)
2025-12-07 18:34:35 [WARNING] pet_follower - Movement blocked by safety check
2025-12-07 18:34:36 [INFO] pet_follower - Smart snapshot movement=0.04 (dx=0.0, dy=-0.0) still=18.37 target=(146.2, 284.0)
2025-12-07 18:34:36 [WARNING] pet_follower - Movement blocked by safety check
2025-12-07 18:35:34 [INFO] pet_follower - Motion controller initialized
2025-12-07 18:35:34 [INFO] pet_follower - Interaction ready with 2 celebration behaviors
2025-12-07 18:35:34 [INFO] pet_follower - Loading YOLO model from yolov8n.pt
2025-12-07 18:35:34 [INFO] pet_follower - Camera manager starting up
2025-12-07 18:35:34 [INFO] pet_follower - Web API server started
2025-12-07 18:35:35 [INFO] pet_follower - Picamera2 started with resolution 640x480 format=RGB888
2025-12-07 18:35:40 [INFO] pet_follower - Pet follower loop starting
2025-12-07 18:35:40 [INFO] pet_follower - Target acquired; following
2025-12-07 18:35:41 [INFO] pet_follower - Smart snapshot movement=1.03 (dx=0.0, dy=-1.0) still=0.38 target=(206.0, 330.6)
2025-12-07 18:35:41 [INFO] pet_follower - Smart snapshot movement=23.51 (dx=8.8, dy=-21.8) still=0.76 target=(214.7, 308.8)
2025-12-07 18:35:41 [WARNING] pet_follower - Movement blocked by safety check
2025-12-07 18:35:41 [INFO] pet_follower - Smart snapshot movement=122.28 (dx=114.9, dy=-41.9) still=1.13 target=(329.6, 266.9)
2025-12-07 18:35:41 [WARNING] pet_follower - Movement blocked by safety check
2025-12-07 18:35:42 [INFO] pet_follower - Smart snapshot movement=80.03 (dx=-78.4, dy=-16.1) still=0.37 target=(251.2, 250.8)
2025-12-07 18:35:42 [WARNING] pet_follower - Movement blocked by safety check
2025-12-07 18:35:42 [INFO] pet_follower - Smart snapshot movement=4.46 (dx=-4.5, dy=0.0) still=0.39 target=(246.7, 250.8)
2025-12-07 18:35:42 [WARNING] pet_follower - Movement blocked by safety check
2025-12-07 18:35:42 [INFO] pet_follower - Smart snapshot movement=0.06 (dx=-0.0, dy=0.0) still=0.76 target=(246.7, 250.9)
2025-12-07 18:35:42 [WARNING] pet_follower - Movement blocked by safety check
2025-12-07 18:35:43 [INFO] pet_follower - Smart snapshot movement=0.31 (dx=0.3, dy=-0.1) still=1.16 target=(247.0, 250.7)
2025-12-07 18:35:43 [WARNING] pet_follower - Movement blocked by safety check
2025-12-07 18:35:43 [INFO] pet_follower - Smart snapshot movement=0.11 (dx=-0.1, dy=0.1) still=1.54 target=(246.9, 250.8)
2025-12-07 18:35:43 [WARNING] pet_follower - Movement blocked by safety check
2025-12-07 18:35:44 [INFO] pet_follower - Smart snapshot movement=0.13 (dx=0.1, dy=-0.0) still=1.93 target=(247.0, 250.8)
2025-12-07 18:35:44 [WARNING] pet_follower - Movement blocked by safety check
2025-12-07 18:35:44 [INFO] pet_follower - Smart snapshot movement=0.15 (dx=-0.1, dy=0.0) still=2.34 target=(246.9, 250.8)
2025-12-07 18:35:44 [WARNING] pet_follower - Movement blocked by safety check
2025-12-07 18:35:44 [INFO] pet_follower - Smart snapshot movement=0.21 (dx=-0.1, dy=0.2) still=2.73 target=(246.7, 251.0)
2025-12-07 18:35:44 [WARNING] pet_follower - Movement blocked by safety check
2025-12-07 18:35:45 [INFO] pet_follower - Smart snapshot movement=0.52 (dx=0.5, dy=-0.1) still=3.10 target=(247.2, 250.8)
2025-12-07 18:35:45 [WARNING] pet_follower - Movement blocked by safety check
2025-12-07 18:35:45 [INFO] pet_follower - Smart snapshot movement=0.11 (dx=0.0, dy=0.1) still=3.51 target=(247.2, 250.9)
2025-12-07 18:35:45 [WARNING] pet_follower - Movement blocked by safety check
2025-12-07 18:35:46 [INFO] pet_follower - Smart snapshot movement=0.16 (dx=-0.0, dy=-0.2) still=3.90 target=(247.2, 250.8)
2025-12-07 18:35:46 [WARNING] pet_follower - Movement blocked by safety check
2025-12-07 18:35:46 [INFO] pet_follower - Smart snapshot movement=0.13 (dx=-0.1, dy=0.0) still=4.29 target=(247.1, 250.8)
2025-12-07 18:35:46 [WARNING] pet_follower - Movement blocked by safety check
2025-12-07 18:35:46 [INFO] pet_follower - Smart snapshot movement=0.07 (dx=-0.1, dy=0.0) still=4.67 target=(247.0, 250.8)
2025-12-07 18:35:46 [WARNING] pet_follower - Movement blocked by safety check
2025-12-07 18:35:47 [INFO] pet_follower - Smart snapshot movement=0.25 (dx=-0.2, dy=-0.1) still=5.06 target=(246.8, 250.8)
2025-12-07 18:35:47 [WARNING] pet_follower - Movement blocked by safety check
2025-12-07 18:35:47 [INFO] pet_follower - Smart snapshot movement=1.89 (dx=1.1, dy=1.5) still=5.45 target=(247.9, 252.3)
2025-12-07 18:35:47 [WARNING] pet_follower - Movement blocked by safety check
2025-12-07 18:35:47 [INFO] pet_follower - Smart snapshot movement=0.80 (dx=0.8, dy=0.1) still=5.82 target=(248.7, 252.4)
2025-12-07 18:35:47 [WARNING] pet_follower - Movement blocked by safety check
2025-12-07 18:35:48 [INFO] pet_follower - Smart snapshot movement=0.23 (dx=-0.2, dy=0.1) still=6.20 target=(248.5, 252.5)
2025-12-07 18:35:48 [WARNING] pet_follower - Movement blocked by safety check
2025-12-07 18:35:48 [INFO] pet_follower - Smart snapshot movement=1.49 (dx=1.5, dy=-0.1) still=6.58 target=(250.0, 252.5)
2025-12-07 18:35:48 [WARNING] pet_follower - Movement blocked by safety check
2025-12-07 18:35:49 [INFO] pet_follower - Smart snapshot movement=0.81 (dx=-0.8, dy=-0.1) still=6.95 target=(249.2, 252.4)
2025-12-07 18:35:49 [WARNING] pet_follower - Movement blocked by safety check
2025-12-07 18:35:49 [INFO] pet_follower - Smart snapshot movement=2.90 (dx=-2.6, dy=-1.4) still=7.34 target=(246.6, 251.1)
2025-12-07 18:35:49 [WARNING] pet_follower - Movement blocked by safety check
2025-12-07 18:35:49 [INFO] pet_follower - Smart snapshot movement=0.28 (dx=0.1, dy=-0.3) still=7.71 target=(246.7, 250.8)
2025-12-07 18:35:49 [WARNING] pet_follower - Movement blocked by safety check
2025-12-07 18:35:50 [INFO] pet_follower - Smart snapshot movement=2.95 (dx=2.6, dy=1.5) still=8.09 target=(249.3, 252.3)
2025-12-07 18:35:50 [WARNING] pet_follower - Movement blocked by safety check
2025-12-07 18:35:50 [INFO] pet_follower - Smart snapshot movement=0.66 (dx=-0.7, dy=0.1) still=8.51 target=(248.6, 252.4)
2025-12-07 18:35:50 [WARNING] pet_follower - Movement blocked by safety check
2025-12-07 18:35:51 [INFO] pet_follower - Smart snapshot movement=2.43 (dx=-1.9, dy=-1.5) still=8.90 target=(246.7, 250.9)
2025-12-07 18:35:51 [WARNING] pet_follower - Movement blocked by safety check
2025-12-07 18:35:51 [INFO] pet_follower - Smart snapshot movement=2.53 (dx=2.0, dy=1.5) still=9.28 target=(248.7, 252.4)
2025-12-07 18:35:51 [WARNING] pet_follower - Movement blocked by safety check
2025-12-07 18:35:51 [INFO] pet_follower - Smart snapshot movement=0.22 (dx=0.2, dy=-0.1) still=9.67 target=(248.9, 252.3)
2025-12-07 18:35:51 [WARNING] pet_follower - Movement blocked by safety check
2025-12-07 18:35:52 [INFO] pet_follower - Smart snapshot movement=0.41 (dx=-0.4, dy=-0.0) still=10.05 target=(248.5, 252.3)
2025-12-07 18:35:54 [INFO] pet_follower - Smart snapshot uploaded - pet resting
2025-12-07 18:35:54 [WARNING] pet_follower - Movement blocked by safety check
2025-12-07 18:35:54 [INFO] pet_follower - Smart snapshot movement=2.31 (dx=-1.7, dy=-1.6) still=2.65 target=(246.8, 250.7)
2025-12-07 18:35:54 [WARNING] pet_follower - Movement blocked by safety check
2025-12-07 18:35:55 [INFO] pet_follower - Smart snapshot movement=0.24 (dx=-0.2, dy=0.1) still=3.04 target=(246.6, 250.8)
2025-12-07 18:35:55 [WARNING] pet_follower - Movement blocked by safety check
2025-12-07 18:35:55 [INFO] pet_follower - Smart snapshot movement=2.52 (dx=2.1, dy=1.4) still=3.42 target=(248.7, 252.2)
2025-12-07 18:35:55 [WARNING] pet_follower - Movement blocked by safety check
2025-12-07 18:35:55 [INFO] pet_follower - Smart snapshot movement=0.49 (dx=0.5, dy=0.1) still=3.79 target=(249.2, 252.3)
2025-12-07 18:35:56 [WARNING] pet_follower - Movement blocked by safety check
2025-12-07 18:35:56 [INFO] pet_follower - Smart snapshot movement=0.17 (dx=-0.2, dy=0.0) still=4.16 target=(249.0, 252.3)
2025-12-07 18:35:56 [WARNING] pet_follower - Movement blocked by safety check
2025-12-07 18:35:56 [INFO] pet_follower - Smart snapshot movement=0.66 (dx=0.6, dy=-0.1) still=4.54 target=(249.6, 252.2)
2025-12-07 18:35:56 [WARNING] pet_follower - Movement blocked by safety check
2025-12-07 18:35:57 [INFO] pet_follower - Smart snapshot movement=0.31 (dx=-0.1, dy=0.3) still=4.91 target=(249.5, 252.5)
2025-12-07 18:35:57 [WARNING] pet_follower - Movement blocked by safety check
2025-12-07 18:35:57 [INFO] pet_follower - Smart snapshot movement=0.54 (dx=-0.5, dy=-0.2) still=5.28 target=(249.0, 252.3)
2025-12-07 18:35:57 [WARNING] pet_follower - Movement blocked by safety check
2025-12-07 18:35:57 [INFO] pet_follower - Smart snapshot movement=1.02 (dx=-1.0, dy=-0.3) still=5.66 target=(248.1, 252.0)
2025-12-07 18:35:57 [WARNING] pet_follower - Movement blocked by safety check
2025-12-07 18:35:58 [INFO] pet_follower - Smart snapshot movement=1.73 (dx=-1.5, dy=-1.0) still=6.03 target=(246.6, 251.0)
2025-12-07 18:35:58 [WARNING] pet_follower - Movement blocked by safety check
2025-12-07 18:35:58 [INFO] pet_follower - Smart snapshot movement=1.53 (dx=0.9, dy=1.2) still=6.42 target=(247.5, 252.3)
2025-12-07 18:35:58 [WARNING] pet_follower - Obstacle 9.6 cm ahead - backing up
2025-12-07 18:35:58 [WARNING] pet_follower - Movement blocked by safety check
2025-12-07 18:35:59 [WARNING] pet_follower - Movement blocked by safety check
2025-12-07 18:35:59 [WARNING] pet_follower - Movement blocked by safety check
2025-12-07 18:35:59 [INFO] pet_follower - Smart snapshot movement=18.43 (dx=18.4, dy=0.4) still=0.38 target=(415.7, 263.5)
2025-12-07 18:35:59 [WARNING] pet_follower - Movement blocked by safety check
2025-12-07 18:36:00 [INFO] pet_follower - Smart snapshot movement=9.35 (dx=-0.8, dy=9.3) still=0.75 target=(415.0, 272.9)
2025-12-07 18:36:00 [WARNING] pet_follower - Movement blocked by safety check
2025-12-07 18:36:00 [INFO] pet_follower - Smart snapshot movement=2.90 (dx=-0.2, dy=-2.9) still=1.12 target=(414.8, 270.0)
2025-12-07 18:36:00 [WARNING] pet_follower - Movement blocked by safety check
2025-12-07 18:36:01 [INFO] pet_follower - Smart snapshot movement=0.34 (dx=-0.2, dy=-0.2) still=1.49 target=(414.5, 269.7)
2025-12-07 18:36:01 [WARNING] pet_follower - Movement blocked by safety check
2025-12-07 18:36:01 [INFO] pet_follower - Smart snapshot movement=0.49 (dx=0.2, dy=-0.5) still=1.87 target=(414.7, 269.3)
2025-12-07 18:36:01 [WARNING] pet_follower - Movement blocked by safety check
2025-12-07 18:36:01 [INFO] pet_follower - Smart snapshot movement=0.41 (dx=-0.0, dy=0.4) still=2.24 target=(414.7, 269.7)
2025-12-07 18:36:01 [WARNING] pet_follower - Movement blocked by safety check
2025-12-07 18:36:02 [INFO] pet_follower - Smart snapshot movement=0.28 (dx=0.2, dy=-0.1) still=2.60 target=(414.9, 269.5)
2025-12-07 18:36:02 [WARNING] pet_follower - Movement blocked by safety check
2025-12-07 18:36:02 [INFO] pet_follower - Smart snapshot movement=0.18 (dx=-0.1, dy=-0.1) still=2.98 target=(414.8, 269.4)
2025-12-07 18:36:02 [WARNING] pet_follower - Movement blocked by safety check
2025-12-07 18:36:02 [INFO] pet_follower - Smart snapshot movement=0.40 (dx=0.1, dy=-0.4) still=3.35 target=(414.9, 269.0)
2025-12-07 18:36:02 [WARNING] pet_follower - Movement blocked by safety check
2025-12-07 18:36:03 [INFO] pet_follower - Smart snapshot movement=0.50 (dx=0.1, dy=0.5) still=3.72 target=(415.0, 269.5)
2025-12-07 18:36:03 [WARNING] pet_follower - Movement blocked by safety check
2025-12-07 18:36:03 [INFO] pet_follower - Smart snapshot movement=0.32 (dx=-0.3, dy=0.0) still=4.10 target=(414.7, 269.6)
2025-12-07 18:36:03 [WARNING] pet_follower - Movement blocked by safety check
2025-12-07 18:36:04 [INFO] pet_follower - Smart snapshot movement=0.11 (dx=0.1, dy=-0.1) still=4.50 target=(414.8, 269.5)
2025-12-07 18:36:04 [WARNING] pet_follower - Movement blocked by safety check
2025-12-07 18:36:04 [INFO] pet_follower - Smart snapshot movement=0.12 (dx=0.0, dy=0.1) still=4.87 target=(414.8, 269.6)
2025-12-07 18:36:04 [WARNING] pet_follower - Movement blocked by safety check
2025-12-07 18:36:04 [INFO] pet_follower - Smart snapshot movement=0.19 (dx=-0.2, dy=-0.1) still=5.25 target=(414.6, 269.5)
2025-12-07 18:36:04 [WARNING] pet_follower - Movement blocked by safety check
2025-12-07 18:36:05 [INFO] pet_follower - Smart snapshot movement=0.59 (dx=0.0, dy=-0.6) still=5.63 target=(414.6, 268.9)
2025-12-07 18:36:05 [WARNING] pet_follower - Movement blocked by safety check
2025-12-07 18:36:05 [INFO] pet_follower - Smart snapshot movement=0.18 (dx=-0.1, dy=0.2) still=6.02 target=(414.5, 269.1)
2025-12-07 18:36:05 [WARNING] pet_follower - Movement blocked by safety check
2025-12-07 18:36:06 [INFO] pet_follower - Smart snapshot movement=0.37 (dx=0.3, dy=0.2) still=6.42 target=(414.8, 269.3)
2025-12-07 18:36:06 [WARNING] pet_follower - Movement blocked by safety check
2025-12-07 18:36:06 [INFO] pet_follower - Smart snapshot movement=0.13 (dx=-0.1, dy=-0.1) still=6.81 target=(414.8, 269.2)
2025-12-07 18:36:06 [WARNING] pet_follower - Movement blocked by safety check
2025-12-07 18:36:06 [INFO] pet_follower - Smart snapshot movement=1.15 (dx=-0.8, dy=0.8) still=7.18 target=(414.0, 270.0)
2025-12-07 18:36:06 [WARNING] pet_follower - Movement blocked by safety check
2025-12-07 18:36:07 [INFO] pet_follower - Smart snapshot movement=1.42 (dx=-1.3, dy=0.6) still=7.55 target=(412.7, 270.6)
2025-12-07 18:36:07 [WARNING] pet_follower - Movement blocked by safety check
2025-12-07 18:36:07 [INFO] pet_follower - Smart snapshot movement=1.65 (dx=-0.6, dy=1.5) still=7.94 target=(412.0, 272.1)
2025-12-07 18:36:07 [WARNING] pet_follower - Movement blocked by safety check
2025-12-07 18:36:07 [INFO] pet_follower - Smart snapshot movement=4.11 (dx=-3.7, dy=-1.8) still=8.33 target=(408.3, 270.3)
2025-12-07 18:36:07 [WARNING] pet_follower - Movement blocked by safety check
2025-12-07 18:36:08 [INFO] pet_follower - Smart snapshot movement=14.91 (dx=-14.4, dy=3.8) still=8.70 target=(393.9, 274.1)
2025-12-07 18:36:08 [WARNING] pet_follower - Movement blocked by safety check
2025-12-07 18:36:08 [INFO] pet_follower - Smart snapshot movement=14.64 (dx=11.4, dy=-9.2) still=9.09 target=(405.3, 264.9)
2025-12-07 18:36:08 [WARNING] pet_follower - Movement blocked by safety check
2025-12-07 18:36:09 [INFO] pet_follower - Smart snapshot movement=1.98 (dx=0.1, dy=2.0) still=9.48 target=(405.4, 266.9)
2025-12-07 18:36:09 [WARNING] pet_follower - Movement blocked by safety check
2025-12-07 18:36:09 [INFO] pet_follower - Smart snapshot movement=0.11 (dx=0.0, dy=-0.1) still=9.87 target=(405.5, 266.8)
2025-12-07 18:36:09 [WARNING] pet_follower - Movement blocked by safety check
2025-12-07 18:36:09 [INFO] pet_follower - Smart snapshot movement=2.81 (dx=-0.5, dy=2.8) still=10.25 target=(405.0, 269.6)
2025-12-07 18:36:09 [WARNING] pet_follower - Movement blocked by safety check
2025-12-07 18:36:10 [INFO] pet_follower - Smart snapshot movement=3.38 (dx=0.4, dy=-3.4) still=10.62 target=(405.4, 266.2)
2025-12-07 18:36:10 [WARNING] pet_follower - Movement blocked by safety check
2025-12-07 18:36:10 [INFO] pet_follower - Smart snapshot movement=0.38 (dx=0.2, dy=-0.3) still=11.00 target=(405.6, 265.9)
2025-12-07 18:36:10 [WARNING] pet_follower - Movement blocked by safety check
2025-12-07 18:36:11 [INFO] pet_follower - Smart snapshot movement=11.35 (dx=-11.3, dy=-1.0) still=11.41 target=(394.3, 264.9)
2025-12-07 18:36:11 [WARNING] pet_follower - Movement blocked by safety check
2025-12-07 18:36:11 [INFO] pet_follower - Smart snapshot movement=18.91 (dx=3.7, dy=-18.5) still=11.79 target=(398.0, 246.3)
2025-12-07 18:36:11 [WARNING] pet_follower - Movement blocked by safety check
2025-12-07 18:36:11 [INFO] pet_follower - Smart snapshot movement=223.36 (dx=-220.7, dy=-34.1) still=12.19 target=(177.2, 212.3)
2025-12-07 18:36:11 [INFO] pet_follower - Motion-triggered recording (Δ 223px, rest 12s, speed 560.9px/s)
2025-12-07 18:36:11 [WARNING] pet_follower - Movement blocked by safety check
2025-12-07 18:36:12 [INFO] pet_follower - Smart snapshot movement=4.77 (dx=4.7, dy=0.7) still=0.37 target=(182.0, 213.0)
2025-12-07 18:36:12 [WARNING] pet_follower - Movement blocked by safety check
2025-12-07 18:36:12 [INFO] pet_follower - Smart snapshot movement=3.60 (dx=-3.6, dy=-0.3) still=0.77 target=(178.4, 212.7)
2025-12-07 18:36:12 [WARNING] pet_follower - Movement blocked by safety check
2025-12-07 18:36:12 [INFO] pet_follower - Smart snapshot movement=1.27 (dx=-1.1, dy=-0.6) still=1.18 target=(177.3, 212.1)
2025-12-07 18:36:12 [WARNING] pet_follower - Movement blocked by safety check
2025-12-07 18:36:13 [INFO] pet_follower - Smart snapshot movement=0.94 (dx=-0.9, dy=-0.0) still=1.58 target=(176.3, 212.0)
2025-12-07 18:36:13 [WARNING] pet_follower - Movement blocked by safety check
2025-12-07 18:36:13 [INFO] pet_follower - Smart snapshot movement=2.65 (dx=-2.3, dy=-1.3) still=1.97 target=(174.0, 210.8)
2025-12-07 18:36:13 [WARNING] pet_follower - Movement blocked by safety check
2025-12-07 18:36:14 [INFO] pet_follower - Smart snapshot movement=0.26 (dx=0.1, dy=0.2) still=2.34 target=(174.1, 211.0)
2025-12-07 18:36:14 [WARNING] pet_follower - Movement blocked by safety check
2025-12-07 18:36:14 [INFO] pet_follower - Smart snapshot movement=2.53 (dx=2.5, dy=0.5) still=2.73 target=(176.6, 211.5)
2025-12-07 18:36:14 [WARNING] pet_follower - Movement blocked by safety check
2025-12-07 18:36:14 [INFO] pet_follower - Smart snapshot movement=8.95 (dx=8.7, dy=2.0) still=3.12 target=(185.3, 213.5)
2025-12-07 18:36:14 [WARNING] pet_follower - Movement blocked by safety check
2025-12-07 18:36:15 [INFO] pet_follower - Smart snapshot movement=10.44 (dx=10.1, dy=2.8) still=3.51 target=(195.4, 216.3)
2025-12-07 18:36:15 [WARNING] pet_follower - Movement blocked by safety check
2025-12-07 18:36:15 [INFO] pet_follower - Smart snapshot movement=2.83 (dx=-2.7, dy=-0.8) still=3.89 target=(192.6, 215.5)
2025-12-07 18:36:15 [WARNING] pet_follower - Movement blocked by safety check
2025-12-07 18:36:16 [INFO] pet_follower - Smart snapshot movement=5.40 (dx=-5.2, dy=-1.4) still=4.31 target=(187.4, 214.1)
2025-12-07 18:36:16 [WARNING] pet_follower - Movement blocked by safety check
2025-12-07 18:36:16 [INFO] pet_follower - Smart snapshot movement=2.78 (dx=-2.8, dy=-0.2) still=4.68 target=(184.6, 213.9)
2025-12-07 18:36:16 [WARNING] pet_follower - Movement blocked by safety check
2025-12-07 18:36:16 [INFO] pet_follower - Smart snapshot movement=0.22 (dx=-0.2, dy=-0.0) still=5.07 target=(184.4, 213.8)
2025-12-07 18:36:16 [WARNING] pet_follower - Movement blocked by safety check
2025-12-07 18:36:17 [INFO] pet_follower - Smart snapshot movement=0.11 (dx=0.1, dy=0.1) still=5.44 target=(184.5, 213.9)
2025-12-07 18:36:17 [WARNING] pet_follower - Movement blocked by safety check
2025-12-07 18:36:17 [INFO] pet_follower - Smart snapshot movement=0.41 (dx=-0.1, dy=0.4) still=5.82 target=(184.4, 214.3)
2025-12-07 18:36:17 [WARNING] pet_follower - Movement blocked by safety check
2025-12-07 18:36:17 [INFO] pet_follower - Smart snapshot movement=0.05 (dx=-0.0, dy=-0.0) still=6.20 target=(184.4, 214.2)
2025-12-07 18:36:18 [WARNING] pet_follower - Movement blocked by safety check
2025-12-07 18:36:18 [INFO] pet_follower - Smart snapshot movement=0.12 (dx=-0.1, dy=0.0) still=6.59 target=(184.3, 214.3)
2025-12-07 18:36:18 [WARNING] pet_follower - Movement blocked by safety check
2025-12-07 18:36:18 [INFO] pet_follower - Smart snapshot movement=0.16 (dx=-0.2, dy=-0.0) still=6.98 target=(184.1, 214.3)
2025-12-07 18:36:18 [WARNING] pet_follower - Movement blocked by safety check
2025-12-07 18:36:19 [INFO] pet_follower - Smart snapshot movement=6.49 (dx=6.4, dy=1.2) still=7.37 target=(190.5, 215.4)
2025-12-07 18:36:19 [WARNING] pet_follower - Movement blocked by safety check
2025-12-07 18:36:19 [INFO] pet_follower - Smart snapshot movement=11.15 (dx=10.7, dy=3.0) still=7.76 target=(201.2, 218.4)
2025-12-07 18:36:19 [WARNING] pet_follower - Movement blocked by safety check
2025-12-07 18:36:19 [INFO] pet_follower - Smart snapshot movement=56.68 (dx=52.1, dy=22.3) still=8.14 target=(253.3, 240.7)
2025-12-07 18:36:19 [WARNING] pet_follower - Movement blocked by safety check
2025-12-07 18:36:20 [INFO] pet_follower - Smart snapshot movement=135.83 (dx=134.7, dy=17.6) still=0.37 target=(388.0, 258.4)
2025-12-07 18:36:20 [WARNING] pet_follower - Movement blocked by safety check
2025-12-07 18:36:20 [INFO] pet_follower - Smart snapshot movement=13.65 (dx=-1.1, dy=13.6) still=0.38 target=(386.9, 272.0)
2025-12-07 18:36:20 [WARNING] pet_follower - Movement blocked by safety check
2025-12-07 18:36:21 [INFO] pet_follower - Smart snapshot movement=4.69 (dx=3.1, dy=3.5) still=0.77 target=(390.0, 275.5)
2025-12-07 18:36:21 [WARNING] pet_follower - Movement blocked by safety check
2025-12-07 18:36:21 [INFO] pet_follower - Smart snapshot movement=6.78 (dx=4.6, dy=-5.0) still=1.15 target=(394.5, 270.5)
2025-12-07 18:36:21 [WARNING] pet_follower - Movement blocked by safety check
2025-12-07 18:36:21 [INFO] pet_follower - Smart snapshot movement=0.85 (dx=0.8, dy=-0.3) still=1.56 target=(395.3, 270.2)
2025-12-07 18:36:21 [WARNING] pet_follower - Movement blocked by safety check
2025-12-07 18:36:22 [INFO] pet_follower - Smart snapshot movement=1.25 (dx=-0.8, dy=1.0) still=1.94 target=(394.5, 271.2)
2025-12-07 18:36:22 [WARNING] pet_follower - Movement blocked by safety check
2025-12-07 18:36:22 [INFO] pet_follower - Smart snapshot movement=1.44 (dx=0.9, dy=1.1) still=2.33 target=(395.4, 272.3)
2025-12-07 18:36:22 [WARNING] pet_follower - Movement blocked by safety check
2025-12-07 18:36:23 [INFO] pet_follower - Smart snapshot movement=0.42 (dx=-0.4, dy=0.2) still=2.72 target=(395.0, 272.5)
2025-12-07 18:36:23 [WARNING] pet_follower - Movement blocked by safety check
2025-12-07 18:36:23 [INFO] pet_follower - Smart snapshot movement=0.39 (dx=-0.1, dy=-0.4) still=3.09 target=(394.9, 272.1)
2025-12-07 18:36:23 [WARNING] pet_follower - Movement blocked by safety check
2025-12-07 18:36:23 [INFO] pet_follower - Smart snapshot movement=0.27 (dx=0.3, dy=-0.0) still=3.46 target=(395.2, 272.1)
2025-12-07 18:36:23 [WARNING] pet_follower - Movement blocked by safety check
2025-12-07 18:36:24 [INFO] pet_follower - Smart snapshot movement=0.71 (dx=-0.2, dy=-0.7) still=3.83 target=(394.9, 271.4)
2025-12-07 18:36:24 [WARNING] pet_follower - Movement blocked by safety check
2025-12-07 18:36:24 [INFO] pet_follower - Smart snapshot movement=0.39 (dx=-0.0, dy=-0.4) still=4.20 target=(394.9, 271.0)
2025-12-07 18:36:24 [WARNING] pet_follower - Movement blocked by safety check
2025-12-07 18:36:24 [INFO] pet_follower - Smart snapshot movement=0.22 (dx=-0.2, dy=0.1) still=4.56 target=(394.8, 271.1)
2025-12-07 18:36:24 [WARNING] pet_follower - Movement blocked by safety check
2025-12-07 18:36:25 [INFO] pet_follower - Smart snapshot movement=7.92 (dx=-6.4, dy=4.7) still=4.92 target=(388.4, 275.8)
2025-12-07 18:36:25 [WARNING] pet_follower - Movement blocked by safety check
2025-12-07 18:36:25 [INFO] pet_follower - Smart snapshot movement=1.02 (dx=1.0, dy=0.2) still=5.31 target=(389.4, 276.0)
2025-12-07 18:36:25 [WARNING] pet_follower - Movement blocked by safety check
2025-12-07 18:36:25 [INFO] pet_follower - Smart snapshot movement=0.40 (dx=-0.3, dy=-0.3) still=5.68 target=(389.1, 275.8)
2025-12-07 18:36:25 [WARNING] pet_follower - Movement blocked by safety check
2025-12-07 18:36:26 [INFO] pet_follower - Smart snapshot movement=0.57 (dx=0.5, dy=0.3) still=6.06 target=(389.6, 276.0)
2025-12-07 18:36:26 [WARNING] pet_follower - Movement blocked by safety check
2025-12-07 18:36:26 [INFO] pet_follower - Smart snapshot movement=0.67 (dx=-0.6, dy=-0.4) still=6.44 target=(389.0, 275.7)
2025-12-07 18:36:26 [WARNING] pet_follower - Movement blocked by safety check
2025-12-07 18:36:27 [INFO] pet_follower - Smart snapshot movement=0.78 (dx=-0.7, dy=0.3) still=6.81 target=(388.3, 276.0)
2025-12-07 18:36:27 [WARNING] pet_follower - Movement blocked by safety check
